facility_id,facility_name,city,state,hospital_type,record_source,measure_code,condition_name,excess_readmission_ratio,predicted_readmission_rate,expected_readmission_rate,number_of_discharges,number_of_readmissions,is_suppressed
010001,SOUTHEAST HEALTH MEDICAL CENTER,DOTHAN,AL,Acute Care Hospitals,hospital_info,HF,Heart failure,1.0233,20.5695,20.101,653,136,False
010005,MARSHALL MEDICAL CENTERS,BOAZ,AL,Acute Care Hospitals,hospital_info,HF,Heart failure,1.0087,20.9512,20.77,164,35,False
010006,NORTH ALABAMA MEDICAL CENTER,FLORENCE,AL,Acute Care Hospitals,hospital_info,CABG,Coronary artery bypass graft surgery,1.0027,11.1697,11.1399,,,True
010006,NORTH ALABAMA MEDICAL CENTER,FLORENCE,AL,Acute Care Hospitals,hospital_info,COPD,Chronic obstructive pulmonary disease,1.052,19.1045,18.1604,174,37,False
010006,NORTH ALABAMA MEDICAL CENTER,FLORENCE,AL,Acute Care Hospitals,hospital_info,HIP-KNEE,Hip/knee replacement,1.0527,6.083,5.7783,,,True
010007,MIZELL MEMORIAL HOSPITAL,OPP,AL,Acute Care Hospitals,hospital_info,COPD,Chronic obstructive pulmonary disease,1.0232,16.5931,16.2168,,,True
010007,MIZELL MEMORIAL HOSPITAL,OPP,AL,Acute Care Hospitals,hospital_info,HF,Heart failure,1.062,19.6947,18.5446,39,12,False
010007,MIZELL MEMORIAL HOSPITAL,OPP,AL,Acute Care Hospitals,hospital_info,PN,Pneumonia,1.0345,16.336,15.7913,84,16,False
010008,CRENSHAW COMMUNITY HOSPITAL,,AL,,hrrp_fallback,PN,Pneumonia,1.0017,13.4114,13.3883,,,True
010011,ST. VINCENT'S EAST,BIRMINGHAM,AL,Acute Care Hospitals,hospital_info,CABG,Coronary artery bypass graft surgery,1.1213,12.5649,11.2054,63,11,False
010011,ST. VINCENT'S EAST,BIRMINGHAM,AL,Acute Care Hospitals,hospital_info,HF,Heart failure,1.0373,19.906,19.1894,268,56,False
010011,ST. VINCENT'S EAST,BIRMINGHAM,AL,Acute Care Hospitals,hospital_info,PN,Pneumonia,1.0102,16.1282,15.9654,281,46,False
010012,DEKALB REGIONAL MEDICAL CENTER,FORT PAYNE,AL,Acute Care Hospitals,hospital_info,AMI,Heart attack,1.0565,11.4786,10.865,,,True
010012,DEKALB REGIONAL MEDICAL CENTER,FORT PAYNE,AL,Acute Care Hospitals,hospital_info,HF,Heart failure,1.084,19.6001,18.0817,98,25,False
010012,DEKALB REGIONAL MEDICAL CENTER,FORT PAYNE,AL,Acute Care Hospitals,hospital_info,PN,Pneumonia,1.0206,15.253,14.9444,142,23,False
010016,SHELBY BAPTIST MEDICAL CENTER,ALABASTER,AL,Acute Care Hospitals,hospital_info,AMI,Heart attack,1.027,14.8776,14.4868,,,True
010016,SHELBY BAPTIST MEDICAL CENTER,ALABASTER,AL,Acute Care Hospitals,hospital_info,CABG,Coronary artery bypass graft surgery,1.0875,12.3307,11.339,,,True
010016,SHELBY BAPTIST MEDICAL CENTER,ALABASTER,AL,Acute Care Hospitals,hospital_info,HF,Heart failure,1.0053,20.1019,19.9957,212,43,False
010016,SHELBY BAPTIST MEDICAL CENTER,ALABASTER,AL,Acute Care Hospitals,hospital_info,HIP-KNEE,Hip/knee replacement,1.1004,6.2549,5.6843,,,True
010016,SHELBY BAPTIST MEDICAL CENTER,ALABASTER,AL,Acute Care Hospitals,hospital_info,PN,Pneumonia,1.0292,16.7023,16.2284,216,38,False
010019,HELEN KELLER HOSPITAL,SHEFFIELD,AL,Acute Care Hospitals,hospital_info,COPD,Chronic obstructive pulmonary disease,1.0327,17.547,16.991,169,32,False
010019,HELEN KELLER HOSPITAL,SHEFFIELD,AL,Acute Care Hospitals,hospital_info,HIP-KNEE,Hip/knee replacement,1.2168,5.4095,4.4458,,,True
010019,HELEN KELLER HOSPITAL,SHEFFIELD,AL,Acute Care Hospitals,hospital_info,PN,Pneumonia,1.0061,13.8755,13.7919,235,33,False
010021,DALE MEDICAL CENTER,OZARK,AL,Acute Care Hospitals,hospital_info,PN,Pneumonia,1.002,13.9025,13.8749,,,True
010023,BAPTIST MEDICAL CENTER SOUTH,MONTGOMERY,AL,Acute Care Hospitals,hospital_info,AMI,Heart attack,1.0084,14.2828,14.1632,186,27,False
010023,BAPTIST MEDICAL CENTER SOUTH,MONTGOMERY,AL,Acute Care Hospitals,hospital_info,CABG,Coronary artery bypass graft surgery,1.0851,11.598,10.688,,,True
010023,BAPTIST MEDICAL CENTER SOUTH,MONTGOMERY,AL,Acute Care Hospitals,hospital_info,COPD,Chronic obstructive pulmonary disease,1.0436,19.9666,19.1329,64,16,False
010023,BAPTIST MEDICAL CENTER SOUTH,MONTGOMERY,AL,Acute Care Hospitals,hospital_info,HF,Heart failure,1.0589,22.0595,20.8335,289,68,False
010023,BAPTIST MEDICAL CENTER SOUTH,MONTGOMERY,AL,Acute Care Hospitals,hospital_info,PN,Pneumonia,1.049,18.3401,17.4837,162,33,False
010024,JACKSON HOSPITAL & CLINIC INC,MONTGOMERY,AL,Acute Care Hospitals,hospital_info,AMI,Heart attack,1.0203,14.862,14.5665,141,22,False
010024,JACKSON HOSPITAL & CLINIC INC,MONTGOMERY,AL,Acute Care Hospitals,hospital_info,HF,Heart failure,1.0207,19.7846,19.3825,321,65,False
010024,JACKSON HOSPITAL & CLINIC INC,MONTGOMERY,AL,Acute Care Hospitals,hospital_info,PN,Pneumonia,1.0066,15.9827,15.8774,260,42,False
010029,THE EAST ALABAMA HEALTHCARE AUTHORITY,OPELIKA,AL,Acute Care Hospitals,hospital_info,AMI,Heart attack,1.0521,11.5674,10.9948,91,13,False
010029,THE EAST ALABAMA HEALTHCARE AUTHORITY,OPELIKA,AL,Acute Care Hospitals,hospital_info,HF,Heart failure,1.0273,18.6111,18.1163,253,49,False
010033,UNIVERSITY OF ALABAMA HOSPITAL,BIRMINGHAM,AL,Acute Care Hospitals,hospital_info,AMI,Heart attack,1.1901,17.2513,14.4954,295,60,False
010033,UNIVERSITY OF ALABAMA HOSPITAL,BIRMINGHAM,AL,Acute Care Hospitals,hospital_info,CABG,Coronary artery bypass graft surgery,1.2863,15.142,11.7722,358,61,False
010033,UNIVERSITY OF ALABAMA HOSPITAL,BIRMINGHAM,AL,Acute Care Hospitals,hospital_info,HIP-KNEE,Hip/knee replacement,1.3796,10.358,7.5079,,,True
010033,UNIVERSITY OF ALABAMA HOSPITAL,BIRMINGHAM,AL,Acute Care Hospitals,hospital_info,PN,Pneumonia,1.0983,17.1081,15.5775,343,65,False
010035,CULLMAN REGIONAL MEDICAL CENTER,CULLMAN,AL,Acute Care Hospitals,hospital_info,AMI,Heart attack,1.0488,12.9285,12.3267,,,True
010035,CULLMAN REGIONAL MEDICAL CENTER,CULLMAN,AL,Acute Care Hospitals,hospital_info,COPD,Chronic obstructive pulmonary disease,1.0725,17.5077,16.3246,137,29,False
010036,ANDALUSIA HEALTH,ANDALUSIA,AL,Acute Care Hospitals,hospital_info,HF,Heart failure,1.0426,21.7269,20.8389,133,32,False
010036,ANDALUSIA HEALTH,ANDALUSIA,AL,Acute Care Hospitals,hospital_info,HIP-KNEE,Hip/knee replacement,1.1547,6.3173,5.4708,,,True
010039,HUNTSVILLE HOSPITAL,HUNTSVILLE,AL,Acute Care Hospitals,hospital_info,HIP-KNEE,Hip/knee replacement,1.0436,6.9377,6.6479,,,True
010040,GADSDEN REGIONAL MEDICAL CENTER,GADSDEN,AL,Acute Care Hospitals,hospital_info,CABG,Coronary artery bypass graft surgery,1.1728,14.2767,12.1729,47,11,False
010040,GADSDEN REGIONAL MEDICAL CENTER,GADSDEN,AL,Acute Care Hospitals,hospital_info,HIP-KNEE,Hip/knee replacement,1.1146,5.9928,5.3767,,,True
010040,GADSDEN REGIONAL MEDICAL CENTER,GADSDEN,AL,Acute Care Hospitals,hospital_info,PN,Pneumonia,1.0159,16.9093,16.6453,248,43,False
010044,MARION REGIONAL MEDICAL CENTER,HAMILTON,AL,Acute Care Hospitals,hospital_info,PN,Pneumonia,1.0028,14.443,14.4034,,,True
010045,FAYETTE MEDICAL CENTER,FAYETTE,AL,Acute Care Hospitals,hospital_info,COPD,Chronic obstructive pulmonary disease,1.0117,16.1652,15.9787,,,True
010045,FAYETTE MEDICAL CENTER,FAYETTE,AL,Acute Care Hospitals,hospital_info,HF,Heart failure,1.0009,16.5419,16.5277,,,True
010046,RIVERVIEW REGIONAL MEDICAL CENTER,GADSDEN,AL,Acute Care Hospitals,hospital_info,AMI,Heart attack,1.0131,14.1243,13.9419,,,True
010046,RIVERVIEW REGIONAL MEDICAL CENTER,GADSDEN,AL,Acute Care Hospitals,hospital_info,COPD,Chronic obstructive pulmonary disease,1.0628,18.6955,17.591,99,23,False
010046,RIVERVIEW REGIONAL MEDICAL CENTER,GADSDEN,AL,Acute Care Hospitals,hospital_info,HF,Heart failure,1.106,23.0676,20.8569,275,71,False
010046,RIVERVIEW REGIONAL MEDICAL CENTER,GADSDEN,AL,Acute Care Hospitals,hospital_info,HIP-KNEE,Hip/knee replacement,1.0344,5.7642,5.5724,,,True
010046,RIVERVIEW REGIONAL MEDICAL CENTER,GADSDEN,AL,Acute Care Hospitals,hospital_info,PN,Pneumonia,1.1181,17.8297,15.9464,322,65,False
010049,MEDICAL CENTER ENTERPRISE,ENTERPRISE,AL,Acute Care Hospitals,hospital_info,COPD,Chronic obstructive pulmonary disease,1.0197,16.5552,16.2357,58,11,False
010052,LAKE MARTIN COMMUNITY HOSPITAL,DADEVILLE,AL,Acute Care Hospitals,hospital_info,PN,Pneumonia,1.0169,15.3222,15.0674,,,True
010055,FLOWERS HOSPITAL,DOTHAN,AL,Acute Care Hospitals,hospital_info,AMI,Heart attack,1.083,12.511,11.5523,264,37,False
010055,FLOWERS HOSPITAL,DOTHAN,AL,Acute Care Hospitals,hospital_info,CABG,Coronary artery bypass graft surgery,1.1266,12.1697,10.802,106,16,False
010055,FLOWERS HOSPITAL,DOTHAN,AL,Acute Care Hospitals,hospital_info,HIP-KNEE,Hip/knee replacement,1.3851,6.2042,4.4792,182,15,False
010055,FLOWERS HOSPITAL,DOTHAN,AL,Acute Care Hospitals,hospital_info,PN,Pneumonia,1.0375,15.4196,14.8628,302,49,False
010056,ST VINCENT'S BIRMINGHAM,BIRMINGHAM,AL,Acute Care Hospitals,hospital_info,AMI,Heart attack,1.0865,13.7718,12.6757,122,21,False
010056,ST VINCENT'S BIRMINGHAM,BIRMINGHAM,AL,Acute Care Hospitals,hospital_info,CABG,Coronary artery bypass graft surgery,1.0823,11.8986,10.994,75,11,False
010056,ST VINCENT'S BIRMINGHAM,BIRMINGHAM,AL,Acute Care Hospitals,hospital_info,HIP-KNEE,Hip/knee replacement,1.1136,6.4814,5.82,,,True
010056,ST VINCENT'S BIRMINGHAM,BIRMINGHAM,AL,Acute Care Hospitals,hospital_info,PN,Pneumonia,1.0772,16.2944,15.1266,393,69,False
010059,LAWRENCE MEDICAL CENTER,,AL,,hrrp_fallback,PN,Pneumonia,1.0061,16.4814,16.3816,,,True
010061,HIGHLANDS MEDICAL CENTER,SCOTTSBORO,AL,Acute Care Hospitals,hospital_info,COPD,Chronic obstructive pulmonary disease,1.0124,16.55,16.3472,,,True
010065,RUSSELL MEDICAL CENTER,ALEXANDER CITY,AL,Acute Care Hospitals,hospital_info,AMI,Heart attack,1.0124,13.5084,13.3432,,,True
010065,RUSSELL MEDICAL CENTER,ALEXANDER CITY,AL,Acute Care Hospitals,hospital_info,COPD,Chronic obstructive pulmonary disease,1.0214,15.0901,14.7739,,,True
010078,NORTHEAST ALABAMA REGIONAL MEDICAL CENTER,ANNISTON,AL,Acute Care Hospitals,hospital_info,AMI,Heart attack,1.1594,16.516,14.2458,189,39,False
010078,NORTHEAST ALABAMA REGIONAL MEDICAL CENTER,ANNISTON,AL,Acute Care Hospitals,hospital_info,HIP-KNEE,Hip/knee replacement,1.3369,6.4864,4.8517,195,16,False
010079,ATHENS LIMESTONE HOSPITAL,ATHENS,AL,Acute Care Hospitals,hospital_info,COPD,Chronic obstructive pulmonary disease,1.0154,17.2155,16.9544,104,19,False
010079,ATHENS LIMESTONE HOSPITAL,ATHENS,AL,Acute Care Hospitals,hospital_info,HIP-KNEE,Hip/knee replacement,1.0577,5.2252,4.9402,,,True
010079,ATHENS LIMESTONE HOSPITAL,ATHENS,AL,Acute Care Hospitals,hospital_info,PN,Pneumonia,1.0846,15.178,13.9945,176,32,False
010083,BALDWIN HEALTH,FOLEY,AL,Acute Care Hospitals,hospital_info,HF,Heart failure,1.0208,19.4535,19.058,270,54,False
010083,BALDWIN HEALTH,FOLEY,AL,Acute Care Hospitals,hospital_info,HIP-KNEE,Hip/knee replacement,1.2704,6.189,4.8716,,,True
010083,BALDWIN HEALTH,FOLEY,AL,Acute Care Hospitals,hospital_info,PN,Pneumonia,1.0109,14.8978,14.7365,257,39,False
010086,NORTH MISSISSIPPI HEALTH SERVICES - SOUTH MARION,WINFIELD,AL,Acute Care Hospitals,hospital_info,HF,Heart failure,1.0125,19.7087,19.4654,,,True
010087,USA HEALTH UNIVERSITY HOSPITAL,MOBILE,AL,Acute Care Hospitals,hospital_info,HF,Heart failure,1.0179,19.5004,19.1582,55,12,False
010089,WALKER BAPTIST MEDICAL CENTER,JASPER,AL,Acute Care Hospitals,hospital_info,COPD,Chronic obstructive pulmonary disease,1.0294,17.2788,16.7853,92,18,False
010089,WALKER BAPTIST MEDICAL CENTER,JASPER,AL,Acute Care Hospitals,hospital_info,HF,Heart failure,1.02,19.0566,18.6834,150,30,False
010090,"USA HEALTH HCA PROVIDENCE HOSPITAL, LLC",MOBILE,AL,Acute Care Hospitals,hospital_info,AMI,Heart attack,1.1374,13.972,12.2844,104,21,False
010090,"USA HEALTH HCA PROVIDENCE HOSPITAL, LLC",MOBILE,AL,Acute Care Hospitals,hospital_info,CABG,Coronary artery bypass graft surgery,1.0202,10.4751,10.2678,,,True
010090,"USA HEALTH HCA PROVIDENCE HOSPITAL, LLC",MOBILE,AL,Acute Care Hospitals,hospital_info,PN,Pneumonia,1.1208,16.4961,14.7188,221,44,False
010092,DCH REGIONAL MEDICAL CENTER,TUSCALOOSA,AL,Acute Care Hospitals,hospital_info,AMI,Heart attack,1.05,12.9555,12.3382,143,21,False
010092,DCH REGIONAL MEDICAL CENTER,TUSCALOOSA,AL,Acute Care Hospitals,hospital_info,COPD,Chronic obstructive pulmonary disease,1.1728,21.7994,18.5871,270,71,False
010092,DCH REGIONAL MEDICAL CENTER,TUSCALOOSA,AL,Acute Care Hospitals,hospital_info,HF,Heart failure,1.0331,19.315,18.6969,604,119,False
010092,DCH REGIONAL MEDICAL CENTER,TUSCALOOSA,AL,Acute Care Hospitals,hospital_info,PN,Pneumonia,1.066,16.3941,15.3797,584,100,False
010097,ELMORE COMMUNITY HOSPITAL,WETUMPKA,AL,Acute Care Hospitals,hospital_info,PN,Pneumonia,1.0135,14.2264,14.0373,,,True
010099,D W MCMILLAN MEMORIAL HOSPITAL,BREWTON,AL,Acute Care Hospitals,hospital_info,HF,Heart failure,1.0201,18.9299,18.5561,,,True
010100,THOMAS HOSPITAL,FAIRHOPE,AL,Acute Care Hospitals,hospital_info,CABG,Coronary artery bypass graft surgery,1.0243,11.191,10.9258,191,22,False
010100,THOMAS HOSPITAL,FAIRHOPE,AL,Acute Care Hospitals,hospital_info,COPD,Chronic obstructive pulmonary disease,1.0706,19.6305,18.3367,86,22,False
010100,THOMAS HOSPITAL,FAIRHOPE,AL,Acute Care Hospitals,hospital_info,HF,Heart failure,1.0637,20.3273,19.1099,342,74,False
010100,THOMAS HOSPITAL,FAIRHOPE,AL,Acute Care Hospitals,hospital_info,PN,Pneumonia,1.071,15.4713,14.4454,365,61,False
010101,CITIZENS BAPTIST MEDICAL CENTER,TALLADEGA,AL,Acute Care Hospitals,hospital_info,PN,Pneumonia,1.1161,18.9243,16.9559,50,17,False
010103,PRINCETON BAPTIST MEDICAL CENTER,BIRMINGHAM,AL,Acute Care Hospitals,hospital_info,AMI,Heart attack,1.0841,15.3506,14.1595,129,24,False
010103,PRINCETON BAPTIST MEDICAL CENTER,BIRMINGHAM,AL,Acute Care Hospitals,hospital_info,CABG,Coronary artery bypass graft surgery,1.0571,10.7371,10.1573,,,True
010104,GRANDVIEW MEDICAL CENTER,BIRMINGHAM,AL,Acute Care Hospitals,hospital_info,AMI,Heart attack,1.1078,15.1086,13.6381,190,34,False
010104,GRANDVIEW MEDICAL CENTER,BIRMINGHAM,AL,Acute Care Hospitals,hospital_info,CABG,Coronary artery bypass graft surgery,1.1539,12.6147,10.9322,121,19,False
010104,GRANDVIEW MEDICAL CENTER,BIRMINGHAM,AL,Acute Care Hospitals,hospital_info,HF,Heart failure,1.0113,20.3192,20.0927,621,127,False
010108,PRATTVILLE BAPTIST HOSPITAL,PRATTVILLE,AL,Acute Care Hospitals,hospital_info,HF,Heart failure,1.0447,19.887,19.0366,140,31,False
010112,WHITFIELD REGIONAL HOSPITAL,DEMOPOLIS,AL,Acute Care Hospitals,hospital_info,HF,Heart failure,1.0366,20.3663,19.6465,51,13,False
010113,MOBILE INFIRMARY MEDICAL CENTER,MOBILE,AL,Acute Care Hospitals,hospital_info,AMI,Heart attack,1.028,13.9653,13.585,126,19,False
010113,MOBILE INFIRMARY MEDICAL CENTER,MOBILE,AL,Acute Care Hospitals,hospital_info,COPD,Chronic obstructive pulmonary disease,1.096,21.1142,19.2645,152,39,False
010113,MOBILE INFIRMARY MEDICAL CENTER,MOBILE,AL,Acute Care Hospitals,hospital_info,HF,Heart failure,1.0838,21.8907,20.198,384,90,False
010118,VAUGHAN REGIONAL MEDICAL CENTER PARKWAY CAMPUS,SELMA,AL,Acute Care Hospitals,hospital_info,COPD,Chronic obstructive pulmonary disease,1.005,15.6829,15.6043,,,True
010118,VAUGHAN REGIONAL MEDICAL CENTER PARKWAY CAMPUS,SELMA,AL,Acute Care Hospitals,hospital_info,PN,Pneumonia,1.0838,17.4446,16.0952,95,22,False
010120,MONROE COUNTY HOSPITAL,,AL,,hrrp_fallback,HF,Heart failure,1.0209,16.3442,16.0103,,,True
010120,MONROE COUNTY HOSPITAL,,AL,,hrrp_fallback,PN,Pneumonia,1.0336,12.5379,12.1304,,,True
010125,LAKELAND COMMUNITY HOSPITAL,HALEYVILLE,AL,Acute Care Hospitals,hospital_info,HF,Heart failure,1.0081,14.9945,14.8739,,,True
010126,TROY REGIONAL MEDICAL CENTER,TROY,AL,Acute Care Hospitals,hospital_info,HF,Heart failure,1.0398,17.0072,16.356,,,True
010129,NORTH BALDWIN INFIRMARY,BAY MINETTE,AL,Acute Care Hospitals,hospital_info,PN,Pneumonia,1.0317,15.4522,14.9774,,,True
010130,ST VINCENT'S ST CLAIR,PELL CITY,AL,Acute Care Hospitals,hospital_info,HF,Heart failure,1.0602,18.614,17.5569,53,14,False
010130,ST VINCENT'S ST CLAIR,PELL CITY,AL,Acute Care Hospitals,hospital_info,PN,Pneumonia,1.0352,14.6532,14.1547,121,20,False
010131,CRESTWOOD MEDICAL CENTER,HUNTSVILLE,AL,Acute Care Hospitals,hospital_info,AMI,Heart attack,1.1265,15.3487,13.6249,123,25,False
010131,CRESTWOOD MEDICAL CENTER,HUNTSVILLE,AL,Acute Care Hospitals,hospital_info,HF,Heart failure,1.0878,20.7261,19.0534,255,59,False
010131,CRESTWOOD MEDICAL CENTER,HUNTSVILLE,AL,Acute Care Hospitals,hospital_info,PN,Pneumonia,1.0923,15.7908,14.4561,362,63,False
010139,BAPTIST HEALTH BROOKWOOD HOSPITAL,BIRMINGHAM,AL,Acute Care Hospitals,hospital_info,HF,Heart failure,1.0023,19.4458,19.4015,138,27,False
010144,SPRINGHILL MEDICAL CENTER,MOBILE,AL,Acute Care Hospitals,hospital_info,AMI,Heart attack,1.0069,13.1186,13.0293,,,True
010144,SPRINGHILL MEDICAL CENTER,MOBILE,AL,Acute Care Hospitals,hospital_info,COPD,Chronic obstructive pulmonary disease,1.0659,17.0108,15.9587,73,17,False
010144,SPRINGHILL MEDICAL CENTER,MOBILE,AL,Acute Care Hospitals,hospital_info,HF,Heart failure,1.0267,20.6312,20.0939,233,50,False
010148,EVERGREEN MEDICAL CENTER,EVERGREEN,AL,Acute Care Hospitals,hospital_info,PN,Pneumonia,1.0231,11.9557,11.6855,80,11,False
010149,BAPTIST MEDICAL CENTER EAST,MONTGOMERY,AL,Acute Care Hospitals,hospital_info,AMI,Heart attack,1.0127,12.4984,12.3421,,,True
010149,BAPTIST MEDICAL CENTER EAST,MONTGOMERY,AL,Acute Care Hospitals,hospital_info,HF,Heart failure,1.1038,21.4628,19.4438,269,65,False
010149,BAPTIST MEDICAL CENTER EAST,MONTGOMERY,AL,Acute Care Hospitals,hospital_info,PN,Pneumonia,1.04,15.456,14.8609,242,40,False
010158,RUSSELLVILLE HOSPITAL,RUSSELLVILLE,AL,Acute Care Hospitals,hospital_info,HIP-KNEE,Hip/knee replacement,1.2754,7.913,6.2042,,,True
010158,RUSSELLVILLE HOSPITAL,RUSSELLVILLE,AL,Acute Care Hospitals,hospital_info,PN,Pneumonia,1.0278,14.3681,13.9797,92,15,False
010164,COOSA VALLEY MEDICAL CENTER,SYLACAUGA,AL,Acute Care Hospitals,hospital_info,HF,Heart failure,1.0182,16.7733,16.474,76,14,False
010164,COOSA VALLEY MEDICAL CENTER,SYLACAUGA,AL,Acute Care Hospitals,hospital_info,PN,Pneumonia,1.1292,16.3326,14.4636,104,25,False
010168,JACK HUGHSTON MEMORIAL HOSPITAL,PHENIX CITY,AL,Acute Care Hospitals,hospital_info,HIP-KNEE,Hip/knee replacement,1.0187,4.7519,4.6647,,,True
010169,ATMORE COMMUNITY HOSPITAL,ATMORE,AL,Acute Care Hospitals,hospital_info,HF,Heart failure,1.038,17.7477,17.0981,,,True
020006,MAT-SU REGIONAL MEDICAL CENTER,PALMER,AK,Acute Care Hospitals,hospital_info,AMI,Heart attack,1.0635,14.2744,13.422,167,27,False
020006,MAT-SU REGIONAL MEDICAL CENTER,PALMER,AK,Acute Care Hospitals,hospital_info,HIP-KNEE,Hip/knee replacement,1.0287,6.6738,6.4876,,,True
020008,BARTLETT REGIONAL HOSPITAL,JUNEAU,AK,Acute Care Hospitals,hospital_info,COPD,Chronic obstructive pulmonary disease,1.0332,16.9642,16.4194,51,11,False
020008,BARTLETT REGIONAL HOSPITAL,JUNEAU,AK,Acute Care Hospitals,hospital_info,HF,Heart failure,1.0125,16.3844,16.1823,68,12,False
020012,FAIRBANKS MEMORIAL HOSPITAL,FAIRBANKS,AK,Acute Care Hospitals,hospital_info,AMI,Heart attack,1.0156,11.1351,10.9636,,,True
020012,FAIRBANKS MEMORIAL HOSPITAL,FAIRBANKS,AK,Acute Care Hospitals,hospital_info,HIP-KNEE,Hip/knee replacement,1.0329,3.645,3.5288,,,True
020017,ALASKA REGIONAL HOSPITAL,ANCHORAGE,AK,Acute Care Hospitals,hospital_info,CABG,Coronary artery bypass graft surgery,1.0817,9.9634,9.2108,,,True
020017,ALASKA REGIONAL HOSPITAL,ANCHORAGE,AK,Acute Care Hospitals,hospital_info,COPD,Chronic obstructive pulmonary disease,1.1043,19.4912,17.6508,75,22,False
020017,ALASKA REGIONAL HOSPITAL,ANCHORAGE,AK,Acute Care Hospitals,hospital_info,HF,Heart failure,1.0988,20.8572,18.982,226,54,False
020017,ALASKA REGIONAL HOSPITAL,ANCHORAGE,AK,Acute Care Hospitals,hospital_info,HIP-KNEE,Hip/knee replacement,1.1659,4.9774,4.269,427,23,False
020017,ALASKA REGIONAL HOSPITAL,ANCHORAGE,AK,Acute Care Hospitals,hospital_info,PN,Pneumonia,1.0835,16.432,15.1656,296,54,False
020024,CENTRAL PENINSULA GENERAL HOSPITAL,SOLDOTNA,AK,Acute Care Hospitals,hospital_info,COPD,Chronic obstructive pulmonary disease,1.1171,19.7889,17.7151,120,32,False
020024,CENTRAL PENINSULA GENERAL HOSPITAL,SOLDOTNA,AK,Acute Care Hospitals,hospital_info,HF,Heart failure,1.2271,23.1068,18.8301,181,57,False
020024,CENTRAL PENINSULA GENERAL HOSPITAL,SOLDOTNA,AK,Acute Care Hospitals,hospital_info,PN,Pneumonia,1.0009,15.3481,15.3338,169,26,False
020026,ALASKA NATIVE MEDICAL CENTER,ANCHORAGE,AK,Acute Care Hospitals,hospital_info,HF,Heart failure,1.0516,18.8819,17.9553,124,27,False
030002,BANNER - UNIVERSITY MEDICAL CENTER PHOENIX,PHOENIX,AZ,Acute Care Hospitals,hospital_info,HF,Heart failure,1.0702,23.0685,21.5548,290,72,False
030002,BANNER - UNIVERSITY MEDICAL CENTER PHOENIX,PHOENIX,AZ,Acute Care Hospitals,hospital_info,PN,Pneumonia,1.0239,17.3193,16.9157,239,43,False
030006,TUCSON MEDICAL CENTER,TUCSON,AZ,Acute Care Hospitals,hospital_info,AMI,Heart attack,1.2525,14.2316,11.3621,314,56,False
030006,TUCSON MEDICAL CENTER,TUCSON,AZ,Acute Care Hospitals,hospital_info,HF,Heart failure,1.1397,20.781,18.234,628,140,False
030006,TUCSON MEDICAL CENTER,TUCSON,AZ,Acute Care Hospitals,hospital_info,HIP-KNEE,Hip/knee replacement,1.1705,5.4806,4.6822,186,12,False
030007,VERDE VALLEY MEDICAL CENTER,COTTONWOOD,AZ,Acute Care Hospitals,hospital_info,AMI,Heart attack,1.0567,12.6559,11.9767,73,12,False
030010,ST. MARY'S HOSPITAL,TUCSON,AZ,Acute Care Hospitals,hospital_info,AMI,Heart attack,1.023,13.5077,13.2038,184,26,False
030010,ST. MARY'S HOSPITAL,TUCSON,AZ,Acute Care Hospitals,hospital_info,COPD,Chronic obstructive pulmonary disease,1.0287,15.0346,14.6155,,,True
030011,ST JOSEPH'S HOSPITAL,TUCSON,AZ,Acute Care Hospitals,hospital_info,AMI,Heart attack,1.0497,12.8711,12.2621,121,18,False
030011,ST JOSEPH'S HOSPITAL,TUCSON,AZ,Acute Care Hospitals,hospital_info,COPD,Chronic obstructive pulmonary disease,1.0074,15.693,15.5784,,,True
030012,YAVAPAI REGIONAL MEDICAL CENTER,PRESCOTT,AZ,Acute Care Hospitals,hospital_info,CABG,Coronary artery bypass graft surgery,1.0627,10.4113,9.7967,129,15,False
030012,YAVAPAI REGIONAL MEDICAL CENTER,PRESCOTT,AZ,Acute Care Hospitals,hospital_info,HF,Heart failure,1.0576,18.6356,17.6209,483,94,False
030012,YAVAPAI REGIONAL MEDICAL CENTER,PRESCOTT,AZ,Acute Care Hospitals,hospital_info,PN,Pneumonia,1.0532,13.7789,13.0835,687,98,False
030013,YUMA REGIONAL MEDICAL CENTER,YUMA,AZ,Acute Care Hospitals,hospital_info,HF,Heart failure,1.1265,20.4546,18.1572,530,117,False
030013,YUMA REGIONAL MEDICAL CENTER,YUMA,AZ,Acute Care Hospitals,hospital_info,HIP-KNEE,Hip/knee replacement,1.0112,6.2363,6.1671,,,True
030014,HONOR HEALTH JOHN C. LINCOLN MEDICAL CENTER,PHOENIX,AZ,Acute Care Hospitals,hospital_info,HF,Heart failure,1.0705,19.8571,18.5487,222,49,False
030014,HONOR HEALTH JOHN C. LINCOLN MEDICAL CENTER,PHOENIX,AZ,Acute Care Hospitals,hospital_info,HIP-KNEE,Hip/knee replacement,1.0012,5.614,5.6071,,,True
030016,BANNER CASA GRANDE MEDICAL CENTER,CASA GRANDE,AZ,Acute Care Hospitals,hospital_info,COPD,Chronic obstructive pulmonary disease,1.0108,13.9585,13.8091,,,True
030016,BANNER CASA GRANDE MEDICAL CENTER,CASA GRANDE,AZ,Acute Care Hospitals,hospital_info,HF,Heart failure,1.0672,19.4575,18.2317,197,43,False
030016,BANNER CASA GRANDE MEDICAL CENTER,CASA GRANDE,AZ,Acute Care Hospitals,hospital_info,PN,Pneumonia,1.0745,16.471,15.3286,329,59,False
030022,VALLEYWISE HEALTH MEDICAL CENTER,PHOENIX,AZ,Acute Care Hospitals,hospital_info,HF,Heart failure,1.0638,19.7462,18.5614,38,12,False
030022,VALLEYWISE HEALTH MEDICAL CENTER,PHOENIX,AZ,Acute Care Hospitals,hospital_info,PN,Pneumonia,1.0176,14.6565,14.4034,,,True
030023,FLAGSTAFF MEDICAL CENTER,FLAGSTAFF,AZ,Acute Care Hospitals,hospital_info,CABG,Coronary artery bypass graft surgery,1.0499,10.0907,9.6114,,,True
030023,FLAGSTAFF MEDICAL CENTER,FLAGSTAFF,AZ,Acute Care Hospitals,hospital_info,PN,Pneumonia,1.0491,14.565,13.8834,260,41,False
030024,ST JOSEPHS HOSPITAL AND MEDICAL CENTER,PHOENIX,AZ,Acute Care Hospitals,hospital_info,CABG,Coronary artery bypass graft surgery,1.0649,10.3145,9.6856,,,True
030024,ST JOSEPHS HOSPITAL AND MEDICAL CENTER,PHOENIX,AZ,Acute Care Hospitals,hospital_info,COPD,Chronic obstructive pulmonary disease,1.0173,14.6274,14.378,108,17,False
030024,ST JOSEPHS HOSPITAL AND MEDICAL CENTER,PHOENIX,AZ,Acute Care Hospitals,hospital_info,PN,Pneumonia,1.0131,14.994,14.7996,241,37,False
030030,ABRAZO CENTRAL CAMPUS,PHOENIX,AZ,Acute Care Hospitals,hospital_info,PN,Pneumonia,1.0229,15.5245,15.1774,74,13,False
030036,CHANDLER REGIONAL MEDICAL CENTER,CHANDLER,AZ,Acute Care Hospitals,hospital_info,AMI,Heart attack,1.0949,13.9811,12.7693,396,60,False
030036,CHANDLER REGIONAL MEDICAL CENTER,CHANDLER,AZ,Acute Care Hospitals,hospital_info,CABG,Coronary artery bypass graft surgery,1.0055,9.73,9.6766,163,16,False
030038,HONORHEALTH SCOTTSDALE OSBORN MEDICAL CENTER,SCOTTSDALE,AZ,Acute Care Hospitals,hospital_info,AMI,Heart attack,1.0426,12.8003,12.277,132,19,False
030038,HONORHEALTH SCOTTSDALE OSBORN MEDICAL CENTER,SCOTTSDALE,AZ,Acute Care Hospitals,hospital_info,HF,Heart failure,1.06,19.5874,18.4783,387,80,False
030038,HONORHEALTH SCOTTSDALE OSBORN MEDICAL CENTER,SCOTTSDALE,AZ,Acute Care Hospitals,hospital_info,PN,Pneumonia,1.023,15.408,15.0609,438,69,False
030043,CANYON VISTA MEDICAL CENTER,SIERRA VISTA,AZ,Acute Care Hospitals,hospital_info,AMI,Heart attack,1.0669,10.9087,10.2243,99,14,False
030043,CANYON VISTA MEDICAL CENTER,SIERRA VISTA,AZ,Acute Care Hospitals,hospital_info,COPD,Chronic obstructive pulmonary disease,1.0169,15.5041,15.2467,89,15,False
030043,CANYON VISTA MEDICAL CENTER,SIERRA VISTA,AZ,Acute Care Hospitals,hospital_info,HF,Heart failure,1.0009,18.5686,18.5526,172,32,False
030043,CANYON VISTA MEDICAL CENTER,SIERRA VISTA,AZ,Acute Care Hospitals,hospital_info,PN,Pneumonia,1.0555,14.4482,13.6882,301,47,False
030055,KINGMAN REGIONAL MEDICAL CENTER,KINGMAN,AZ,Acute Care Hospitals,hospital_info,HF,Heart failure,1.007,19.2004,19.0667,263,51,False
030055,KINGMAN REGIONAL MEDICAL CENTER,KINGMAN,AZ,Acute Care Hospitals,hospital_info,PN,Pneumonia,1.0141,15.172,14.9609,363,56,False
030061,BANNER BOSWELL MEDICAL CENTER,SUN CITY,AZ,Acute Care Hospitals,hospital_info,AMI,Heart attack,1.0917,14.0562,12.8757,260,41,False
030061,BANNER BOSWELL MEDICAL CENTER,SUN CITY,AZ,Acute Care Hospitals,hospital_info,CABG,Coronary artery bypass graft surgery,1.0321,10.9507,10.6097,166,19,False
030061,BANNER BOSWELL MEDICAL CENTER,SUN CITY,AZ,Acute Care Hospitals,hospital_info,HF,Heart failure,1.0647,21.0911,19.8096,770,167,False
030061,BANNER BOSWELL MEDICAL CENTER,SUN CITY,AZ,Acute Care Hospitals,hospital_info,PN,Pneumonia,1.0319,16.301,15.7963,895,148,False
030062,SUMMIT HEALTHCARE REGIONAL MEDICAL CENTER,SHOW LOW,AZ,Acute Care Hospitals,hospital_info,AMI,Heart attack,1.0202,9.6928,9.5008,,,True
030062,SUMMIT HEALTHCARE REGIONAL MEDICAL CENTER,SHOW LOW,AZ,Acute Care Hospitals,hospital_info,HIP-KNEE,Hip/knee replacement,1.0294,6.657,6.4669,,,True
030065,BANNER DESERT MEDICAL CENTER,MESA,AZ,Acute Care Hospitals,hospital_info,AMI,Heart attack,1.0183,12.6018,12.3755,207,27,False
030065,BANNER DESERT MEDICAL CENTER,MESA,AZ,Acute Care Hospitals,hospital_info,CABG,Coronary artery bypass graft surgery,1.0219,9.6221,9.4164,,,True
030065,BANNER DESERT MEDICAL CENTER,MESA,AZ,Acute Care Hospitals,hospital_info,COPD,Chronic obstructive pulmonary disease,1.0177,18.9941,18.6641,130,26,False
030065,BANNER DESERT MEDICAL CENTER,MESA,AZ,Acute Care Hospitals,hospital_info,PN,Pneumonia,1.1307,17.8738,15.8076,619,119,False
030069,HAVASU REGIONAL MEDICAL CENTER,LAKE HAVASU CITY,AZ,Acute Care Hospitals,hospital_info,CABG,Coronary artery bypass graft surgery,1.037,14.2846,13.7753,77,12,False
030069,HAVASU REGIONAL MEDICAL CENTER,LAKE HAVASU CITY,AZ,Acute Care Hospitals,hospital_info,HF,Heart failure,1.0174,19.6104,19.2741,218,44,False
030069,HAVASU REGIONAL MEDICAL CENTER,LAKE HAVASU CITY,AZ,Acute Care Hospitals,hospital_info,PN,Pneumonia,1.0129,15.0031,14.8127,241,37,False
030071,FORT DEFIANCE INDIAN HOSPITAL,FT. DEFIANCE,AZ,Acute Care Hospitals,hospital_info,HF,Heart failure,1.0421,19.9609,19.1545,,,True
030071,FORT DEFIANCE INDIAN HOSPITAL,FT. DEFIANCE,AZ,Acute Care Hospitals,hospital_info,PN,Pneumonia,1.0397,11.608,11.1645,,,True
030083,ABRAZO SCOTTSDALE CAMPUS,PHOENIX,AZ,Acute Care Hospitals,hospital_info,HF,Heart failure,1.0001,19.032,19.0294,63,12,False
030084,CHINLE COMPREHENSIVE HEALTH CARE FACILITY,CHINLE,AZ,Acute Care Hospitals,hospital_info,HF,Heart failure,1.0329,16.4194,15.8967,,,True
030084,CHINLE COMPREHENSIVE HEALTH CARE FACILITY,CHINLE,AZ,Acute Care Hospitals,hospital_info,PN,Pneumonia,1.0551,10.6106,10.0569,82,12,False
030085,NORTHWEST MEDICAL CENTER,TUCSON,AZ,Acute Care Hospitals,hospital_info,CABG,Coronary artery bypass graft surgery,1.0329,9.3933,9.0942,119,12,False
030085,NORTHWEST MEDICAL CENTER,TUCSON,AZ,Acute Care Hospitals,hospital_info,COPD,Chronic obstructive pulmonary disease,1.0291,16.9487,16.4695,94,18,False
030087,HONORHEALTH SCOTTSDALE SHEA MEDICAL CENTER,SCOTTSDALE,AZ,Acute Care Hospitals,hospital_info,AMI,Heart attack,1.0043,12.1212,12.0699,287,35,False
030087,HONORHEALTH SCOTTSDALE SHEA MEDICAL CENTER,SCOTTSDALE,AZ,Acute Care Hospitals,hospital_info,CABG,Coronary artery bypass graft surgery,1.1982,10.3798,8.6628,139,19,False
030087,HONORHEALTH SCOTTSDALE SHEA MEDICAL CENTER,SCOTTSDALE,AZ,Acute Care Hospitals,hospital_info,COPD,Chronic obstructive pulmonary disease,1.0635,17.715,16.6577,127,27,False
030087,HONORHEALTH SCOTTSDALE SHEA MEDICAL CENTER,SCOTTSDALE,AZ,Acute Care Hospitals,hospital_info,HF,Heart failure,1.0378,19.3729,18.6664,745,147,False
030087,HONORHEALTH SCOTTSDALE SHEA MEDICAL CENTER,SCOTTSDALE,AZ,Acute Care Hospitals,hospital_info,HIP-KNEE,Hip/knee replacement,1.0251,4.7182,4.6027,,,True
030087,HONORHEALTH SCOTTSDALE SHEA MEDICAL CENTER,SCOTTSDALE,AZ,Acute Care Hospitals,hospital_info,PN,Pneumonia,1.0559,15.299,14.4884,689,109,False
030088,BANNER BAYWOOD MEDICAL CENTER,MESA,AZ,Acute Care Hospitals,hospital_info,HIP-KNEE,Hip/knee replacement,1.039,6.5483,6.3025,,,True
030089,BANNER THUNDERBIRD MEDICAL CENTER,GLENDALE,AZ,Acute Care Hospitals,hospital_info,AMI,Heart attack,1.0136,13.7237,13.5399,148,21,False
030089,BANNER THUNDERBIRD MEDICAL CENTER,GLENDALE,AZ,Acute Care Hospitals,hospital_info,COPD,Chronic obstructive pulmonary disease,1.0189,17.8763,17.5455,121,23,False
030089,BANNER THUNDERBIRD MEDICAL CENTER,GLENDALE,AZ,Acute Care Hospitals,hospital_info,PN,Pneumonia,1.0071,16.6993,16.5822,578,97,False
030092,HONORHEALTH DEER VALLEY MEDICAL CENTER,PHOENIX,AZ,Acute Care Hospitals,hospital_info,AMI,Heart attack,1.0147,12.1937,12.0165,158,20,False
030092,HONORHEALTH DEER VALLEY MEDICAL CENTER,PHOENIX,AZ,Acute Care Hospitals,hospital_info,CABG,Coronary artery bypass graft surgery,1.1604,10.5257,9.0704,,,True
030092,HONORHEALTH DEER VALLEY MEDICAL CENTER,PHOENIX,AZ,Acute Care Hospitals,hospital_info,COPD,Chronic obstructive pulmonary disease,1.0243,17.1545,16.7472,89,17,False
030092,HONORHEALTH DEER VALLEY MEDICAL CENTER,PHOENIX,AZ,Acute Care Hospitals,hospital_info,HF,Heart failure,1.0534,20.4076,19.374,349,75,False
030092,HONORHEALTH DEER VALLEY MEDICAL CENTER,PHOENIX,AZ,Acute Care Hospitals,hospital_info,HIP-KNEE,Hip/knee replacement,1.2114,6.3195,5.2166,,,True
030093,BANNER DEL E. WEBB MEDICAL CENTER,SUN CITY WEST,AZ,Acute Care Hospitals,hospital_info,COPD,Chronic obstructive pulmonary disease,1.0316,18.2539,17.6951,223,43,False
030093,BANNER DEL E. WEBB MEDICAL CENTER,SUN CITY WEST,AZ,Acute Care Hospitals,hospital_info,PN,Pneumonia,1.0877,17.0138,15.6417,1054,185,False
030094,ABRAZO ARROWHEAD HOSPITAL,GLENDALE,AZ,Acute Care Hospitals,hospital_info,AMI,Heart attack,1.028,13.159,12.8011,339,46,False
030094,ABRAZO ARROWHEAD HOSPITAL,GLENDALE,AZ,Acute Care Hospitals,hospital_info,CABG,Coronary artery bypass graft surgery,1.0222,10.2899,10.0663,150,16,False
030094,ABRAZO ARROWHEAD HOSPITAL,GLENDALE,AZ,Acute Care Hospitals,hospital_info,COPD,Chronic obstructive pulmonary disease,1.0175,16.267,15.9867,60,11,False
030094,ABRAZO ARROWHEAD HOSPITAL,GLENDALE,AZ,Acute Care Hospitals,hospital_info,HF,Heart failure,1.0098,19.4552,19.2664,423,83,False
030101,WESTERN ARIZONA REGIONAL MEDICAL CENTER,BULLHEAD CITY,AZ,Acute Care Hospitals,hospital_info,COPD,Chronic obstructive pulmonary disease,1.0444,17.3301,16.5935,103,21,False
030103,MAYO CLINIC HOSPITAL,PHOENIX,AZ,Acute Care Hospitals,hospital_info,AMI,Heart attack,1.0191,13.4536,13.2018,253,35,False
030103,MAYO CLINIC HOSPITAL,PHOENIX,AZ,Acute Care Hospitals,hospital_info,CABG,Coronary artery bypass graft surgery,1.0827,10.9369,10.1015,91,12,False
030103,MAYO CLINIC HOSPITAL,PHOENIX,AZ,Acute Care Hospitals,hospital_info,HIP-KNEE,Hip/knee replacement,1.152,6.602,5.7311,157,12,False
030105,BANNER HEART HOSPITAL,MESA,AZ,Acute Care Hospitals,hospital_info,CABG,Coronary artery bypass graft surgery,1.1004,10.8029,9.8176,190,23,False
030108,THE CORE INSTITUTE SPECIALTY HOSP,PHOENIX,AZ,Acute Care Hospitals,hospital_info,HIP-KNEE,Hip/knee replacement,1.0051,4.7365,4.7123,,,True
030110,ABRAZO WEST CAMPUS,GOODYEAR,AZ,Acute Care Hospitals,hospital_info,AMI,Heart attack,1.0025,11.4018,11.3729,148,17,False
030110,ABRAZO WEST CAMPUS,GOODYEAR,AZ,Acute Care Hospitals,hospital_info,PN,Pneumonia,1.0396,15.8074,15.2057,319,53,False
030111,BANNER-UNIVERSITY MEDICAL CENTER SOUTH CAMPUS,TUCSON,AZ,Acute Care Hospitals,hospital_info,AMI,Heart attack,1.0419,18.379,17.6403,,,True
030112,ARIZONA ORTHOPEDIC AND SURGICAL SPECIALTY HOSPITAL,PHOENIX,AZ,Acute Care Hospitals,hospital_info,HIP-KNEE,Hip/knee replacement,1.2591,5.131,4.075,261,16,False
030114,ORO VALLEY HOSPITAL,ORO VALLEY,AZ,Acute Care Hospitals,hospital_info,AMI,Heart attack,1.0231,10.6788,10.438,,,True
030115,BANNER ESTRELLA MEDICAL CENTER,PHOENIX,AZ,Acute Care Hospitals,hospital_info,CABG,Coronary artery bypass graft surgery,1.0156,10.3821,10.2227,,,True
030115,BANNER ESTRELLA MEDICAL CENTER,PHOENIX,AZ,Acute Care Hospitals,hospital_info,COPD,Chronic obstructive pulmonary disease,1.0232,17.1642,16.7755,72,14,False
030115,BANNER ESTRELLA MEDICAL CENTER,PHOENIX,AZ,Acute Care Hospitals,hospital_info,HF,Heart failure,1.0283,20.4477,19.8841,303,64,False
030115,BANNER ESTRELLA MEDICAL CENTER,PHOENIX,AZ,Acute Care Hospitals,hospital_info,PN,Pneumonia,1.0038,16.363,16.3007,304,50,False
030117,VALLEY VIEW MEDICAL CENTER,FORT MOHAVE,AZ,Acute Care Hospitals,hospital_info,COPD,Chronic obstructive pulmonary disease,1.0003,14.2215,14.2169,,,True
030119,MERCY GILBERT MEDICAL CENTER,GILBERT,AZ,Acute Care Hospitals,hospital_info,AMI,Heart attack,1.0629,14.9451,14.0603,146,25,False
030119,MERCY GILBERT MEDICAL CENTER,GILBERT,AZ,Acute Care Hospitals,hospital_info,HF,Heart failure,1.0685,21.5966,20.2116,459,104,False
030121,HONORHEALTH FOUR PEAKS MEDICAL CENTER,MESA,AZ,Acute Care Hospitals,hospital_info,HIP-KNEE,Hip/knee replacement,1.1183,5.259,4.7028,,,True
030122,BANNER GATEWAY MEDICAL CENTER,GILBERT,AZ,Acute Care Hospitals,hospital_info,COPD,Chronic obstructive pulmonary disease,1.0243,15.4022,15.0372,,,True
030123,HONORHEALTH SCOTTSDALE THOMPSON PEAK MED CTR,SCOTTSDALE,AZ,Acute Care Hospitals,hospital_info,AMI,Heart attack,1.0471,11.261,10.7548,122,16,False
030123,HONORHEALTH SCOTTSDALE THOMPSON PEAK MED CTR,SCOTTSDALE,AZ,Acute Care Hospitals,hospital_info,HIP-KNEE,Hip/knee replacement,1.1533,6.1436,5.3268,250,17,False
030123,HONORHEALTH SCOTTSDALE THOMPSON PEAK MED CTR,SCOTTSDALE,AZ,Acute Care Hospitals,hospital_info,PN,Pneumonia,1.0306,15.0413,14.5946,379,59,False
030130,BANNER IRONWOOD MEDICAL CENTER,QUEEN CREEK,AZ,Acute Care Hospitals,hospital_info,COPD,Chronic obstructive pulmonary disease,1.0849,19.4761,17.9519,41,14,False
030130,BANNER IRONWOOD MEDICAL CENTER,QUEEN CREEK,AZ,Acute Care Hospitals,hospital_info,PN,Pneumonia,1.0082,15.2896,15.1657,245,38,False
030134,BANNER GOLDFIELD MEDICAL CENTER,APACHE JUNCTION,AZ,Acute Care Hospitals,hospital_info,HF,Heart failure,1.0135,16.4092,16.19,,,True
030139,DIGNITY HEALTH ARIZONA GENERAL HOSPITAL,MESA,AZ,Acute Care Hospitals,hospital_info,COPD,Chronic obstructive pulmonary disease,1.0056,13.5734,13.4974,,,True
030146,HONORHEALTH SONORAN CROSSING MEDICAL CENTER,PHOENIX,AZ,Acute Care Hospitals,hospital_info,HF,Heart failure,1.1137,19.8981,17.8665,97,27,False
030146,HONORHEALTH SONORAN CROSSING MEDICAL CENTER,PHOENIX,AZ,Acute Care Hospitals,hospital_info,HIP-KNEE,Hip/knee replacement,1.0631,5.116,4.8122,,,True
030146,HONORHEALTH SONORAN CROSSING MEDICAL CENTER,PHOENIX,AZ,Acute Care Hospitals,hospital_info,PN,Pneumonia,1.062,14.8581,13.99,155,27,False
030147,BANNER OCOTILLO MEDICAL CENTER,CHANDLER,AZ,Acute Care Hospitals,hospital_info,HF,Heart failure,1.0448,19.1458,18.3251,109,24,False
030147,BANNER OCOTILLO MEDICAL CENTER,CHANDLER,AZ,Acute Care Hospitals,hospital_info,PN,Pneumonia,1.138,15.6475,13.7498,201,40,False
030148,NORTHWEST MEDICAL CENTER SAHUARITA,SAHUARITA,AZ,Acute Care Hospitals,hospital_info,AMI,Heart attack,1.087,11.2193,10.3217,,,True
030148,NORTHWEST MEDICAL CENTER SAHUARITA,SAHUARITA,AZ,Acute Care Hospitals,hospital_info,HF,Heart failure,1.002,16.779,16.7453,172,29,False
030148,NORTHWEST MEDICAL CENTER SAHUARITA,SAHUARITA,AZ,Acute Care Hospitals,hospital_info,PN,Pneumonia,1.0261,12.8499,12.5228,244,33,False
040001,SILOAM SPRINGS REGIONAL HOSPITAL,SILOAM SPRINGS,AR,Acute Care Hospitals,hospital_info,HF,Heart failure,1.0042,18.3292,18.2524,,,True
040001,SILOAM SPRINGS REGIONAL HOSPITAL,SILOAM SPRINGS,AR,Acute Care Hospitals,hospital_info,PN,Pneumonia,1.0123,13.102,12.9429,78,11,False
040002,JOHNSON REGIONAL MEDICAL CENTER,CLARKSVILLE,AR,Acute Care Hospitals,hospital_info,COPD,Chronic obstructive pulmonary disease,1.0035,13.4039,13.3578,,,True
040002,JOHNSON REGIONAL MEDICAL CENTER,CLARKSVILLE,AR,Acute Care Hospitals,hospital_info,PN,Pneumonia,1.0783,13.6726,12.6793,103,19,False
040004,WASHINGTON REGIONAL MEDICAL CENTER,FAYETTEVILLE,AR,Acute Care Hospitals,hospital_info,HIP-KNEE,Hip/knee replacement,1.0093,6.1048,6.0483,,,True
040007,CHI-ST VINCENT INFIRMARY,LITTLE ROCK,AR,Acute Care Hospitals,hospital_info,HF,Heart failure,1.0205,20.1138,19.709,455,93,False
040007,CHI-ST VINCENT INFIRMARY,LITTLE ROCK,AR,Acute Care Hospitals,hospital_info,PN,Pneumonia,1.0172,16.3978,16.1203,304,51,False
040010,MERCY HOSPITAL NORTHWEST ARKANSAS,ROGERS,AR,Acute Care Hospitals,hospital_info,CABG,Coronary artery bypass graft surgery,1.0202,9.8718,9.6765,,,True
040010,MERCY HOSPITAL NORTHWEST ARKANSAS,ROGERS,AR,Acute Care Hospitals,hospital_info,PN,Pneumonia,1.0527,15.8404,15.0469,452,75,False
040011,CHAMBERS MEMORIAL HOSPITAL,DANVILLE,AR,Acute Care Hospitals,hospital_info,COPD,Chronic obstructive pulmonary disease,1.0203,15.3479,15.043,,,True
040011,CHAMBERS MEMORIAL HOSPITAL,DANVILLE,AR,Acute Care Hospitals,hospital_info,PN,Pneumonia,1.007,14.9215,14.8183,131,20,False
040014,WHITE COUNTY MEDICAL CENTER,SEARCY,AR,Acute Care Hospitals,hospital_info,COPD,Chronic obstructive pulmonary disease,1.1132,20.3474,18.2783,216,52,False
040014,WHITE COUNTY MEDICAL CENTER,SEARCY,AR,Acute Care Hospitals,hospital_info,HF,Heart failure,1.0044,18.9598,18.877,357,68,False
040014,WHITE COUNTY MEDICAL CENTER,SEARCY,AR,Acute Care Hospitals,hospital_info,PN,Pneumonia,1.1147,17.7368,15.9116,545,104,False
040016,University of Arkansas Medical Sciences,LITTLE ROCK,AR,Acute Care Hospitals,hospital_info,AMI,Heart attack,1.0489,15.955,15.2108,53,11,False
040017,NORTH ARKANSAS REGIONAL MEDICAL CENTER,HARRISON,AR,Acute Care Hospitals,hospital_info,HIP-KNEE,Hip/knee replacement,1.0261,4.1774,4.0713,,,True
040017,NORTH ARKANSAS REGIONAL MEDICAL CENTER,HARRISON,AR,Acute Care Hospitals,hospital_info,PN,Pneumonia,1.0204,13.2275,12.9626,217,30,False
040019,FORREST CITY MEDICAL CENTER,FORREST CITY,AR,Acute Care Hospitals,hospital_info,PN,Pneumonia,1.0071,12.7915,12.702,,,True
040020,ST BERNARDS MEDICAL CENTER,JONESBORO,AR,Acute Care Hospitals,hospital_info,AMI,Heart attack,1.0224,13.7661,13.4644,246,35,False
040020,ST BERNARDS MEDICAL CENTER,JONESBORO,AR,Acute Care Hospitals,hospital_info,CABG,Coronary artery bypass graft surgery,1.2153,13.431,11.0516,118,21,False
040020,ST BERNARDS MEDICAL CENTER,JONESBORO,AR,Acute Care Hospitals,hospital_info,COPD,Chronic obstructive pulmonary disease,1.0715,19.3312,18.041,413,85,False
040020,ST BERNARDS MEDICAL CENTER,JONESBORO,AR,Acute Care Hospitals,hospital_info,HF,Heart failure,1.0926,21.1812,19.3857,399,91,False
040026,CHI ST. VINCENT HOSPITAL HOT SPRINGS,HOT SPRINGS,AR,Acute Care Hospitals,hospital_info,CABG,Coronary artery bypass graft surgery,1.0182,10.6888,10.4972,,,True
040026,CHI ST. VINCENT HOSPITAL HOT SPRINGS,HOT SPRINGS,AR,Acute Care Hospitals,hospital_info,COPD,Chronic obstructive pulmonary disease,1.0836,19.0479,17.5779,126,30,False
040026,CHI ST. VINCENT HOSPITAL HOT SPRINGS,HOT SPRINGS,AR,Acute Care Hospitals,hospital_info,HF,Heart failure,1.0713,20.4965,19.1327,605,129,False
040026,CHI ST. VINCENT HOSPITAL HOT SPRINGS,HOT SPRINGS,AR,Acute Care Hospitals,hospital_info,PN,Pneumonia,1.0263,15.6897,15.2872,569,91,False
040027,BAXTER HEALTH,MOUNTAIN HOME,AR,Acute Care Hospitals,hospital_info,AMI,Heart attack,1.0924,13.118,12.0088,233,35,False
040027,BAXTER HEALTH,MOUNTAIN HOME,AR,Acute Care Hospitals,hospital_info,CABG,Coronary artery bypass graft surgery,1.2015,14.3784,11.9674,84,17,False
040027,BAXTER HEALTH,MOUNTAIN HOME,AR,Acute Care Hospitals,hospital_info,COPD,Chronic obstructive pulmonary disease,1.0863,16.0558,14.7801,194,37,False
040027,BAXTER HEALTH,MOUNTAIN HOME,AR,Acute Care Hospitals,hospital_info,HF,Heart failure,1.0098,17.0351,16.8698,448,77,False
040027,BAXTER HEALTH,MOUNTAIN HOME,AR,Acute Care Hospitals,hospital_info,HIP-KNEE,Hip/knee replacement,1.1658,5.446,4.6713,170,11,False
040027,BAXTER HEALTH,MOUNTAIN HOME,AR,Acute Care Hospitals,hospital_info,PN,Pneumonia,1.0432,14.1021,13.5186,484,71,False
040029,"CONWAY REGIONAL MEDICAL CENTER, INC",CONWAY,AR,Acute Care Hospitals,hospital_info,AMI,Heart attack,1.0579,13.3517,12.6211,136,21,False
040029,"CONWAY REGIONAL MEDICAL CENTER, INC",CONWAY,AR,Acute Care Hospitals,hospital_info,HF,Heart failure,1.0037,20.2201,20.1458,241,49,False
040036,BAPTIST HEALTH MEDICAL CENTER NORTH LITTLE ROCK,NORTH LITTLE ROCK,AR,Acute Care Hospitals,hospital_info,AMI,Heart attack,1.0075,12.1299,12.0395,236,29,False
040036,BAPTIST HEALTH MEDICAL CENTER NORTH LITTLE ROCK,NORTH LITTLE ROCK,AR,Acute Care Hospitals,hospital_info,HF,Heart failure,1.0886,21.1321,19.4125,477,107,False
040036,BAPTIST HEALTH MEDICAL CENTER NORTH LITTLE ROCK,NORTH LITTLE ROCK,AR,Acute Care Hospitals,hospital_info,HIP-KNEE,Hip/knee replacement,1.2842,8.5984,6.6958,,,True
040041,ST MARYS REGIONAL MEDICAL CENTER,RUSSELLVILLE,AR,Acute Care Hospitals,hospital_info,AMI,Heart attack,1.0486,11.6289,11.0899,,,True
040050,OUACHITA COUNTY MEDICAL CENTER,CAMDEN,AR,Acute Care Hospitals,hospital_info,HF,Heart failure,1.0046,14.9615,14.8923,,,True
040050,OUACHITA COUNTY MEDICAL CENTER,CAMDEN,AR,Acute Care Hospitals,hospital_info,PN,Pneumonia,1.045,14.2889,13.6735,78,14,False
040051,BAPTIST HEALTH MEDICAL CENTER-DREW COUNTY,MONTICELLO,AR,Acute Care Hospitals,hospital_info,COPD,Chronic obstructive pulmonary disease,1.0225,16.7144,16.3472,98,18,False
040051,BAPTIST HEALTH MEDICAL CENTER-DREW COUNTY,MONTICELLO,AR,Acute Care Hospitals,hospital_info,HF,Heart failure,1.1109,20.671,18.6082,152,39,False
040055,BAPTIST HEALTH - FORT SMITH,FORT SMITH,AR,Acute Care Hospitals,hospital_info,AMI,Heart attack,1.0269,14.4241,14.0459,254,38,False
040055,BAPTIST HEALTH - FORT SMITH,FORT SMITH,AR,Acute Care Hospitals,hospital_info,CABG,Coronary artery bypass graft surgery,1.0348,11.321,10.9407,,,True
040055,BAPTIST HEALTH - FORT SMITH,FORT SMITH,AR,Acute Care Hospitals,hospital_info,COPD,Chronic obstructive pulmonary disease,1.0275,19.6018,19.0777,260,53,False
040055,BAPTIST HEALTH - FORT SMITH,FORT SMITH,AR,Acute Care Hospitals,hospital_info,HF,Heart failure,1.1182,25.0332,22.3871,601,159,False
040062,MERCY HOSPITAL FORT SMITH,FORT SMITH,AR,Acute Care Hospitals,hospital_info,AMI,Heart attack,1.0273,13.3883,13.033,311,43,False
040062,MERCY HOSPITAL FORT SMITH,FORT SMITH,AR,Acute Care Hospitals,hospital_info,CABG,Coronary artery bypass graft surgery,1.0049,10.9374,10.8845,,,True
040062,MERCY HOSPITAL FORT SMITH,FORT SMITH,AR,Acute Care Hospitals,hospital_info,COPD,Chronic obstructive pulmonary disease,1.061,19.4538,18.3356,193,42,False
040062,MERCY HOSPITAL FORT SMITH,FORT SMITH,AR,Acute Care Hospitals,hospital_info,HF,Heart failure,1.0181,19.2397,18.897,565,110,False
040067,MAGNOLIA REGIONAL MEDICAL HOSPITAL,,AR,,hrrp_fallback,PN,Pneumonia,1.0149,12.7733,12.5856,,,True
040069,GREAT RIVER MEDICAL CENTER,BLYTHEVILLE,AR,Acute Care Hospitals,hospital_info,PN,Pneumonia,1.0847,16.5362,15.2443,64,16,False
040071,JEFFERSON REGIONAL MEDICAL CENTER,PINE BLUFF,AR,Acute Care Hospitals,hospital_info,PN,Pneumonia,1.0637,16.6825,15.6838,215,40,False
040072,BAPTIST HEALTH MEDICAL CENTER-STUTTGART,STUTTGART,AR,Acute Care Hospitals,hospital_info,HF,Heart failure,1.0391,17.4322,16.7758,,,True
040076,BAPTIST HEALTH MEDICAL CENTER-HOT SPRINGS COUNTY,MALVERN,AR,Acute Care Hospitals,hospital_info,PN,Pneumonia,1.0027,12.7063,12.6718,,,True
040078,NATIONAL PARK MEDICAL CENTER,HOT SPRINGS,AR,Acute Care Hospitals,hospital_info,AMI,Heart attack,1.1365,14.6768,12.9142,92,20,False
040078,NATIONAL PARK MEDICAL CENTER,HOT SPRINGS,AR,Acute Care Hospitals,hospital_info,PN,Pneumonia,1.0281,16.3935,15.9454,312,53,False
040084,SALINE MEMORIAL HOSPITAL,BENTON,AR,Acute Care Hospitals,hospital_info,AMI,Heart attack,1.0385,12.504,12.0402,,,True
040084,SALINE MEMORIAL HOSPITAL,BENTON,AR,Acute Care Hospitals,hospital_info,PN,Pneumonia,1.0638,14.7927,13.9055,189,32,False
040088,SOUTH ARKANSAS REGIONAL HOSPITAL LLC,EL DORADO,AR,Acute Care Hospitals,hospital_info,AMI,Heart attack,1.0056,14.5112,14.43,,,True
040114,BAPTIST HEALTH MEDICAL CENTER-LITTLE ROCK,LITTLE ROCK,AR,Acute Care Hospitals,hospital_info,AMI,Heart attack,1.0181,12.631,12.4066,262,34,False
040114,BAPTIST HEALTH MEDICAL CENTER-LITTLE ROCK,LITTLE ROCK,AR,Acute Care Hospitals,hospital_info,HF,Heart failure,1.0247,20.3366,19.8473,719,148,False
040114,BAPTIST HEALTH MEDICAL CENTER-LITTLE ROCK,LITTLE ROCK,AR,Acute Care Hospitals,hospital_info,HIP-KNEE,Hip/knee replacement,1.089,5.5991,5.1414,,,True
040114,BAPTIST HEALTH MEDICAL CENTER-LITTLE ROCK,LITTLE ROCK,AR,Acute Care Hospitals,hospital_info,PN,Pneumonia,1.053,16.3566,15.5339,792,133,False
040118,"BAPTIST MEMORIAL HOSPITAL JONESBORO, INC.",JONESBORO,AR,Acute Care Hospitals,hospital_info,AMI,Heart attack,1.0422,11.9908,11.5054,183,24,False
040118,"BAPTIST MEMORIAL HOSPITAL JONESBORO, INC.",JONESBORO,AR,Acute Care Hospitals,hospital_info,CABG,Coronary artery bypass graft surgery,1.0418,10.0992,9.6942,,,True
040118,"BAPTIST MEMORIAL HOSPITAL JONESBORO, INC.",JONESBORO,AR,Acute Care Hospitals,hospital_info,COPD,Chronic obstructive pulmonary disease,1.0146,16.7481,16.5063,149,26,False
040118,"BAPTIST MEMORIAL HOSPITAL JONESBORO, INC.",JONESBORO,AR,Acute Care Hospitals,hospital_info,HF,Heart failure,1.1125,20.2908,18.2395,657,141,False
040118,"BAPTIST MEMORIAL HOSPITAL JONESBORO, INC.",JONESBORO,AR,Acute Care Hospitals,hospital_info,PN,Pneumonia,1.0269,15.9807,15.5622,671,109,False
040119,WHITE RIVER MEDICAL CENTER,BATESVILLE,AR,Acute Care Hospitals,hospital_info,AMI,Heart attack,1.0395,12.9343,12.4429,186,26,False
040119,WHITE RIVER MEDICAL CENTER,BATESVILLE,AR,Acute Care Hospitals,hospital_info,PN,Pneumonia,1.02,16.3638,16.0422,328,55,False
040134,"ARKANSAS HEART HOSPITAL, LLC",LITTLE ROCK,AR,Acute Care Hospitals,hospital_info,HF,Heart failure,1.0787,19.5628,18.1356,509,105,False
040134,"ARKANSAS HEART HOSPITAL, LLC",LITTLE ROCK,AR,Acute Care Hospitals,hospital_info,PN,Pneumonia,1.1337,16.3852,14.4523,175,37,False
040137,ST VINCENT MEDICAL CENTER/NORTH,SHERWOOD,AR,Acute Care Hospitals,hospital_info,PN,Pneumonia,1.0116,14.4197,14.2536,78,12,False
040154,BAPTIST HEALTH MEDICAL CENTER- CONWAY,CONWAY,AR,Acute Care Hospitals,hospital_info,AMI,Heart attack,1.006,12.4467,12.3728,94,12,False
040154,BAPTIST HEALTH MEDICAL CENTER- CONWAY,CONWAY,AR,Acute Care Hospitals,hospital_info,COPD,Chronic obstructive pulmonary disease,1.0355,18.1164,17.496,74,16,False
040154,BAPTIST HEALTH MEDICAL CENTER- CONWAY,CONWAY,AR,Acute Care Hospitals,hospital_info,HF,Heart failure,1.0337,20.0943,19.439,207,44,False
040154,BAPTIST HEALTH MEDICAL CENTER- CONWAY,CONWAY,AR,Acute Care Hospitals,hospital_info,PN,Pneumonia,1.0129,15.7147,15.5144,300,48,False
040156,"BAPTIST MEMORIAL HOSPITAL-CRITTENDEN, INC",WEST MEMPHIS,AR,Acute Care Hospitals,hospital_info,HF,Heart failure,1.0037,18.2284,18.1609,,,True
040161,ARKANSAS HEART HOSPITAL-ENCORE,BRYANT,AR,Acute Care Hospitals,hospital_info,COPD,Chronic obstructive pulmonary disease,1.071,17.5794,16.4135,57,15,False
040161,ARKANSAS HEART HOSPITAL-ENCORE,BRYANT,AR,Acute Care Hospitals,hospital_info,HF,Heart failure,1.0909,19.6203,17.9853,111,28,False
040161,ARKANSAS HEART HOSPITAL-ENCORE,BRYANT,AR,Acute Care Hospitals,hospital_info,PN,Pneumonia,1.043,15.893,15.2375,108,20,False
050002,ST ROSE HOSPITAL,HAYWARD,CA,Acute Care Hospitals,hospital_info,AMI,Heart attack,1.0905,17.0566,15.6413,49,13,False
050002,ST ROSE HOSPITAL,HAYWARD,CA,Acute Care Hospitals,hospital_info,COPD,Chronic obstructive pulmonary disease,1.0988,17.2387,15.6893,71,19,False
050002,ST ROSE HOSPITAL,HAYWARD,CA,Acute Care Hospitals,hospital_info,HF,Heart failure,1.0765,20.4688,19.0138,135,33,False
050002,ST ROSE HOSPITAL,HAYWARD,CA,Acute Care Hospitals,hospital_info,HIP-KNEE,Hip/knee replacement,1.2013,4.3059,3.5843,,,True
050002,ST ROSE HOSPITAL,HAYWARD,CA,Acute Care Hospitals,hospital_info,PN,Pneumonia,1.1105,16.3521,14.7252,153,32,False
050006,PROVIDENCE ST JOSEPH HOSPITAL,EUREKA,CA,Acute Care Hospitals,hospital_info,CABG,Coronary artery bypass graft surgery,1.02,12.8497,12.5974,,,True
050007,PENINSULA MEDICAL CENTER,BURLINGAME,CA,Acute Care Hospitals,hospital_info,CABG,Coronary artery bypass graft surgery,1.0266,10.0635,9.8028,,,True
050007,PENINSULA MEDICAL CENTER,BURLINGAME,CA,Acute Care Hospitals,hospital_info,PN,Pneumonia,1.0616,15.0378,14.1647,253,42,False
050008,CALIFORNIA PACIFIC MEDICAL CTR-DAVIES CAMPUS HOSP,SAN FRANCISCO,CA,Acute Care Hospitals,hospital_info,HF,Heart failure,1.0191,18.4473,18.1018,74,15,False
050009,PROVIDENCE QUEEN OF THE VALLEY MEDICAL CENTER,NAPA,CA,Acute Care Hospitals,hospital_info,CABG,Coronary artery bypass graft surgery,1.0082,12.2738,12.1745,,,True
050013,ADVENTIST HEALTH ST HELENA,SAINT HELENA,CA,Acute Care Hospitals,hospital_info,AMI,Heart attack,1.0362,12.5401,12.1016,225,30,False
050014,SUTTER AMADOR HOSPITAL,JACKSON,CA,Acute Care Hospitals,hospital_info,HIP-KNEE,Hip/knee replacement,1.0923,4.773,4.3696,,,True
050017,MERCY GENERAL HOSPITAL,SACRAMENTO,CA,Acute Care Hospitals,hospital_info,AMI,Heart attack,1.033,13.9324,13.4868,469,67,False
050017,MERCY GENERAL HOSPITAL,SACRAMENTO,CA,Acute Care Hospitals,hospital_info,HF,Heart failure,1.0659,20.55,19.2791,464,100,False
050017,MERCY GENERAL HOSPITAL,SACRAMENTO,CA,Acute Care Hospitals,hospital_info,HIP-KNEE,Hip/knee replacement,1.2837,5.8609,4.5657,,,True
050022,RIVERSIDE COMMUNITY HOSPITAL,RIVERSIDE,CA,Acute Care Hospitals,hospital_info,AMI,Heart attack,1.0248,16.0295,15.6412,204,34,False
050022,RIVERSIDE COMMUNITY HOSPITAL,RIVERSIDE,CA,Acute Care Hospitals,hospital_info,CABG,Coronary artery bypass graft surgery,1.0115,13.0355,12.887,,,True
050022,RIVERSIDE COMMUNITY HOSPITAL,RIVERSIDE,CA,Acute Care Hospitals,hospital_info,COPD,Chronic obstructive pulmonary disease,1.0501,20.606,19.6228,79,20,False
050022,RIVERSIDE COMMUNITY HOSPITAL,RIVERSIDE,CA,Acute Care Hospitals,hospital_info,HF,Heart failure,1.0893,23.4968,21.5707,283,73,False
050022,RIVERSIDE COMMUNITY HOSPITAL,RIVERSIDE,CA,Acute Care Hospitals,hospital_info,HIP-KNEE,Hip/knee replacement,1.0913,5.3671,4.9182,,,True
050022,RIVERSIDE COMMUNITY HOSPITAL,RIVERSIDE,CA,Acute Care Hospitals,hospital_info,PN,Pneumonia,1.0855,19.8143,18.2529,415,88,False
050024,PARADISE VALLEY HOSPITAL,NATIONAL CITY,CA,Acute Care Hospitals,hospital_info,AMI,Heart attack,1.0463,18.4505,17.6348,,,True
050024,PARADISE VALLEY HOSPITAL,NATIONAL CITY,CA,Acute Care Hospitals,hospital_info,COPD,Chronic obstructive pulmonary disease,1.0191,23.4298,22.9918,,,True
050024,PARADISE VALLEY HOSPITAL,NATIONAL CITY,CA,Acute Care Hospitals,hospital_info,HF,Heart failure,1.0971,23.5886,21.4999,93,29,False
050024,PARADISE VALLEY HOSPITAL,NATIONAL CITY,CA,Acute Care Hospitals,hospital_info,PN,Pneumonia,1.0354,18.5953,17.9597,100,21,False
050025,UC SAN DIEGO HEALTH HILLCREST - HILLCREST MED CTR,SAN DIEGO,CA,Acute Care Hospitals,hospital_info,COPD,Chronic obstructive pulmonary disease,1.0606,22.9801,21.6676,106,29,False
050025,UC SAN DIEGO HEALTH HILLCREST - HILLCREST MED CTR,SAN DIEGO,CA,Acute Care Hospitals,hospital_info,HIP-KNEE,Hip/knee replacement,1.1658,6.4099,5.4984,,,True
050026,GROSSMONT HOSPITAL,LA MESA,CA,Acute Care Hospitals,hospital_info,AMI,Heart attack,1.0699,13.9573,13.0458,183,29,False
050026,GROSSMONT HOSPITAL,LA MESA,CA,Acute Care Hospitals,hospital_info,CABG,Coronary artery bypass graft surgery,1.1076,12.5985,11.3745,,,True
050026,GROSSMONT HOSPITAL,LA MESA,CA,Acute Care Hospitals,hospital_info,HF,Heart failure,1.0312,20.9537,20.3193,600,128,False
050026,GROSSMONT HOSPITAL,LA MESA,CA,Acute Care Hospitals,hospital_info,HIP-KNEE,Hip/knee replacement,1.0092,5.2642,5.2162,,,True
050026,GROSSMONT HOSPITAL,LA MESA,CA,Acute Care Hospitals,hospital_info,PN,Pneumonia,1.0397,17.1318,16.4771,609,107,False
050028,MAD RIVER COMMUNITY HOSPITAL,ARCATA,CA,Acute Care Hospitals,hospital_info,COPD,Chronic obstructive pulmonary disease,1.0041,16.3144,16.2481,,,True
050028,MAD RIVER COMMUNITY HOSPITAL,ARCATA,CA,Acute Care Hospitals,hospital_info,HIP-KNEE,Hip/knee replacement,1.0051,3.7726,3.7534,,,True
050030,OROVILLE HOSPITAL,OROVILLE,CA,Acute Care Hospitals,hospital_info,AMI,Heart attack,1.0894,16.7063,15.336,51,13,False
050030,OROVILLE HOSPITAL,OROVILLE,CA,Acute Care Hospitals,hospital_info,COPD,Chronic obstructive pulmonary disease,1.2545,26.0985,20.8044,99,44,False
050030,OROVILLE HOSPITAL,OROVILLE,CA,Acute Care Hospitals,hospital_info,HF,Heart failure,1.3606,26.1974,19.2546,285,98,False
050030,OROVILLE HOSPITAL,OROVILLE,CA,Acute Care Hospitals,hospital_info,HIP-KNEE,Hip/knee replacement,1.1118,5.8088,5.2246,,,True
050030,OROVILLE HOSPITAL,OROVILLE,CA,Acute Care Hospitals,hospital_info,PN,Pneumonia,1.4255,24.4714,17.1671,833,229,False
050036,BAKERSFIELD MEMORIAL HOSPITAL,BAKERSFIELD,CA,Acute Care Hospitals,hospital_info,COPD,Chronic obstructive pulmonary disease,1.0001,19.2605,19.259,109,21,False
050036,BAKERSFIELD MEMORIAL HOSPITAL,BAKERSFIELD,CA,Acute Care Hospitals,hospital_info,HF,Heart failure,1.0584,22.2502,21.0223,309,73,False
050036,BAKERSFIELD MEMORIAL HOSPITAL,BAKERSFIELD,CA,Acute Care Hospitals,hospital_info,PN,Pneumonia,1.0804,17.9247,16.5913,216,44,False
050038,SANTA CLARA VALLEY MEDICAL CENTER,SAN JOSE,CA,Acute Care Hospitals,hospital_info,AMI,Heart attack,1.0055,16.6946,16.6034,148,25,False
050038,SANTA CLARA VALLEY MEDICAL CENTER,SAN JOSE,CA,Acute Care Hospitals,hospital_info,COPD,Chronic obstructive pulmonary disease,1.0185,20.2723,19.9047,151,32,False
050038,SANTA CLARA VALLEY MEDICAL CENTER,SAN JOSE,CA,Acute Care Hospitals,hospital_info,HIP-KNEE,Hip/knee replacement,1.0209,4.768,4.6706,,,True
050038,SANTA CLARA VALLEY MEDICAL CENTER,SAN JOSE,CA,Acute Care Hospitals,hospital_info,PN,Pneumonia,1.0188,16.4873,16.1833,611,102,False
050039,ENLOE HEALTH,CHICO,CA,Acute Care Hospitals,hospital_info,AMI,Heart attack,1.0438,13.9351,13.3507,422,61,False
050039,ENLOE HEALTH,CHICO,CA,Acute Care Hospitals,hospital_info,COPD,Chronic obstructive pulmonary disease,1.0206,17.9959,17.6322,514,94,False
050039,ENLOE HEALTH,CHICO,CA,Acute Care Hospitals,hospital_info,HF,Heart failure,1.0979,21.0843,19.2048,1362,294,False
050039,ENLOE HEALTH,CHICO,CA,Acute Care Hospitals,hospital_info,PN,Pneumonia,1.1497,18.3933,15.999,1128,217,False
050040,LAC/OLIVE VIEW-UCLA MEDICAL CENTER,SYLMAR,CA,Acute Care Hospitals,hospital_info,COPD,Chronic obstructive pulmonary disease,1.0497,22.2297,21.1781,,,True
050042,ST ELIZABETH COMMUNITY HOSPITAL,RED BLUFF,CA,Acute Care Hospitals,hospital_info,HF,Heart failure,1.003,18.1654,18.1119,164,30,False
050043,ALTA BATES SUMMIT MEDICAL CENTER,OAKLAND,CA,Acute Care Hospitals,hospital_info,COPD,Chronic obstructive pulmonary disease,1.005,18.9213,18.827,109,21,False
050045,EL CENTRO REGIONAL MEDICAL CENTER,EL CENTRO,CA,Acute Care Hospitals,hospital_info,COPD,Chronic obstructive pulmonary disease,1.0237,18.1048,17.6854,,,True
050047,CALIFORNIA PACIFIC MEDICAL CENTER- VAN NESS CAMPUS,SAN FRANCISCO,CA,Acute Care Hospitals,hospital_info,AMI,Heart attack,1.0666,14.1272,13.2449,189,30,False
050047,CALIFORNIA PACIFIC MEDICAL CENTER- VAN NESS CAMPUS,SAN FRANCISCO,CA,Acute Care Hospitals,hospital_info,COPD,Chronic obstructive pulmonary disease,1.0017,19.7588,19.725,55,11,False
050047,CALIFORNIA PACIFIC MEDICAL CENTER- VAN NESS CAMPUS,SAN FRANCISCO,CA,Acute Care Hospitals,hospital_info,HF,Heart failure,1.012,19.7143,19.4813,442,88,False
050047,CALIFORNIA PACIFIC MEDICAL CENTER- VAN NESS CAMPUS,SAN FRANCISCO,CA,Acute Care Hospitals,hospital_info,PN,Pneumonia,1.1638,17.5773,15.1028,215,48,False
050055,CALIFORNIA PACIFIC MEDICAL CENTER - MISSION BERNAL,SAN FRANCISCO,CA,Acute Care Hospitals,hospital_info,COPD,Chronic obstructive pulmonary disease,1.0349,20.7395,20.0405,50,13,False
050055,CALIFORNIA PACIFIC MEDICAL CENTER - MISSION BERNAL,SAN FRANCISCO,CA,Acute Care Hospitals,hospital_info,HF,Heart failure,1.0113,18.5261,18.3184,190,36,False
050055,CALIFORNIA PACIFIC MEDICAL CENTER - MISSION BERNAL,SAN FRANCISCO,CA,Acute Care Hospitals,hospital_info,PN,Pneumonia,1.0418,14.9678,14.3668,149,25,False
050056,ANTELOPE VALLEY HOSPITAL,LANCASTER,CA,Acute Care Hospitals,hospital_info,AMI,Heart attack,1.0183,13.2681,13.0291,76,11,False
050056,ANTELOPE VALLEY HOSPITAL,LANCASTER,CA,Acute Care Hospitals,hospital_info,COPD,Chronic obstructive pulmonary disease,1.0254,16.7202,16.3065,,,True
050056,ANTELOPE VALLEY HOSPITAL,LANCASTER,CA,Acute Care Hospitals,hospital_info,HF,Heart failure,1.0121,18.8041,18.5796,139,27,False
050056,ANTELOPE VALLEY HOSPITAL,LANCASTER,CA,Acute Care Hospitals,hospital_info,PN,Pneumonia,1.032,17.5519,17.0081,284,52,False
050057,KAWEAH HEALTH MEDICAL CENTER,VISALIA,CA,Acute Care Hospitals,hospital_info,CABG,Coronary artery bypass graft surgery,1.0875,11.1339,10.2376,133,17,False
050057,KAWEAH HEALTH MEDICAL CENTER,VISALIA,CA,Acute Care Hospitals,hospital_info,COPD,Chronic obstructive pulmonary disease,1.0093,18.282,18.1128,226,42,False
050058,GLENDALE MEM HOSPITAL & HLTH CENTER,GLENDALE,CA,Acute Care Hospitals,hospital_info,HF,Heart failure,1.0655,22.4832,21.1007,397,94,False
050058,GLENDALE MEM HOSPITAL & HLTH CENTER,GLENDALE,CA,Acute Care Hospitals,hospital_info,PN,Pneumonia,1.0994,19.3162,17.569,437,91,False
050060,COMMUNITY REGIONAL MEDICAL CENTER,FRESNO,CA,Acute Care Hospitals,hospital_info,AMI,Heart attack,1.0822,15.3027,14.1406,215,37,False
050060,COMMUNITY REGIONAL MEDICAL CENTER,FRESNO,CA,Acute Care Hospitals,hospital_info,COPD,Chronic obstructive pulmonary disease,1.1107,21.0375,18.941,171,44,False
050060,COMMUNITY REGIONAL MEDICAL CENTER,FRESNO,CA,Acute Care Hospitals,hospital_info,HF,Heart failure,1.0863,21.773,20.0439,546,125,False
050060,COMMUNITY REGIONAL MEDICAL CENTER,FRESNO,CA,Acute Care Hospitals,hospital_info,PN,Pneumonia,1.0768,17.2909,16.0579,399,74,False
050063,HOLLYWOOD PRESBYTERIAN MEDICAL CENTER,LOS ANGELES,CA,Acute Care Hospitals,hospital_info,HF,Heart failure,1.1092,23.0137,20.7471,227,60,False
050063,HOLLYWOOD PRESBYTERIAN MEDICAL CENTER,LOS ANGELES,CA,Acute Care Hospitals,hospital_info,PN,Pneumonia,1.099,19.8301,18.0443,279,62,False
050067,OAK VALLEY HOSPITAL DISTRICT,OAKDALE,CA,Acute Care Hospitals,hospital_info,HF,Heart failure,1.0551,16.0911,15.2501,,,True
050067,OAK VALLEY HOSPITAL DISTRICT,OAKDALE,CA,Acute Care Hospitals,hospital_info,PN,Pneumonia,1.0033,12.3207,12.2801,,,True
050069,PROVIDENCE ST. JOSEPH HOSPITAL,ORANGE,CA,Acute Care Hospitals,hospital_info,HIP-KNEE,Hip/knee replacement,1.0358,6.3291,6.1104,,,True
050071,KAISER FOUNDATION HOSPITAL-SANTA CLARA,SANTA CLARA,CA,Acute Care Hospitals,hospital_info,HF,Heart failure,1.0683,18.9215,17.7115,,,True
050075,KAISER FOUNDATION HOSPITAL - OAKLAND/RICHMOND,OAKLAND,CA,Acute Care Hospitals,hospital_info,AMI,Heart attack,1.017,13.3887,13.1649,,,True
050075,KAISER FOUNDATION HOSPITAL - OAKLAND/RICHMOND,OAKLAND,CA,Acute Care Hospitals,hospital_info,COPD,Chronic obstructive pulmonary disease,1.0698,19.8847,18.5871,70,19,False
050075,KAISER FOUNDATION HOSPITAL - OAKLAND/RICHMOND,OAKLAND,CA,Acute Care Hospitals,hospital_info,HF,Heart failure,1.1045,22.4936,20.3653,127,36,False
050075,KAISER FOUNDATION HOSPITAL - OAKLAND/RICHMOND,OAKLAND,CA,Acute Care Hospitals,hospital_info,PN,Pneumonia,1.0334,16.916,16.3687,111,21,False
050077,SCRIPPS MERCY HOSPITAL,SAN DIEGO,CA,Acute Care Hospitals,hospital_info,AMI,Heart attack,1.0472,14.3504,13.7036,81,14,False
050077,SCRIPPS MERCY HOSPITAL,SAN DIEGO,CA,Acute Care Hospitals,hospital_info,CABG,Coronary artery bypass graft surgery,1.0138,10.1849,10.0459,,,True
050077,SCRIPPS MERCY HOSPITAL,SAN DIEGO,CA,Acute Care Hospitals,hospital_info,COPD,Chronic obstructive pulmonary disease,1.0112,21.0421,20.81,129,28,False
050077,SCRIPPS MERCY HOSPITAL,SAN DIEGO,CA,Acute Care Hospitals,hospital_info,HF,Heart failure,1.0185,21.4622,21.0724,413,90,False
050077,SCRIPPS MERCY HOSPITAL,SAN DIEGO,CA,Acute Care Hospitals,hospital_info,PN,Pneumonia,1.1167,18.9133,16.9371,319,68,False
050078,PROVIDENCE LITTLE CO OF MARY MED CTR SAN PEDRO,SAN PEDRO,CA,Acute Care Hospitals,hospital_info,COPD,Chronic obstructive pulmonary disease,1.0026,19.4304,19.3792,,,True
050082,ST JOHNS REGIONAL MEDICAL CENTER,OXNARD,CA,Acute Care Hospitals,hospital_info,CABG,Coronary artery bypass graft surgery,1.0261,11.3907,11.1012,,,True
050084,ST JOSEPH'S MEDICAL CENTER OF STOCKTON,STOCKTON,CA,Acute Care Hospitals,hospital_info,AMI,Heart attack,1.0096,14.6133,14.4748,243,36,False
050084,ST JOSEPH'S MEDICAL CENTER OF STOCKTON,STOCKTON,CA,Acute Care Hospitals,hospital_info,CABG,Coronary artery bypass graft surgery,1.2281,13.8855,11.3065,112,21,False
050084,ST JOSEPH'S MEDICAL CENTER OF STOCKTON,STOCKTON,CA,Acute Care Hospitals,hospital_info,HF,Heart failure,1.0188,20.8866,20.5015,477,101,False
050089,COMMUNITY HOSPITAL OF SAN BERNARDINO,SAN BERNARDINO,CA,Acute Care Hospitals,hospital_info,HF,Heart failure,1.0333,23.1307,22.3843,41,12,False
050089,COMMUNITY HOSPITAL OF SAN BERNARDINO,SAN BERNARDINO,CA,Acute Care Hospitals,hospital_info,PN,Pneumonia,1.0152,18.2729,17.9987,,,True
050090,SONOMA VALLEY HOSPITAL,SONOMA,CA,Acute Care Hospitals,hospital_info,COPD,Chronic obstructive pulmonary disease,1.0049,16.6249,16.5445,,,True
050090,SONOMA VALLEY HOSPITAL,SONOMA,CA,Acute Care Hospitals,hospital_info,HF,Heart failure,1.0042,17.1928,17.1205,,,True
050091,COMMUNITY HOSPITAL OF HUNTINGTON PARK,HUNTINGTON PARK,CA,Acute Care Hospitals,hospital_info,COPD,Chronic obstructive pulmonary disease,1.0374,19.3888,18.6903,,,True
050091,COMMUNITY HOSPITAL OF HUNTINGTON PARK,HUNTINGTON PARK,CA,Acute Care Hospitals,hospital_info,HF,Heart failure,1.061,22.6385,21.3378,82,23,False
050091,COMMUNITY HOSPITAL OF HUNTINGTON PARK,HUNTINGTON PARK,CA,Acute Care Hospitals,hospital_info,PN,Pneumonia,1.1245,20.2648,18.0211,78,24,False
050093,SAINT AGNES MEDICAL CENTER,FRESNO,CA,Acute Care Hospitals,hospital_info,AMI,Heart attack,1.1443,16.1098,14.0783,292,54,False
050093,SAINT AGNES MEDICAL CENTER,FRESNO,CA,Acute Care Hospitals,hospital_info,COPD,Chronic obstructive pulmonary disease,1.05,19.4912,18.5637,361,74,False
050093,SAINT AGNES MEDICAL CENTER,FRESNO,CA,Acute Care Hospitals,hospital_info,HF,Heart failure,1.1768,22.7039,19.2922,916,220,False
050093,SAINT AGNES MEDICAL CENTER,FRESNO,CA,Acute Care Hospitals,hospital_info,PN,Pneumonia,1.1531,17.1736,14.8936,917,167,False
050099,SAN ANTONIO REGIONAL HOSPITAL,UPLAND,CA,Acute Care Hospitals,hospital_info,COPD,Chronic obstructive pulmonary disease,1.0011,18.4512,18.4303,70,13,False
050099,SAN ANTONIO REGIONAL HOSPITAL,UPLAND,CA,Acute Care Hospitals,hospital_info,HF,Heart failure,1.0123,19.1393,18.9067,335,65,False
050099,SAN ANTONIO REGIONAL HOSPITAL,UPLAND,CA,Acute Care Hospitals,hospital_info,PN,Pneumonia,1.0217,15.7401,15.4051,461,74,False
050100,SHARP MEMORIAL HOSPITAL,SAN DIEGO,CA,Acute Care Hospitals,hospital_info,CABG,Coronary artery bypass graft surgery,1.0271,12.1629,11.8416,,,True
050100,SHARP MEMORIAL HOSPITAL,SAN DIEGO,CA,Acute Care Hospitals,hospital_info,COPD,Chronic obstructive pulmonary disease,1.003,18.7684,18.713,148,28,False
050100,SHARP MEMORIAL HOSPITAL,SAN DIEGO,CA,Acute Care Hospitals,hospital_info,HIP-KNEE,Hip/knee replacement,1.189,6.4295,5.4073,,,True
050101,SUTTER SOLANO MEDICAL CENTER,VALLEJO,CA,Acute Care Hospitals,hospital_info,PN,Pneumonia,1.0318,16.3551,15.8507,140,25,False
050102,PARKVIEW COMMUNITY HOSPITAL MEDICAL CENTER,RIVERSIDE,CA,Acute Care Hospitals,hospital_info,COPD,Chronic obstructive pulmonary disease,1.0136,21.5018,21.2137,,,True
050102,PARKVIEW COMMUNITY HOSPITAL MEDICAL CENTER,RIVERSIDE,CA,Acute Care Hospitals,hospital_info,HF,Heart failure,1.0785,23.0027,21.3281,88,26,False
050103,ADVENTIST HEALTH WHITE MEMORIAL,LOS ANGELES,CA,Acute Care Hospitals,hospital_info,COPD,Chronic obstructive pulmonary disease,1.0116,18.3803,18.1696,,,True
050103,ADVENTIST HEALTH WHITE MEMORIAL,LOS ANGELES,CA,Acute Care Hospitals,hospital_info,HF,Heart failure,1.0235,21.3228,20.8338,203,45,False
050103,ADVENTIST HEALTH WHITE MEMORIAL,LOS ANGELES,CA,Acute Care Hospitals,hospital_info,PN,Pneumonia,1.1238,19.0765,16.9752,136,34,False
050104,SAINT FRANCIS MEDICAL CENTER,LYNWOOD,CA,Acute Care Hospitals,hospital_info,AMI,Heart attack,1.001,17.5713,17.5545,68,12,False
050104,SAINT FRANCIS MEDICAL CENTER,LYNWOOD,CA,Acute Care Hospitals,hospital_info,COPD,Chronic obstructive pulmonary disease,1.008,20.6262,20.4625,,,True
050104,SAINT FRANCIS MEDICAL CENTER,LYNWOOD,CA,Acute Care Hospitals,hospital_info,HF,Heart failure,1.1176,24.0703,21.5376,181,52,False
050104,SAINT FRANCIS MEDICAL CENTER,LYNWOOD,CA,Acute Care Hospitals,hospital_info,PN,Pneumonia,1.0027,19.7698,19.716,171,34,False
050107,MARIAN REGIONAL MEDICAL CENTER,SANTA MARIA,CA,Acute Care Hospitals,hospital_info,AMI,Heart attack,1.0557,12.8266,12.1501,236,33,False
050107,MARIAN REGIONAL MEDICAL CENTER,SANTA MARIA,CA,Acute Care Hospitals,hospital_info,CABG,Coronary artery bypass graft surgery,1.0975,10.5391,9.6024,91,12,False
050107,MARIAN REGIONAL MEDICAL CENTER,SANTA MARIA,CA,Acute Care Hospitals,hospital_info,HF,Heart failure,1.046,19.7461,18.8775,571,116,False
050108,"SUTTER MEDICAL CENTER, SACRAMENTO",SACRAMENTO,CA,Acute Care Hospitals,hospital_info,COPD,Chronic obstructive pulmonary disease,1.0352,18.6137,17.981,142,29,False
050108,"SUTTER MEDICAL CENTER, SACRAMENTO",SACRAMENTO,CA,Acute Care Hospitals,hospital_info,PN,Pneumonia,1.0228,15.8119,15.4599,351,57,False
050110,LOMPOC VALLEY MEDICAL CENTER,LOMPOC,CA,Acute Care Hospitals,hospital_info,HF,Heart failure,1.0385,18.033,17.365,85,18,False
050110,LOMPOC VALLEY MEDICAL CENTER,LOMPOC,CA,Acute Care Hospitals,hospital_info,HIP-KNEE,Hip/knee replacement,1.1096,4.8741,4.3927,,,True
050110,LOMPOC VALLEY MEDICAL CENTER,LOMPOC,CA,Acute Care Hospitals,hospital_info,PN,Pneumonia,1.0857,16.5185,15.2148,118,25,False
050112,SANTA MONICA - UCLA MED CTR & ORTHOPAEDIC HOSPITAL,SANTA MONICA,CA,Acute Care Hospitals,hospital_info,AMI,Heart attack,1.0188,15.6297,15.3412,64,11,False
050112,SANTA MONICA - UCLA MED CTR & ORTHOPAEDIC HOSPITAL,SANTA MONICA,CA,Acute Care Hospitals,hospital_info,HF,Heart failure,1.0017,22.0232,21.9856,399,88,False
050112,SANTA MONICA - UCLA MED CTR & ORTHOPAEDIC HOSPITAL,SANTA MONICA,CA,Acute Care Hospitals,hospital_info,HIP-KNEE,Hip/knee replacement,1.0178,5.4332,5.3381,438,24,False
050112,SANTA MONICA - UCLA MED CTR & ORTHOPAEDIC HOSPITAL,SANTA MONICA,CA,Acute Care Hospitals,hospital_info,PN,Pneumonia,1.1645,21.992,18.886,496,120,False
050113,SAN MATEO MEDICAL CENTER,SAN MATEO,CA,Acute Care Hospitals,hospital_info,HF,Heart failure,1.0273,17.5514,17.0846,,,True
050115,PALOMAR HEALTH DOWNTOWN CAMPUS,ESCONDIDO,CA,Acute Care Hospitals,hospital_info,AMI,Heart attack,1.021,12.5415,12.2837,199,26,False
050115,PALOMAR HEALTH DOWNTOWN CAMPUS,ESCONDIDO,CA,Acute Care Hospitals,hospital_info,HF,Heart failure,1.0988,21.4967,19.5636,363,85,False
050115,PALOMAR HEALTH DOWNTOWN CAMPUS,ESCONDIDO,CA,Acute Care Hospitals,hospital_info,HIP-KNEE,Hip/knee replacement,1.1386,5.2647,4.6238,,,True
050116,NORTHRIDGE HOSPITAL MEDICAL CENTER,NORTHRIDGE,CA,Acute Care Hospitals,hospital_info,AMI,Heart attack,1.0029,16.3416,16.2944,201,33,False
050116,NORTHRIDGE HOSPITAL MEDICAL CENTER,NORTHRIDGE,CA,Acute Care Hospitals,hospital_info,COPD,Chronic obstructive pulmonary disease,1.0479,22.1339,21.1226,83,22,False
050116,NORTHRIDGE HOSPITAL MEDICAL CENTER,NORTHRIDGE,CA,Acute Care Hospitals,hospital_info,HF,Heart failure,1.0933,22.724,20.7842,490,118,False
050116,NORTHRIDGE HOSPITAL MEDICAL CENTER,NORTHRIDGE,CA,Acute Care Hospitals,hospital_info,PN,Pneumonia,1.0078,17.9627,17.8233,370,67,False
050118,DOCTORS HOSPITAL OF MANTECA,MANTECA,CA,Acute Care Hospitals,hospital_info,COPD,Chronic obstructive pulmonary disease,1.0163,18.8381,18.5353,,,True
050118,DOCTORS HOSPITAL OF MANTECA,MANTECA,CA,Acute Care Hospitals,hospital_info,HF,Heart failure,1.0008,18.7007,18.6862,112,21,False
050118,DOCTORS HOSPITAL OF MANTECA,MANTECA,CA,Acute Care Hospitals,hospital_info,PN,Pneumonia,1.1277,18.2637,16.1956,174,40,False
050121,ADVENTIST HEALTH HANFORD,HANFORD,CA,Acute Care Hospitals,hospital_info,HF,Heart failure,1.0661,20.7064,19.4233,301,67,False
050122,DAMERON HOSPITAL,STOCKTON,CA,Acute Care Hospitals,hospital_info,PN,Pneumonia,1.0114,15.2736,15.1008,126,20,False
050124,USC VERDUGO HILLS HOSPITAL,GLENDALE,CA,Acute Care Hospitals,hospital_info,HF,Heart failure,1.079,21.4199,19.8507,268,63,False
050124,USC VERDUGO HILLS HOSPITAL,GLENDALE,CA,Acute Care Hospitals,hospital_info,PN,Pneumonia,1.0266,17.8761,17.4135,320,59,False
050125,REGIONAL MEDICAL CENTER OF SAN JOSE,,CA,,hrrp_fallback,AMI,Heart attack,1.1605,14.8409,12.7884,124,26,False
050125,REGIONAL MEDICAL CENTER OF SAN JOSE,,CA,,hrrp_fallback,COPD,Chronic obstructive pulmonary disease,1.0214,15.803,15.4723,60,11,False
050125,REGIONAL MEDICAL CENTER OF SAN JOSE,,CA,,hrrp_fallback,HF,Heart failure,1.2127,21.5478,17.7685,376,95,False
050125,REGIONAL MEDICAL CENTER OF SAN JOSE,,CA,,hrrp_fallback,HIP-KNEE,Hip/knee replacement,1.0324,5.2652,5.1001,,,True
050125,REGIONAL MEDICAL CENTER OF SAN JOSE,,CA,,hrrp_fallback,PN,Pneumonia,1.2125,17.8291,14.7048,499,102,False
050126,VALLEY PRESBYTERIAN HOSPITAL,VAN NUYS,CA,Acute Care Hospitals,hospital_info,AMI,Heart attack,1.1803,15.359,13.0124,81,21,False
050126,VALLEY PRESBYTERIAN HOSPITAL,VAN NUYS,CA,Acute Care Hospitals,hospital_info,COPD,Chronic obstructive pulmonary disease,1.0564,23.6733,22.4099,57,18,False
050126,VALLEY PRESBYTERIAN HOSPITAL,VAN NUYS,CA,Acute Care Hospitals,hospital_info,HF,Heart failure,1.1304,23.3347,20.6437,282,75,False
050127,WOODLAND MEMORIAL HOSPITAL,WOODLAND,CA,Acute Care Hospitals,hospital_info,PN,Pneumonia,1.0423,16.2323,15.574,106,20,False
050128,TRI-CITY MEDICAL CENTER,OCEANSIDE,CA,Acute Care Hospitals,hospital_info,AMI,Heart attack,1.0037,12.2238,12.1787,113,14,False
050128,TRI-CITY MEDICAL CENTER,OCEANSIDE,CA,Acute Care Hospitals,hospital_info,HF,Heart failure,1.0177,18.3507,18.0319,173,33,False
050128,TRI-CITY MEDICAL CENTER,OCEANSIDE,CA,Acute Care Hospitals,hospital_info,HIP-KNEE,Hip/knee replacement,1.1206,5.3102,4.7388,,,True
050128,TRI-CITY MEDICAL CENTER,OCEANSIDE,CA,Acute Care Hospitals,hospital_info,PN,Pneumonia,1.026,14.7104,14.3369,274,42,False
050129,ST BERNARDINE MEDICAL CENTER,SAN BERNARDINO,CA,Acute Care Hospitals,hospital_info,AMI,Heart attack,1.0443,15.5848,14.9238,101,18,False
050129,ST BERNARDINE MEDICAL CENTER,SAN BERNARDINO,CA,Acute Care Hospitals,hospital_info,CABG,Coronary artery bypass graft surgery,1.0994,12.4141,11.2921,,,True
050129,ST BERNARDINE MEDICAL CENTER,SAN BERNARDINO,CA,Acute Care Hospitals,hospital_info,COPD,Chronic obstructive pulmonary disease,1.057,19.4803,18.4293,66,17,False
050129,ST BERNARDINE MEDICAL CENTER,SAN BERNARDINO,CA,Acute Care Hospitals,hospital_info,HF,Heart failure,1.0636,21.0671,19.8075,154,37,False
050129,ST BERNARDINE MEDICAL CENTER,SAN BERNARDINO,CA,Acute Care Hospitals,hospital_info,HIP-KNEE,Hip/knee replacement,1.0518,4.6206,4.393,,,True
050129,ST BERNARDINE MEDICAL CENTER,SAN BERNARDINO,CA,Acute Care Hospitals,hospital_info,PN,Pneumonia,1.0316,18.3457,17.7841,179,35,False
050131,NOVATO COMMUNITY HOSPITAL,NOVATO,CA,Acute Care Hospitals,hospital_info,COPD,Chronic obstructive pulmonary disease,1.0298,17.7583,17.2438,,,True
050132,SAN GABRIEL VALLEY MEDICAL CENTER,SAN GABRIEL,CA,Acute Care Hospitals,hospital_info,HF,Heart failure,1.0535,21.5639,20.4681,149,36,False
050132,SAN GABRIEL VALLEY MEDICAL CENTER,SAN GABRIEL,CA,Acute Care Hospitals,hospital_info,PN,Pneumonia,1.0766,19.8442,18.4328,498,104,False
050133,ADVENTIST HEALTH AND RIDEOUT,MARYSVILLE,CA,Acute Care Hospitals,hospital_info,AMI,Heart attack,1.036,13.6625,13.1872,221,32,False
050133,ADVENTIST HEALTH AND RIDEOUT,MARYSVILLE,CA,Acute Care Hospitals,hospital_info,COPD,Chronic obstructive pulmonary disease,1.0596,20.7004,19.5351,283,63,False
050133,ADVENTIST HEALTH AND RIDEOUT,MARYSVILLE,CA,Acute Care Hospitals,hospital_info,HF,Heart failure,1.0936,21.3915,19.56,764,170,False
050133,ADVENTIST HEALTH AND RIDEOUT,MARYSVILLE,CA,Acute Care Hospitals,hospital_info,PN,Pneumonia,1.0601,17.105,16.1353,544,97,False
050135,SOUTHERN CALIFORNIA HOSPITAL AT HOLLYWOOD,HOLLYWOOD,CA,Acute Care Hospitals,hospital_info,HF,Heart failure,1.0796,26.925,24.9394,152,47,False
050135,SOUTHERN CALIFORNIA HOSPITAL AT HOLLYWOOD,HOLLYWOOD,CA,Acute Care Hospitals,hospital_info,PN,Pneumonia,1.0657,23.8352,22.3654,983,239,False
050138,KAISER FOUNDATION HOSPITAL - LOS ANGELES,LOS ANGELES,CA,Acute Care Hospitals,hospital_info,AMI,Heart attack,1.0337,15.5998,15.0911,,,True
050140,KAISER FOUNDATION HOSPITAL FONTANA/ONTARIO,FONTANA,CA,Acute Care Hospitals,hospital_info,HF,Heart failure,1.0122,20.3824,20.1376,,,True
050140,KAISER FOUNDATION HOSPITAL FONTANA/ONTARIO,FONTANA,CA,Acute Care Hospitals,hospital_info,PN,Pneumonia,1.0098,18.9734,18.7899,,,True
050145,COMMUNITY HOSPITAL OF THE MONTEREY PENINSULA,MONTEREY,CA,Acute Care Hospitals,hospital_info,HIP-KNEE,Hip/knee replacement,1.12,5.7807,5.1613,237,15,False
050149,CALIFORNIA HOSPITAL MEDICAL CENTER LA,LOS ANGELES,CA,Acute Care Hospitals,hospital_info,COPD,Chronic obstructive pulmonary disease,1.0343,21.1861,20.4844,,,True
050149,CALIFORNIA HOSPITAL MEDICAL CENTER LA,LOS ANGELES,CA,Acute Care Hospitals,hospital_info,HF,Heart failure,1.0495,22.7234,21.6509,94,25,False
050149,CALIFORNIA HOSPITAL MEDICAL CENTER LA,LOS ANGELES,CA,Acute Care Hospitals,hospital_info,HIP-KNEE,Hip/knee replacement,1.0885,4.0573,3.7275,,,True
050149,CALIFORNIA HOSPITAL MEDICAL CENTER LA,LOS ANGELES,CA,Acute Care Hospitals,hospital_info,PN,Pneumonia,1.0151,17.7957,17.5303,56,11,False
050150,SIERRA NEVADA MEMORIAL HOSPITAL,GRASS VALLEY,CA,Acute Care Hospitals,hospital_info,COPD,Chronic obstructive pulmonary disease,1.0232,16.0903,15.7247,139,24,False
050150,SIERRA NEVADA MEMORIAL HOSPITAL,GRASS VALLEY,CA,Acute Care Hospitals,hospital_info,HF,Heart failure,1.0059,17.2912,17.1901,281,49,False
050150,SIERRA NEVADA MEMORIAL HOSPITAL,GRASS VALLEY,CA,Acute Care Hospitals,hospital_info,HIP-KNEE,Hip/knee replacement,1.2664,7.0724,5.5846,,,True
050152,UCSF HEALTH SAINT FRANCIS HOSPITAL,SAN FRANCISCO,CA,Acute Care Hospitals,hospital_info,COPD,Chronic obstructive pulmonary disease,1.0573,25.9492,24.5428,40,15,False
050152,UCSF HEALTH SAINT FRANCIS HOSPITAL,SAN FRANCISCO,CA,Acute Care Hospitals,hospital_info,HF,Heart failure,1.0406,20.3747,19.5789,74,18,False
050152,UCSF HEALTH SAINT FRANCIS HOSPITAL,SAN FRANCISCO,CA,Acute Care Hospitals,hospital_info,HIP-KNEE,Hip/knee replacement,1.0045,4.1477,4.129,,,True
050152,UCSF HEALTH SAINT FRANCIS HOSPITAL,SAN FRANCISCO,CA,Acute Care Hospitals,hospital_info,PN,Pneumonia,1.0457,17.544,16.7779,68,15,False
050158,ENCINO HOSPITAL MEDICAL CENTER,ENCINO,CA,Acute Care Hospitals,hospital_info,COPD,Chronic obstructive pulmonary disease,1.0519,24.3716,23.1702,33,12,False
050158,ENCINO HOSPITAL MEDICAL CENTER,ENCINO,CA,Acute Care Hospitals,hospital_info,HF,Heart failure,1.0226,22.6038,22.1052,81,20,False
050158,ENCINO HOSPITAL MEDICAL CENTER,ENCINO,CA,Acute Care Hospitals,hospital_info,PN,Pneumonia,1.0275,19.5913,19.0669,174,36,False
050159,VENTURA COUNTY MEDICAL CENTER,VENTURA,CA,Acute Care Hospitals,hospital_info,COPD,Chronic obstructive pulmonary disease,1.0232,16.7194,16.3397,,,True
050159,VENTURA COUNTY MEDICAL CENTER,VENTURA,CA,Acute Care Hospitals,hospital_info,HF,Heart failure,1.0599,19.1878,18.1032,119,27,False
050159,VENTURA COUNTY MEDICAL CENTER,VENTURA,CA,Acute Care Hospitals,hospital_info,PN,Pneumonia,1.0018,14.0891,14.0633,134,19,False
050167,SAN JOAQUIN GENERAL HOSPITAL,FRENCH CAMP,CA,Acute Care Hospitals,hospital_info,COPD,Chronic obstructive pulmonary disease,1.0516,18.3894,17.4867,,,True
050167,SAN JOAQUIN GENERAL HOSPITAL,FRENCH CAMP,CA,Acute Care Hospitals,hospital_info,HF,Heart failure,1.0446,20.0255,19.1703,104,24,False
050168,PROVIDENCE ST. JUDE MEDICAL CENTER,FULLERTON,CA,Acute Care Hospitals,hospital_info,CABG,Coronary artery bypass graft surgery,1.0105,10.0962,9.9913,,,True
050168,PROVIDENCE ST. JUDE MEDICAL CENTER,FULLERTON,CA,Acute Care Hospitals,hospital_info,COPD,Chronic obstructive pulmonary disease,1.0061,19.4613,19.343,85,17,False
050168,PROVIDENCE ST. JUDE MEDICAL CENTER,FULLERTON,CA,Acute Care Hospitals,hospital_info,PN,Pneumonia,1.0721,17.8834,16.6808,745,138,False
050169,PIH HEALTH HOSPITAL-WHITTIER,WHITTIER,CA,Acute Care Hospitals,hospital_info,HF,Heart failure,1.0417,20.9518,20.1136,377,82,False
050169,PIH HEALTH HOSPITAL-WHITTIER,WHITTIER,CA,Acute Care Hospitals,hospital_info,PN,Pneumonia,1.1412,20.7072,18.1445,307,73,False
050174,PROVIDENCE SANTA ROSA MEMORIAL HOSPITAL,SANTA ROSA,CA,Acute Care Hospitals,hospital_info,HIP-KNEE,Hip/knee replacement,1.0332,5.8567,5.6686,,,True
050174,PROVIDENCE SANTA ROSA MEMORIAL HOSPITAL,SANTA ROSA,CA,Acute Care Hospitals,hospital_info,PN,Pneumonia,1.0349,16.0589,15.5176,378,63,False
050179,EMANUEL MEDICAL CENTER,TURLOCK,CA,Acute Care Hospitals,hospital_info,AMI,Heart attack,1.0113,13.3931,13.2437,272,37,False
050179,EMANUEL MEDICAL CENTER,TURLOCK,CA,Acute Care Hospitals,hospital_info,COPD,Chronic obstructive pulmonary disease,1.0302,16.8842,16.3893,82,16,False
050179,EMANUEL MEDICAL CENTER,TURLOCK,CA,Acute Care Hospitals,hospital_info,HF,Heart failure,1.0307,18.713,18.1561,432,83,False
050179,EMANUEL MEDICAL CENTER,TURLOCK,CA,Acute Care Hospitals,hospital_info,HIP-KNEE,Hip/knee replacement,1.105,5.9755,5.4075,,,True
050179,EMANUEL MEDICAL CENTER,TURLOCK,CA,Acute Care Hospitals,hospital_info,PN,Pneumonia,1.1077,16.7307,15.1036,473,86,False
050180,JOHN MUIR MEDICAL CENTER - WALNUT CREEK CAMPUS,WALNUT CREEK,CA,Acute Care Hospitals,hospital_info,COPD,Chronic obstructive pulmonary disease,1.0078,18.9245,18.7785,129,25,False
050180,JOHN MUIR MEDICAL CENTER - WALNUT CREEK CAMPUS,WALNUT CREEK,CA,Acute Care Hospitals,hospital_info,PN,Pneumonia,1.0332,16.0064,15.4916,736,120,False
050191,ST MARY MEDICAL CENTER,LONG BEACH,CA,Acute Care Hospitals,hospital_info,COPD,Chronic obstructive pulmonary disease,1.0063,23.005,22.8605,50,12,False
050191,ST MARY MEDICAL CENTER,LONG BEACH,CA,Acute Care Hospitals,hospital_info,PN,Pneumonia,1.0116,19.2593,19.0387,110,22,False
050194,WATSONVILLE COMMUNITY HOSPITAL,WATSONVILLE,CA,Acute Care Hospitals,hospital_info,COPD,Chronic obstructive pulmonary disease,1.0317,16.4779,15.9713,,,True
050194,WATSONVILLE COMMUNITY HOSPITAL,WATSONVILLE,CA,Acute Care Hospitals,hospital_info,HF,Heart failure,1.0862,17.7546,16.3454,125,28,False
050195,WASHINGTON HOSPITAL,FREMONT,CA,Acute Care Hospitals,hospital_info,AMI,Heart attack,1.1804,17.609,14.9174,177,40,False
050195,WASHINGTON HOSPITAL,FREMONT,CA,Acute Care Hospitals,hospital_info,CABG,Coronary artery bypass graft surgery,1.1191,11.0837,9.9041,,,True
050195,WASHINGTON HOSPITAL,FREMONT,CA,Acute Care Hospitals,hospital_info,COPD,Chronic obstructive pulmonary disease,1.02,19.0759,18.7023,160,32,False
050195,WASHINGTON HOSPITAL,FREMONT,CA,Acute Care Hospitals,hospital_info,HF,Heart failure,1.049,20.1337,19.1934,539,112,False
050195,WASHINGTON HOSPITAL,FREMONT,CA,Acute Care Hospitals,hospital_info,PN,Pneumonia,1.0586,16.0539,15.1647,568,95,False
050197,SEQUOIA HOSPITAL,REDWOOD CITY,CA,Acute Care Hospitals,hospital_info,CABG,Coronary artery bypass graft surgery,1.057,10.9462,10.3558,,,True
050204,PALMDALE REGIONAL MEDICAL CENTER,PALMDALE,CA,Acute Care Hospitals,hospital_info,COPD,Chronic obstructive pulmonary disease,1.0234,16.3739,16.0001,57,11,False
050204,PALMDALE REGIONAL MEDICAL CENTER,PALMDALE,CA,Acute Care Hospitals,hospital_info,HF,Heart failure,1.0507,22.0193,20.9575,165,40,False
050204,PALMDALE REGIONAL MEDICAL CENTER,PALMDALE,CA,Acute Care Hospitals,hospital_info,PN,Pneumonia,1.0058,17.9112,17.8076,182,33,False
050211,ALAMEDA HOSPITAL,ALAMEDA,CA,Acute Care Hospitals,hospital_info,COPD,Chronic obstructive pulmonary disease,1.0083,18.2449,18.0951,,,True
050211,ALAMEDA HOSPITAL,ALAMEDA,CA,Acute Care Hospitals,hospital_info,HF,Heart failure,1.0048,17.8373,17.752,99,18,False
050211,ALAMEDA HOSPITAL,ALAMEDA,CA,Acute Care Hospitals,hospital_info,PN,Pneumonia,1.0379,17.5654,16.9244,196,37,False
050222,SHARP CHULA VISTA MEDICAL CENTER,CHULA VISTA,CA,Acute Care Hospitals,hospital_info,AMI,Heart attack,1.0721,15.6055,14.5562,124,23,False
050222,SHARP CHULA VISTA MEDICAL CENTER,CHULA VISTA,CA,Acute Care Hospitals,hospital_info,CABG,Coronary artery bypass graft surgery,1.144,15.0863,13.1873,55,12,False
050226,AHMC ANAHEIM REGIONAL MEDICAL CENTER,ANAHEIM,CA,Acute Care Hospitals,hospital_info,AMI,Heart attack,1.0379,17.0457,16.4238,53,11,False
050226,AHMC ANAHEIM REGIONAL MEDICAL CENTER,ANAHEIM,CA,Acute Care Hospitals,hospital_info,CABG,Coronary artery bypass graft surgery,1.0221,14.1634,13.8571,,,True
050226,AHMC ANAHEIM REGIONAL MEDICAL CENTER,ANAHEIM,CA,Acute Care Hospitals,hospital_info,HF,Heart failure,1.0066,19.5629,19.4338,110,22,False
050226,AHMC ANAHEIM REGIONAL MEDICAL CENTER,ANAHEIM,CA,Acute Care Hospitals,hospital_info,PN,Pneumonia,1.0433,18.1021,17.3511,321,61,False
050228,ZUCKERBERG SAN FRANCISCO GENERAL HOSP & TRAUMA CTR,SAN FRANCISCO,CA,Acute Care Hospitals,hospital_info,AMI,Heart attack,1.0944,15.0902,13.7879,42,11,False
050228,ZUCKERBERG SAN FRANCISCO GENERAL HOSP & TRAUMA CTR,SAN FRANCISCO,CA,Acute Care Hospitals,hospital_info,COPD,Chronic obstructive pulmonary disease,1.0557,19.7439,18.703,116,27,False
050228,ZUCKERBERG SAN FRANCISCO GENERAL HOSP & TRAUMA CTR,SAN FRANCISCO,CA,Acute Care Hospitals,hospital_info,HF,Heart failure,1.0335,20.3283,19.6703,244,52,False
050228,ZUCKERBERG SAN FRANCISCO GENERAL HOSP & TRAUMA CTR,SAN FRANCISCO,CA,Acute Care Hospitals,hospital_info,HIP-KNEE,Hip/knee replacement,1.1926,6.3276,5.3056,,,True
050228,ZUCKERBERG SAN FRANCISCO GENERAL HOSP & TRAUMA CTR,SAN FRANCISCO,CA,Acute Care Hospitals,hospital_info,PN,Pneumonia,1.1626,18.2383,15.6874,207,48,False
050230,GARDEN GROVE HOSPITAL & MEDICAL CENTER,GARDEN GROVE,CA,Acute Care Hospitals,hospital_info,COPD,Chronic obstructive pulmonary disease,1.003,18.619,18.5626,,,True
050230,GARDEN GROVE HOSPITAL & MEDICAL CENTER,GARDEN GROVE,CA,Acute Care Hospitals,hospital_info,PN,Pneumonia,1.1623,21.7659,18.7263,309,78,False
050231,POMONA VALLEY HOSPITAL MEDICAL CENTER,POMONA,CA,Acute Care Hospitals,hospital_info,HIP-KNEE,Hip/knee replacement,1.1519,4.9068,4.2596,,,True
050232,FRENCH HOSPITAL MEDICAL CENTER,SAN LUIS OBISPO,CA,Acute Care Hospitals,hospital_info,AMI,Heart attack,1.0015,11.5394,11.5222,294,34,False
050235,PROVIDENCE SAINT JOSEPH MEDICAL CTR,BURBANK,CA,Acute Care Hospitals,hospital_info,AMI,Heart attack,1.0332,13.6066,13.1695,267,38,False
050235,PROVIDENCE SAINT JOSEPH MEDICAL CTR,BURBANK,CA,Acute Care Hospitals,hospital_info,CABG,Coronary artery bypass graft surgery,1.0922,10.9267,10.004,,,True
050235,PROVIDENCE SAINT JOSEPH MEDICAL CTR,BURBANK,CA,Acute Care Hospitals,hospital_info,COPD,Chronic obstructive pulmonary disease,1.0484,19.3385,18.4461,235,49,False
050235,PROVIDENCE SAINT JOSEPH MEDICAL CTR,BURBANK,CA,Acute Care Hospitals,hospital_info,HF,Heart failure,1.1528,22.3768,19.4101,650,156,False
050235,PROVIDENCE SAINT JOSEPH MEDICAL CTR,BURBANK,CA,Acute Care Hospitals,hospital_info,PN,Pneumonia,1.1279,18.526,16.4251,727,143,False
050236,ADVENTIST HEALTH SIMI VALLEY,SIMI VALLEY,CA,Acute Care Hospitals,hospital_info,AMI,Heart attack,1.0506,14.1954,13.5113,116,19,False
050236,ADVENTIST HEALTH SIMI VALLEY,SIMI VALLEY,CA,Acute Care Hospitals,hospital_info,HF,Heart failure,1.1126,21.1854,19.0411,308,73,False
050236,ADVENTIST HEALTH SIMI VALLEY,SIMI VALLEY,CA,Acute Care Hospitals,hospital_info,HIP-KNEE,Hip/knee replacement,1.1557,7.256,6.2786,,,True
050236,ADVENTIST HEALTH SIMI VALLEY,SIMI VALLEY,CA,Acute Care Hospitals,hospital_info,PN,Pneumonia,1.0982,17.9905,16.3813,459,89,False
050238,USC ARCADIA HOSPITAL,ARCADIA,CA,Acute Care Hospitals,hospital_info,AMI,Heart attack,1.0471,16.9932,16.2293,109,21,False
050238,USC ARCADIA HOSPITAL,ARCADIA,CA,Acute Care Hospitals,hospital_info,HIP-KNEE,Hip/knee replacement,1.0321,5.1548,4.9947,,,True
050239,GLENDALE ADVENTIST MEDICAL CENTER,GLENDALE,CA,Acute Care Hospitals,hospital_info,AMI,Heart attack,1.0734,15.978,14.8859,340,58,False
050239,GLENDALE ADVENTIST MEDICAL CENTER,GLENDALE,CA,Acute Care Hospitals,hospital_info,HF,Heart failure,1.0849,22.3098,20.5637,941,216,False
050239,GLENDALE ADVENTIST MEDICAL CENTER,GLENDALE,CA,Acute Care Hospitals,hospital_info,HIP-KNEE,Hip/knee replacement,1.0778,6.5977,6.1217,,,True
050239,GLENDALE ADVENTIST MEDICAL CENTER,GLENDALE,CA,Acute Care Hospitals,hospital_info,PN,Pneumonia,1.1485,19.8623,17.2934,1336,275,False
050242,DOMINICAN HOSPITAL,SANTA CRUZ,CA,Acute Care Hospitals,hospital_info,AMI,Heart attack,1.112,13.277,11.9395,246,38,False
050242,DOMINICAN HOSPITAL,SANTA CRUZ,CA,Acute Care Hospitals,hospital_info,CABG,Coronary artery bypass graft surgery,1.0743,11.3091,10.5273,,,True
050242,DOMINICAN HOSPITAL,SANTA CRUZ,CA,Acute Care Hospitals,hospital_info,HIP-KNEE,Hip/knee replacement,1.0111,7.4831,7.4012,,,True
050243,DESERT REGIONAL MEDICAL CENTER,PALM SPRINGS,CA,Acute Care Hospitals,hospital_info,AMI,Heart attack,1.0673,13.4123,12.5661,132,21,False
050243,DESERT REGIONAL MEDICAL CENTER,PALM SPRINGS,CA,Acute Care Hospitals,hospital_info,CABG,Coronary artery bypass graft surgery,1.0397,11.0683,10.6456,,,True
050243,DESERT REGIONAL MEDICAL CENTER,PALM SPRINGS,CA,Acute Care Hospitals,hospital_info,HF,Heart failure,1.0073,19.4709,19.3302,213,42,False
050243,DESERT REGIONAL MEDICAL CENTER,PALM SPRINGS,CA,Acute Care Hospitals,hospital_info,PN,Pneumonia,1.0707,17.7945,16.6196,249,49,False
050248,NATIVIDAD MEDICAL CENTER,SALINAS,CA,Acute Care Hospitals,hospital_info,COPD,Chronic obstructive pulmonary disease,1.019,17.9636,17.6288,,,True
050248,NATIVIDAD MEDICAL CENTER,SALINAS,CA,Acute Care Hospitals,hospital_info,HF,Heart failure,1.0109,19.1778,18.9701,95,19,False
050261,SIERRA VIEW MEDICAL CENTER,PORTERVILLE,CA,Acute Care Hospitals,hospital_info,AMI,Heart attack,1.0063,12.6019,12.523,,,True
050261,SIERRA VIEW MEDICAL CENTER,PORTERVILLE,CA,Acute Care Hospitals,hospital_info,COPD,Chronic obstructive pulmonary disease,1.0827,21.0509,19.4422,109,29,False
050261,SIERRA VIEW MEDICAL CENTER,PORTERVILLE,CA,Acute Care Hospitals,hospital_info,HF,Heart failure,1.0403,21.2408,20.4189,151,35,False
050261,SIERRA VIEW MEDICAL CENTER,PORTERVILLE,CA,Acute Care Hospitals,hospital_info,PN,Pneumonia,1.0011,16.5145,16.497,266,44,False
050262,RONALD REAGAN UCLA MEDICAL CENTER,LOS ANGELES,CA,Acute Care Hospitals,hospital_info,CABG,Coronary artery bypass graft surgery,1.0079,11.4209,11.3317,112,13,False
050272,REDLANDS COMMUNITY HOSPITAL,REDLANDS,CA,Acute Care Hospitals,hospital_info,PN,Pneumonia,1.0007,18.0725,18.06,210,38,False
050276,CONTRA COSTA REGIONAL MEDICAL CENTER,MARTINEZ,CA,Acute Care Hospitals,hospital_info,HF,Heart failure,1.0291,19.5535,19.0,107,23,False
050278,PROVIDENCE HOLY CROSS MEDICAL CENTER,MISSION HILLS,CA,Acute Care Hospitals,hospital_info,HF,Heart failure,1.064,22.8124,21.4402,567,134,False
050278,PROVIDENCE HOLY CROSS MEDICAL CENTER,MISSION HILLS,CA,Acute Care Hospitals,hospital_info,HIP-KNEE,Hip/knee replacement,1.1369,5.7193,5.0305,,,True
050278,PROVIDENCE HOLY CROSS MEDICAL CENTER,MISSION HILLS,CA,Acute Care Hospitals,hospital_info,PN,Pneumonia,1.0845,19.5927,18.0659,267,58,False
050279,HI-DESERT MEDICAL CENTER,JOSHUA TREE,CA,Acute Care Hospitals,hospital_info,HF,Heart failure,1.0064,18.1809,18.0649,,,True
050279,HI-DESERT MEDICAL CENTER,JOSHUA TREE,CA,Acute Care Hospitals,hospital_info,PN,Pneumonia,1.0114,14.4116,14.2497,92,14,False
050280,MERCY MEDICAL CENTER REDDING,REDDING,CA,Acute Care Hospitals,hospital_info,CABG,Coronary artery bypass graft surgery,1.2447,13.4328,10.7924,69,15,False
050280,MERCY MEDICAL CENTER REDDING,REDDING,CA,Acute Care Hospitals,hospital_info,HIP-KNEE,Hip/knee replacement,1.0354,5.6759,5.4816,,,True
050281,ALHAMBRA HOSPITAL MEDICAL CENTER,ALHAMBRA,CA,Acute Care Hospitals,hospital_info,HF,Heart failure,1.0201,20.6001,20.1942,56,13,False
050281,ALHAMBRA HOSPITAL MEDICAL CENTER,ALHAMBRA,CA,Acute Care Hospitals,hospital_info,PN,Pneumonia,1.0423,17.9378,17.2105,235,45,False
050283,STANFORD HEALTH CARE TRI-VALLEY,PLEASANTON,CA,Acute Care Hospitals,hospital_info,HIP-KNEE,Hip/knee replacement,1.1036,6.8847,6.2383,,,True
050283,STANFORD HEALTH CARE TRI-VALLEY,PLEASANTON,CA,Acute Care Hospitals,hospital_info,PN,Pneumonia,1.0035,16.0015,15.9456,361,58,False
050289,AHMC SETON MEDICAL CENTER,DALY CITY,CA,Acute Care Hospitals,hospital_info,AMI,Heart attack,1.0236,14.843,14.5006,66,11,False
050289,AHMC SETON MEDICAL CENTER,DALY CITY,CA,Acute Care Hospitals,hospital_info,HF,Heart failure,1.0504,19.4801,18.5462,141,31,False
050290,SAINT JOHN'S HEALTH CENTER,SANTA MONICA,CA,Acute Care Hospitals,hospital_info,AMI,Heart attack,1.0081,14.1229,14.0095,167,24,False
050290,SAINT JOHN'S HEALTH CENTER,SANTA MONICA,CA,Acute Care Hospitals,hospital_info,COPD,Chronic obstructive pulmonary disease,1.0676,20.4135,19.1217,108,27,False
050290,SAINT JOHN'S HEALTH CENTER,SANTA MONICA,CA,Acute Care Hospitals,hospital_info,PN,Pneumonia,1.0354,17.9452,17.3308,555,102,False
050291,SUTTER SANTA ROSA REGIONAL HOSPITAL,SANTA ROSA,CA,Acute Care Hospitals,hospital_info,HIP-KNEE,Hip/knee replacement,1.011,5.3123,5.2545,280,15,False
050292,RIVERSIDE UNIVERSITY HEALTH SYSTEM-MEDICAL CENTER,MORENO VALLEY,CA,Acute Care Hospitals,hospital_info,COPD,Chronic obstructive pulmonary disease,1.0077,19.4505,19.3024,69,14,False
050292,RIVERSIDE UNIVERSITY HEALTH SYSTEM-MEDICAL CENTER,MORENO VALLEY,CA,Acute Care Hospitals,hospital_info,HF,Heart failure,1.1286,24.0989,21.3527,157,47,False
050295,MERCY HOSPITAL,BAKERSFIELD,CA,Acute Care Hospitals,hospital_info,HF,Heart failure,1.0223,18.6622,18.2547,163,32,False
050295,MERCY HOSPITAL,BAKERSFIELD,CA,Acute Care Hospitals,hospital_info,PN,Pneumonia,1.0061,15.6349,15.5396,298,47,False
050298,BARSTOW COMMUNITY HOSPITAL,BARSTOW,CA,Acute Care Hospitals,hospital_info,PN,Pneumonia,1.007,16.9716,16.8539,62,11,False
050300,PROVIDENCE ST MARY MEDICAL CENTER,APPLE VALLEY,CA,Acute Care Hospitals,hospital_info,HF,Heart failure,1.0442,21.0291,20.1392,313,69,False
050300,PROVIDENCE ST MARY MEDICAL CENTER,APPLE VALLEY,CA,Acute Care Hospitals,hospital_info,HIP-KNEE,Hip/knee replacement,1.427,7.1188,4.9887,,,True
050300,PROVIDENCE ST MARY MEDICAL CENTER,APPLE VALLEY,CA,Acute Care Hospitals,hospital_info,PN,Pneumonia,1.0552,18.0902,17.1432,256,50,False
050301,ADVENTIST HEALTH UKIAH VALLEY,UKIAH,CA,Acute Care Hospitals,hospital_info,HF,Heart failure,1.0017,19.2283,19.1966,171,33,False
050308,EL CAMINO HEALTH,MOUNTAIN VIEW,CA,Acute Care Hospitals,hospital_info,AMI,Heart attack,1.0724,11.8367,11.0378,216,29,False
050308,EL CAMINO HEALTH,MOUNTAIN VIEW,CA,Acute Care Hospitals,hospital_info,COPD,Chronic obstructive pulmonary disease,1.0477,17.6028,16.8006,185,36,False
050308,EL CAMINO HEALTH,MOUNTAIN VIEW,CA,Acute Care Hospitals,hospital_info,HIP-KNEE,Hip/knee replacement,1.0366,6.0711,5.857,,,True
050308,EL CAMINO HEALTH,MOUNTAIN VIEW,CA,Acute Care Hospitals,hospital_info,PN,Pneumonia,1.086,15.564,14.332,768,125,False
050309,SUTTER ROSEVILLE MEDICAL CENTER,ROSEVILLE,CA,Acute Care Hospitals,hospital_info,COPD,Chronic obstructive pulmonary disease,1.0412,19.494,18.7232,282,58,False
050309,SUTTER ROSEVILLE MEDICAL CENTER,ROSEVILLE,CA,Acute Care Hospitals,hospital_info,HIP-KNEE,Hip/knee replacement,1.0813,5.8245,5.3868,,,True
050313,SUTTER TRACY COMMUNITY HOSPITAL,TRACY,CA,Acute Care Hospitals,hospital_info,HIP-KNEE,Hip/knee replacement,1.0355,5.7194,5.5236,,,True
050315,KERN MEDICAL CENTER,BAKERSFIELD,CA,Acute Care Hospitals,hospital_info,HF,Heart failure,1.0145,20.9011,20.6025,,,True
050320,HIGHLAND HOSPITAL,OAKLAND,CA,Acute Care Hospitals,hospital_info,AMI,Heart attack,1.0992,14.9982,13.6449,61,14,False
050320,HIGHLAND HOSPITAL,OAKLAND,CA,Acute Care Hospitals,hospital_info,PN,Pneumonia,1.0717,19.0586,17.7832,237,50,False
050324,SCRIPPS MEMORIAL HOSPITAL LA JOLLA,LA JOLLA,CA,Acute Care Hospitals,hospital_info,CABG,Coronary artery bypass graft surgery,1.0576,10.5607,9.9851,100,12,False
050324,SCRIPPS MEMORIAL HOSPITAL LA JOLLA,LA JOLLA,CA,Acute Care Hospitals,hospital_info,COPD,Chronic obstructive pulmonary disease,1.0017,17.6894,17.6587,118,21,False
050324,SCRIPPS MEMORIAL HOSPITAL LA JOLLA,LA JOLLA,CA,Acute Care Hospitals,hospital_info,HIP-KNEE,Hip/knee replacement,1.0735,5.0173,4.674,223,12,False
050327,LOMA LINDA UNIVERSITY MEDICAL CENTER,LOMA LINDA,CA,Acute Care Hospitals,hospital_info,HF,Heart failure,1.0088,19.2846,19.116,396,77,False
050329,CORONA REGIONAL MEDICAL CENTER,CORONA,CA,Acute Care Hospitals,hospital_info,PN,Pneumonia,1.1306,18.4341,16.3048,166,39,False
050334,SALINAS VALLEY HEALTH MEDICAL CENTER,SALINAS,CA,Acute Care Hospitals,hospital_info,AMI,Heart attack,1.0611,14.2725,13.4512,231,36,False
050334,SALINAS VALLEY HEALTH MEDICAL CENTER,SALINAS,CA,Acute Care Hospitals,hospital_info,HF,Heart failure,1.0665,20.2831,19.0176,682,143,False
050334,SALINAS VALLEY HEALTH MEDICAL CENTER,SALINAS,CA,Acute Care Hospitals,hospital_info,PN,Pneumonia,1.0628,16.3336,15.3691,471,81,False
050336,ADVENTIST HEALTH LODI MEMORIAL,LODI,CA,Acute Care Hospitals,hospital_info,HF,Heart failure,1.1077,20.4545,18.4659,389,87,False
050336,ADVENTIST HEALTH LODI MEMORIAL,LODI,CA,Acute Care Hospitals,hospital_info,PN,Pneumonia,1.0693,16.1556,15.108,517,88,False
050342,PIONEERS MEMORIAL HEALTHCARE DISTRICT,BRAWLEY,CA,Acute Care Hospitals,hospital_info,COPD,Chronic obstructive pulmonary disease,1.0083,21.4227,21.2462,,,True
050342,PIONEERS MEMORIAL HEALTHCARE DISTRICT,BRAWLEY,CA,Acute Care Hospitals,hospital_info,HF,Heart failure,1.027,20.2766,19.7427,94,21,False
050348,UCI HEALTH-ORANGE,ORANGE,CA,Acute Care Hospitals,hospital_info,AMI,Heart attack,1.0443,17.732,16.9805,94,19,False
050348,UCI HEALTH-ORANGE,ORANGE,CA,Acute Care Hospitals,hospital_info,PN,Pneumonia,1.0242,18.404,17.9692,317,60,False
050350,ADVENTIST HEALTH WHITE MEMORIAL MONTEBELLO,MONTEBELLO,CA,Acute Care Hospitals,hospital_info,AMI,Heart attack,1.0527,15.9387,15.1406,,,True
050350,ADVENTIST HEALTH WHITE MEMORIAL MONTEBELLO,MONTEBELLO,CA,Acute Care Hospitals,hospital_info,COPD,Chronic obstructive pulmonary disease,1.0179,22.9375,22.5331,,,True
050350,ADVENTIST HEALTH WHITE MEMORIAL MONTEBELLO,MONTEBELLO,CA,Acute Care Hospitals,hospital_info,HF,Heart failure,1.02,20.8243,20.4159,89,20,False
050350,ADVENTIST HEALTH WHITE MEMORIAL MONTEBELLO,MONTEBELLO,CA,Acute Care Hospitals,hospital_info,PN,Pneumonia,1.0208,18.9498,18.5644,119,24,False
050351,TORRANCE MEMORIAL MEDICAL CENTER,TORRANCE,CA,Acute Care Hospitals,hospital_info,AMI,Heart attack,1.0503,14.6957,13.9922,180,29,False
050351,TORRANCE MEMORIAL MEDICAL CENTER,TORRANCE,CA,Acute Care Hospitals,hospital_info,CABG,Coronary artery bypass graft surgery,1.0816,12.964,11.9855,,,True
050351,TORRANCE MEMORIAL MEDICAL CENTER,TORRANCE,CA,Acute Care Hospitals,hospital_info,COPD,Chronic obstructive pulmonary disease,1.0226,18.7241,18.3102,146,29,False
050351,TORRANCE MEMORIAL MEDICAL CENTER,TORRANCE,CA,Acute Care Hospitals,hospital_info,HF,Heart failure,1.0371,19.5806,18.88,819,163,False
050351,TORRANCE MEMORIAL MEDICAL CENTER,TORRANCE,CA,Acute Care Hospitals,hospital_info,PN,Pneumonia,1.0844,16.4681,15.1864,635,110,False
050352,BARTON MEMORIAL HOSPITAL,SOUTH LAKE TAHOE,CA,Acute Care Hospitals,hospital_info,HF,Heart failure,1.0198,17.7078,17.3636,,,True
050353,PROVIDENCE LITTLE COMPANY OF MARY MED CTR TORRANCE,TORRANCE,CA,Acute Care Hospitals,hospital_info,AMI,Heart attack,1.0361,15.0165,14.4934,174,28,False
050353,PROVIDENCE LITTLE COMPANY OF MARY MED CTR TORRANCE,TORRANCE,CA,Acute Care Hospitals,hospital_info,PN,Pneumonia,1.0046,15.2109,15.1418,307,47,False
050360,MARINHEALTH MEDICAL CENTER,GREENBRAE,CA,Acute Care Hospitals,hospital_info,CABG,Coronary artery bypass graft surgery,1.0093,10.7432,10.6441,,,True
050367,NORTHBAY MEDICAL CENTER,FAIRFIELD,CA,Acute Care Hospitals,hospital_info,CABG,Coronary artery bypass graft surgery,1.0272,10.7692,10.4843,,,True
050367,NORTHBAY MEDICAL CENTER,FAIRFIELD,CA,Acute Care Hospitals,hospital_info,COPD,Chronic obstructive pulmonary disease,1.0381,19.4563,18.7426,186,39,False
050367,NORTHBAY MEDICAL CENTER,FAIRFIELD,CA,Acute Care Hospitals,hospital_info,HF,Heart failure,1.0677,20.5425,19.2398,488,105,False
050373,LOS ANGELES GENERAL MEDICAL CENTER,LOS ANGELES,CA,Acute Care Hospitals,hospital_info,AMI,Heart attack,1.047,14.1569,13.5212,,,True
050373,LOS ANGELES GENERAL MEDICAL CENTER,LOS ANGELES,CA,Acute Care Hospitals,hospital_info,COPD,Chronic obstructive pulmonary disease,1.0434,21.3527,20.464,55,15,False
050373,LOS ANGELES GENERAL MEDICAL CENTER,LOS ANGELES,CA,Acute Care Hospitals,hospital_info,HF,Heart failure,1.0243,20.0225,19.548,236,49,False
050373,LOS ANGELES GENERAL MEDICAL CENTER,LOS ANGELES,CA,Acute Care Hospitals,hospital_info,PN,Pneumonia,1.0076,17.2914,17.1603,130,23,False
050376,LAC/HARBOR-UCLA MED CENTER,TORRANCE,CA,Acute Care Hospitals,hospital_info,HF,Heart failure,1.0241,20.3849,19.9055,119,26,False
050376,LAC/HARBOR-UCLA MED CENTER,TORRANCE,CA,Acute Care Hospitals,hospital_info,PN,Pneumonia,1.0277,17.9332,17.4504,101,20,False
050380,GOOD SAMARITAN HOSPITAL,SAN JOSE,CA,Acute Care Hospitals,hospital_info,AMI,Heart attack,1.2312,16.1161,13.0899,256,52,False
050380,GOOD SAMARITAN HOSPITAL,SAN JOSE,CA,Acute Care Hospitals,hospital_info,CABG,Coronary artery bypass graft surgery,1.1294,12.6478,11.1989,,,True
050380,GOOD SAMARITAN HOSPITAL,SAN JOSE,CA,Acute Care Hospitals,hospital_info,COPD,Chronic obstructive pulmonary disease,1.0544,19.3513,18.3532,114,26,False
050380,GOOD SAMARITAN HOSPITAL,SAN JOSE,CA,Acute Care Hospitals,hospital_info,HF,Heart failure,1.063,18.8305,17.7139,646,126,False
050380,GOOD SAMARITAN HOSPITAL,SAN JOSE,CA,Acute Care Hospitals,hospital_info,HIP-KNEE,Hip/knee replacement,1.0625,5.4383,5.1186,,,True
050382,EMANATE HEALTH INTER-COMMUNITY HOSPITAL,COVINA,CA,Acute Care Hospitals,hospital_info,AMI,Heart attack,1.1236,13.9549,12.4196,129,24,False
050382,EMANATE HEALTH INTER-COMMUNITY HOSPITAL,COVINA,CA,Acute Care Hospitals,hospital_info,CABG,Coronary artery bypass graft surgery,1.1507,12.011,10.4381,,,True
050382,EMANATE HEALTH INTER-COMMUNITY HOSPITAL,COVINA,CA,Acute Care Hospitals,hospital_info,COPD,Chronic obstructive pulmonary disease,1.0213,15.5829,15.2581,93,16,False
050382,EMANATE HEALTH INTER-COMMUNITY HOSPITAL,COVINA,CA,Acute Care Hospitals,hospital_info,HIP-KNEE,Hip/knee replacement,1.1902,5.6032,4.7079,,,True
050382,EMANATE HEALTH INTER-COMMUNITY HOSPITAL,COVINA,CA,Acute Care Hospitals,hospital_info,PN,Pneumonia,1.0995,20.2357,18.4051,614,131,False
050390,HEMET GLOBAL MEDICAL CENTER,HEMET,CA,Acute Care Hospitals,hospital_info,PN,Pneumonia,1.0686,18.4522,17.2675,192,40,False
050393,PIH HEALTH DOWNEY HOSPITAL,DOWNEY,CA,Acute Care Hospitals,hospital_info,COPD,Chronic obstructive pulmonary disease,1.0267,18.0131,17.5449,,,True
050393,PIH HEALTH DOWNEY HOSPITAL,DOWNEY,CA,Acute Care Hospitals,hospital_info,PN,Pneumonia,1.0967,19.2045,17.5111,180,41,False
050394,COMMUNITY MEMORIAL HOSPITAL - VENTURA,VENTURA,CA,Acute Care Hospitals,hospital_info,AMI,Heart attack,1.0004,12.6516,12.6459,150,19,False
050396,SANTA BARBARA COTTAGE HOSPITAL,SANTA BARBARA,CA,Acute Care Hospitals,hospital_info,AMI,Heart attack,1.0345,13.091,12.654,239,33,False
050396,SANTA BARBARA COTTAGE HOSPITAL,SANTA BARBARA,CA,Acute Care Hospitals,hospital_info,PN,Pneumonia,1.0353,15.1493,14.6333,645,100,False
050407,CHINESE HOSPITAL,SAN FRANCISCO,CA,Acute Care Hospitals,hospital_info,COPD,Chronic obstructive pulmonary disease,1.0267,14.317,13.9444,,,True
050407,CHINESE HOSPITAL,SAN FRANCISCO,CA,Acute Care Hospitals,hospital_info,HF,Heart failure,1.0792,17.5558,16.2682,95,22,False
050414,MERCY HOSPITAL OF FOLSOM,FOLSOM,CA,Acute Care Hospitals,hospital_info,COPD,Chronic obstructive pulmonary disease,1.0298,19.2758,18.7175,139,29,False
050414,MERCY HOSPITAL OF FOLSOM,FOLSOM,CA,Acute Care Hospitals,hospital_info,HF,Heart failure,1.0657,19.2232,18.038,356,73,False
050426,WEST ANAHEIM MEDICAL CENTER,ANAHEIM,CA,Acute Care Hospitals,hospital_info,AMI,Heart attack,1.0666,17.6422,16.541,77,17,False
050426,WEST ANAHEIM MEDICAL CENTER,ANAHEIM,CA,Acute Care Hospitals,hospital_info,HF,Heart failure,1.0512,23.026,21.9044,140,36,False
050426,WEST ANAHEIM MEDICAL CENTER,ANAHEIM,CA,Acute Care Hospitals,hospital_info,PN,Pneumonia,1.1765,22.622,19.2288,426,108,False
050438,HUNTINGTON HOSPITAL,PASADENA,CA,Acute Care Hospitals,hospital_info,AMI,Heart attack,1.0801,14.1506,13.1009,163,27,False
050438,HUNTINGTON HOSPITAL,PASADENA,CA,Acute Care Hospitals,hospital_info,CABG,Coronary artery bypass graft surgery,1.0005,10.1259,10.1208,,,True
050438,HUNTINGTON HOSPITAL,PASADENA,CA,Acute Care Hospitals,hospital_info,HF,Heart failure,1.1182,22.1039,19.7677,528,125,False
050438,HUNTINGTON HOSPITAL,PASADENA,CA,Acute Care Hospitals,hospital_info,PN,Pneumonia,1.0699,18.0918,16.9096,726,136,False
050441,STANFORD HEALTH CARE,STANFORD,CA,Acute Care Hospitals,hospital_info,HF,Heart failure,1.0439,20.7364,19.8639,877,185,False
050441,STANFORD HEALTH CARE,STANFORD,CA,Acute Care Hospitals,hospital_info,PN,Pneumonia,1.0341,17.0953,16.5309,829,144,False
050444,MERCY MEDICAL CENTER,MERCED,CA,Acute Care Hospitals,hospital_info,AMI,Heart attack,1.0642,15.0181,14.1123,52,11,False
050444,MERCY MEDICAL CENTER,MERCED,CA,Acute Care Hospitals,hospital_info,HF,Heart failure,1.0931,20.7252,18.9593,538,118,False
050444,MERCY MEDICAL CENTER,MERCED,CA,Acute Care Hospitals,hospital_info,PN,Pneumonia,1.0258,16.5988,16.1818,568,96,False
050454,UCSF MEDICAL CENTER,SAN FRANCISCO,CA,Acute Care Hospitals,hospital_info,AMI,Heart attack,1.0676,16.487,15.4427,155,29,False
050454,UCSF MEDICAL CENTER,SAN FRANCISCO,CA,Acute Care Hospitals,hospital_info,PN,Pneumonia,1.0283,17.9814,17.4873,590,108,False
050455,ADVENTIST HEALTH BAKERSFIELD,BAKERSFIELD,CA,Acute Care Hospitals,hospital_info,AMI,Heart attack,1.0466,14.0934,13.4664,168,26,False
050455,ADVENTIST HEALTH BAKERSFIELD,BAKERSFIELD,CA,Acute Care Hospitals,hospital_info,COPD,Chronic obstructive pulmonary disease,1.0091,20.7179,20.5316,98,21,False
050455,ADVENTIST HEALTH BAKERSFIELD,BAKERSFIELD,CA,Acute Care Hospitals,hospital_info,HF,Heart failure,1.0519,20.6373,19.6189,268,59,False
050455,ADVENTIST HEALTH BAKERSFIELD,BAKERSFIELD,CA,Acute Care Hospitals,hospital_info,PN,Pneumonia,1.0232,17.2498,16.8586,420,74,False
050457,UCSF HEALTH ST. MARY'S HOSPITAL,SAN FRANCISCO,CA,Acute Care Hospitals,hospital_info,AMI,Heart attack,1.0698,14.011,13.097,,,True
050457,UCSF HEALTH ST. MARY'S HOSPITAL,SAN FRANCISCO,CA,Acute Care Hospitals,hospital_info,COPD,Chronic obstructive pulmonary disease,1.0469,19.524,18.6498,44,12,False
050457,UCSF HEALTH ST. MARY'S HOSPITAL,SAN FRANCISCO,CA,Acute Care Hospitals,hospital_info,PN,Pneumonia,1.0308,16.9957,16.4872,135,25,False
050464,DOCTORS MEDICAL CENTER,MODESTO,CA,Acute Care Hospitals,hospital_info,AMI,Heart attack,1.071,14.4615,13.5028,363,56,False
050464,DOCTORS MEDICAL CENTER,MODESTO,CA,Acute Care Hospitals,hospital_info,CABG,Coronary artery bypass graft surgery,1.2466,12.5069,10.0326,130,22,False
050464,DOCTORS MEDICAL CENTER,MODESTO,CA,Acute Care Hospitals,hospital_info,COPD,Chronic obstructive pulmonary disease,1.0777,20.913,19.4054,102,27,False
050464,DOCTORS MEDICAL CENTER,MODESTO,CA,Acute Care Hospitals,hospital_info,HF,Heart failure,1.0383,21.6163,20.818,408,91,False
050464,DOCTORS MEDICAL CENTER,MODESTO,CA,Acute Care Hospitals,hospital_info,PN,Pneumonia,1.0203,17.1612,16.8194,365,64,False
050468,MEMORIAL HOSPITAL OF GARDENA,GARDENA,CA,Acute Care Hospitals,hospital_info,COPD,Chronic obstructive pulmonary disease,1.0039,22.6579,22.5693,56,13,False
050468,MEMORIAL HOSPITAL OF GARDENA,GARDENA,CA,Acute Care Hospitals,hospital_info,HF,Heart failure,1.1919,27.8997,23.4084,122,48,False
050468,MEMORIAL HOSPITAL OF GARDENA,GARDENA,CA,Acute Care Hospitals,hospital_info,PN,Pneumonia,1.0492,21.4511,20.4459,189,44,False
050471,PIH HEALTH GOOD SAMARITAN HOSPITAL,LOS ANGELES,CA,Acute Care Hospitals,hospital_info,AMI,Heart attack,1.0879,16.9996,15.6265,74,17,False
050471,PIH HEALTH GOOD SAMARITAN HOSPITAL,LOS ANGELES,CA,Acute Care Hospitals,hospital_info,CABG,Coronary artery bypass graft surgery,1.0499,12.3706,11.783,,,True
050471,PIH HEALTH GOOD SAMARITAN HOSPITAL,LOS ANGELES,CA,Acute Care Hospitals,hospital_info,COPD,Chronic obstructive pulmonary disease,1.055,21.4711,20.3524,55,16,False
050471,PIH HEALTH GOOD SAMARITAN HOSPITAL,LOS ANGELES,CA,Acute Care Hospitals,hospital_info,HF,Heart failure,1.1098,22.2285,20.0291,343,84,False
050471,PIH HEALTH GOOD SAMARITAN HOSPITAL,LOS ANGELES,CA,Acute Care Hospitals,hospital_info,PN,Pneumonia,1.1695,21.7086,18.562,234,62,False
050481,UCLA WEST VALLEY MEDICAL CENTER,WEST HILLS,CA,Acute Care Hospitals,hospital_info,AMI,Heart attack,1.1252,16.4608,14.6291,187,37,False
050481,UCLA WEST VALLEY MEDICAL CENTER,WEST HILLS,CA,Acute Care Hospitals,hospital_info,CABG,Coronary artery bypass graft surgery,1.0642,13.6151,12.7939,,,True
050481,UCLA WEST VALLEY MEDICAL CENTER,WEST HILLS,CA,Acute Care Hospitals,hospital_info,COPD,Chronic obstructive pulmonary disease,1.1015,23.1387,21.0073,83,27,False
050481,UCLA WEST VALLEY MEDICAL CENTER,WEST HILLS,CA,Acute Care Hospitals,hospital_info,HF,Heart failure,1.1412,22.4993,19.716,343,87,False
050481,UCLA WEST VALLEY MEDICAL CENTER,WEST HILLS,CA,Acute Care Hospitals,hospital_info,PN,Pneumonia,1.1599,20.7415,17.8829,451,104,False
050485,MEMORIALCARE LONG BEACH MEDICAL CENTER,LONG BEACH,CA,Acute Care Hospitals,hospital_info,AMI,Heart attack,1.0314,15.9929,15.5059,121,21,False
050485,MEMORIALCARE LONG BEACH MEDICAL CENTER,LONG BEACH,CA,Acute Care Hospitals,hospital_info,CABG,Coronary artery bypass graft surgery,1.03,15.129,14.6877,,,True
050485,MEMORIALCARE LONG BEACH MEDICAL CENTER,LONG BEACH,CA,Acute Care Hospitals,hospital_info,COPD,Chronic obstructive pulmonary disease,1.0642,22.1571,20.8195,77,22,False
050485,MEMORIALCARE LONG BEACH MEDICAL CENTER,LONG BEACH,CA,Acute Care Hospitals,hospital_info,HIP-KNEE,Hip/knee replacement,1.3162,8.2319,6.2546,,,True
050488,EDEN MEDICAL CENTER,CASTRO VALLEY,CA,Acute Care Hospitals,hospital_info,HIP-KNEE,Hip/knee replacement,1.0466,4.7694,4.5569,,,True
050492,CLOVIS COMMUNITY MEDICAL CENTER,CLOVIS,CA,Acute Care Hospitals,hospital_info,AMI,Heart attack,1.006,12.748,12.6721,131,17,False
050492,CLOVIS COMMUNITY MEDICAL CENTER,CLOVIS,CA,Acute Care Hospitals,hospital_info,COPD,Chronic obstructive pulmonary disease,1.0466,18.9893,18.1438,156,33,False
050492,CLOVIS COMMUNITY MEDICAL CENTER,CLOVIS,CA,Acute Care Hospitals,hospital_info,HF,Heart failure,1.0497,20.7061,19.7261,490,105,False
050496,JOHN MUIR MEDICAL CENTER - CONCORD CAMPUS,CONCORD,CA,Acute Care Hospitals,hospital_info,AMI,Heart attack,1.0417,14.1003,13.5357,283,42,False
050496,JOHN MUIR MEDICAL CENTER - CONCORD CAMPUS,CONCORD,CA,Acute Care Hospitals,hospital_info,COPD,Chronic obstructive pulmonary disease,1.1544,21.1291,18.3031,124,37,False
050496,JOHN MUIR MEDICAL CENTER - CONCORD CAMPUS,CONCORD,CA,Acute Care Hospitals,hospital_info,HIP-KNEE,Hip/knee replacement,1.0425,5.3175,5.1007,480,26,False
050496,JOHN MUIR MEDICAL CENTER - CONCORD CAMPUS,CONCORD,CA,Acute Care Hospitals,hospital_info,PN,Pneumonia,1.0846,17.614,16.2398,366,70,False
050503,SCRIPPS MEMORIAL HOSPITAL - ENCINITAS,ENCINITAS,CA,Acute Care Hospitals,hospital_info,COPD,Chronic obstructive pulmonary disease,1.0138,19.2677,19.0061,114,23,False
050503,SCRIPPS MEMORIAL HOSPITAL - ENCINITAS,ENCINITAS,CA,Acute Care Hospitals,hospital_info,HIP-KNEE,Hip/knee replacement,1.2588,6.6665,5.296,170,14,False
050506,ADVENTIST HEALTH SIERRA VISTA,SAN LUIS OBISPO,CA,Acute Care Hospitals,hospital_info,HF,Heart failure,1.0782,19.0138,17.6352,77,20,False
050506,ADVENTIST HEALTH SIERRA VISTA,SAN LUIS OBISPO,CA,Acute Care Hospitals,hospital_info,HIP-KNEE,Hip/knee replacement,1.136,4.3813,3.8567,,,True
050516,MERCY SAN JUAN MEDICAL CENTER,CARMICHAEL,CA,Acute Care Hospitals,hospital_info,CABG,Coronary artery bypass graft surgery,1.0199,11.3457,11.1245,,,True
050516,MERCY SAN JUAN MEDICAL CENTER,CARMICHAEL,CA,Acute Care Hospitals,hospital_info,COPD,Chronic obstructive pulmonary disease,1.0622,21.1235,19.8871,210,49,False
050516,MERCY SAN JUAN MEDICAL CENTER,CARMICHAEL,CA,Acute Care Hospitals,hospital_info,HIP-KNEE,Hip/knee replacement,1.1127,5.9198,5.3204,,,True
050516,MERCY SAN JUAN MEDICAL CENTER,CARMICHAEL,CA,Acute Care Hospitals,hospital_info,PN,Pneumonia,1.1089,17.3001,15.6017,399,76,False
050517,VICTOR VALLEY GLOBAL MEDICAL CENTER,VICTORVILLE,CA,Acute Care Hospitals,hospital_info,COPD,Chronic obstructive pulmonary disease,1.0264,16.4449,16.0226,,,True
050517,VICTOR VALLEY GLOBAL MEDICAL CENTER,VICTORVILLE,CA,Acute Care Hospitals,hospital_info,HF,Heart failure,1.0011,22.293,22.269,,,True
050517,VICTOR VALLEY GLOBAL MEDICAL CENTER,VICTORVILLE,CA,Acute Care Hospitals,hospital_info,PN,Pneumonia,1.0945,19.0846,17.436,103,26,False
050523,SUTTER DELTA MEDICAL CENTER,ANTIOCH,CA,Acute Care Hospitals,hospital_info,AMI,Heart attack,1.0388,13.5401,13.0348,89,14,False
050523,SUTTER DELTA MEDICAL CENTER,ANTIOCH,CA,Acute Care Hospitals,hospital_info,COPD,Chronic obstructive pulmonary disease,1.0092,21.1614,20.9693,129,28,False
050523,SUTTER DELTA MEDICAL CENTER,ANTIOCH,CA,Acute Care Hospitals,hospital_info,HF,Heart failure,1.0137,21.0825,20.798,351,75,False
050526,HUNTINGTON BEACH HOSPITAL,HUNTINGTON BEACH,CA,Acute Care Hospitals,hospital_info,HF,Heart failure,1.114,21.6322,19.4186,79,25,False
050526,HUNTINGTON BEACH HOSPITAL,HUNTINGTON BEACH,CA,Acute Care Hospitals,hospital_info,PN,Pneumonia,1.0158,18.968,18.6727,163,32,False
050528,MEMORIAL HOSPITAL LOS BANOS,LOS BANOS,CA,Acute Care Hospitals,hospital_info,HF,Heart failure,1.0067,16.9892,16.8756,62,11,False
050528,MEMORIAL HOSPITAL LOS BANOS,LOS BANOS,CA,Acute Care Hospitals,hospital_info,PN,Pneumonia,1.025,15.5645,15.1842,73,13,False
050534,JOHN F KENNEDY MEMORIAL HOSPITAL,INDIO,CA,Acute Care Hospitals,hospital_info,AMI,Heart attack,1.0159,13.0868,12.8825,,,True
050534,JOHN F KENNEDY MEMORIAL HOSPITAL,INDIO,CA,Acute Care Hospitals,hospital_info,COPD,Chronic obstructive pulmonary disease,1.0289,18.6935,18.169,,,True
050534,JOHN F KENNEDY MEMORIAL HOSPITAL,INDIO,CA,Acute Care Hospitals,hospital_info,HF,Heart failure,1.0472,21.8817,20.8946,103,26,False
050534,JOHN F KENNEDY MEMORIAL HOSPITAL,INDIO,CA,Acute Care Hospitals,hospital_info,PN,Pneumonia,1.1135,17.2384,15.4817,155,34,False
050549,LOS ROBLES HOSPITAL & MEDICAL CENTER,THOUSAND OAKS,CA,Acute Care Hospitals,hospital_info,AMI,Heart attack,1.028,12.7997,12.4506,247,33,False
050549,LOS ROBLES HOSPITAL & MEDICAL CENTER,THOUSAND OAKS,CA,Acute Care Hospitals,hospital_info,CABG,Coronary artery bypass graft surgery,1.1135,12.8808,11.5681,79,13,False
050549,LOS ROBLES HOSPITAL & MEDICAL CENTER,THOUSAND OAKS,CA,Acute Care Hospitals,hospital_info,COPD,Chronic obstructive pulmonary disease,1.0592,20.0545,18.9339,178,40,False
050549,LOS ROBLES HOSPITAL & MEDICAL CENTER,THOUSAND OAKS,CA,Acute Care Hospitals,hospital_info,HF,Heart failure,1.0136,19.3285,19.0699,621,121,False
050549,LOS ROBLES HOSPITAL & MEDICAL CENTER,THOUSAND OAKS,CA,Acute Care Hospitals,hospital_info,PN,Pneumonia,1.0617,17.828,16.7913,897,164,False
050551,UCI HEALTH - LOS ALAMITOS,LOS ALAMITOS,CA,Acute Care Hospitals,hospital_info,AMI,Heart attack,1.0596,13.8597,13.0798,87,15,False
050551,UCI HEALTH - LOS ALAMITOS,LOS ALAMITOS,CA,Acute Care Hospitals,hospital_info,COPD,Chronic obstructive pulmonary disease,1.0423,20.5644,19.7306,77,19,False
050551,UCI HEALTH - LOS ALAMITOS,LOS ALAMITOS,CA,Acute Care Hospitals,hospital_info,HIP-KNEE,Hip/knee replacement,1.4839,8.5495,5.7616,,,True
050557,MEMORIAL MEDICAL CENTER,MODESTO,CA,Acute Care Hospitals,hospital_info,AMI,Heart attack,1.0288,12.4748,12.1252,197,26,False
050557,MEMORIAL MEDICAL CENTER,MODESTO,CA,Acute Care Hospitals,hospital_info,CABG,Coronary artery bypass graft surgery,1.0423,10.6341,10.2027,,,True
050557,MEMORIAL MEDICAL CENTER,MODESTO,CA,Acute Care Hospitals,hospital_info,HF,Heart failure,1.0672,20.9667,19.6463,583,127,False
050557,MEMORIAL MEDICAL CENTER,MODESTO,CA,Acute Care Hospitals,hospital_info,HIP-KNEE,Hip/knee replacement,1.0178,5.713,5.6133,224,13,False
050557,MEMORIAL MEDICAL CENTER,MODESTO,CA,Acute Care Hospitals,hospital_info,PN,Pneumonia,1.0593,16.5693,15.6414,544,94,False
050561,KAISER FOUNDATION HOSPITAL - WEST LA,LOS ANGELES,CA,Acute Care Hospitals,hospital_info,HF,Heart failure,1.0097,20.9708,20.7701,,,True
050561,KAISER FOUNDATION HOSPITAL - WEST LA,LOS ANGELES,CA,Acute Care Hospitals,hospital_info,PN,Pneumonia,1.0017,16.8489,16.8206,,,True
050567,PROVIDENCE MISSION HOSPITAL,MISSION VIEJO,CA,Acute Care Hospitals,hospital_info,COPD,Chronic obstructive pulmonary disease,1.019,17.0327,16.7143,80,15,False
050567,PROVIDENCE MISSION HOSPITAL,MISSION VIEJO,CA,Acute Care Hospitals,hospital_info,HF,Heart failure,1.0043,18.056,17.9788,458,83,False
050567,PROVIDENCE MISSION HOSPITAL,MISSION VIEJO,CA,Acute Care Hospitals,hospital_info,HIP-KNEE,Hip/knee replacement,1.0077,6.0176,5.9717,,,True
050567,PROVIDENCE MISSION HOSPITAL,MISSION VIEJO,CA,Acute Care Hospitals,hospital_info,PN,Pneumonia,1.0346,15.4721,14.9546,761,120,False
050570,UCI HEALTH - FOUNTAIN VALLEY,FOUNTAIN VALLEY,CA,Acute Care Hospitals,hospital_info,COPD,Chronic obstructive pulmonary disease,1.0779,18.4377,17.1052,84,21,False
050570,UCI HEALTH - FOUNTAIN VALLEY,FOUNTAIN VALLEY,CA,Acute Care Hospitals,hospital_info,HF,Heart failure,1.0783,21.5284,19.9645,304,71,False
050570,UCI HEALTH - FOUNTAIN VALLEY,FOUNTAIN VALLEY,CA,Acute Care Hospitals,hospital_info,HIP-KNEE,Hip/knee replacement,1.0471,5.4811,5.2348,,,True
050570,UCI HEALTH - FOUNTAIN VALLEY,FOUNTAIN VALLEY,CA,Acute Care Hospitals,hospital_info,PN,Pneumonia,1.0109,17.0462,16.8627,377,65,False
050573,EISENHOWER MEDICAL CENTER,RANCHO MIRAGE,CA,Acute Care Hospitals,hospital_info,AMI,Heart attack,1.0229,12.7633,12.4775,422,55,False
050573,EISENHOWER MEDICAL CENTER,RANCHO MIRAGE,CA,Acute Care Hospitals,hospital_info,HF,Heart failure,1.0592,20.9164,19.7465,1046,223,False
050580,LA PALMA INTERCOMMUNITY HOSPITAL,LA PALMA,CA,Acute Care Hospitals,hospital_info,COPD,Chronic obstructive pulmonary disease,1.0081,16.9237,16.7871,,,True
050580,LA PALMA INTERCOMMUNITY HOSPITAL,LA PALMA,CA,Acute Care Hospitals,hospital_info,HF,Heart failure,1.0607,20.4465,19.2764,72,19,False
050580,LA PALMA INTERCOMMUNITY HOSPITAL,LA PALMA,CA,Acute Care Hospitals,hospital_info,PN,Pneumonia,1.0394,18.2682,17.5764,144,29,False
050581,UCI HEALTH-LAKEWOOD,LAKEWOOD,CA,Acute Care Hospitals,hospital_info,AMI,Heart attack,1.0853,18.599,17.1374,62,16,False
050581,UCI HEALTH-LAKEWOOD,LAKEWOOD,CA,Acute Care Hospitals,hospital_info,CABG,Coronary artery bypass graft surgery,1.0654,12.8354,12.0476,,,True
050581,UCI HEALTH-LAKEWOOD,LAKEWOOD,CA,Acute Care Hospitals,hospital_info,COPD,Chronic obstructive pulmonary disease,1.0323,22.1003,21.4098,52,14,False
050581,UCI HEALTH-LAKEWOOD,LAKEWOOD,CA,Acute Care Hospitals,hospital_info,HF,Heart failure,1.0069,20.7152,20.5736,181,38,False
050581,UCI HEALTH-LAKEWOOD,LAKEWOOD,CA,Acute Care Hospitals,hospital_info,PN,Pneumonia,1.0255,20.4243,19.9161,231,49,False
050586,CHINO VALLEY MEDICAL CENTER,CHINO,CA,Acute Care Hospitals,hospital_info,HF,Heart failure,1.0207,20.9655,20.5398,69,16,False
050586,CHINO VALLEY MEDICAL CENTER,CHINO,CA,Acute Care Hospitals,hospital_info,PN,Pneumonia,1.0059,17.4097,17.3069,147,26,False
050588,SAN DIMAS COMMUNITY HOSPITAL,SAN DIMAS,CA,Acute Care Hospitals,hospital_info,HF,Heart failure,1.0286,21.2122,20.6225,42,11,False
050588,SAN DIMAS COMMUNITY HOSPITAL,SAN DIMAS,CA,Acute Care Hospitals,hospital_info,HIP-KNEE,Hip/knee replacement,1.0623,3.7925,3.5702,,,True
050588,SAN DIMAS COMMUNITY HOSPITAL,SAN DIMAS,CA,Acute Care Hospitals,hospital_info,PN,Pneumonia,1.2289,21.7755,17.7196,185,55,False
050589,UCI HEALTH - PLACENTIA LINDA,,CA,,hrrp_fallback,HF,Heart failure,1.0517,17.6713,16.8021,93,20,False
050590,METHODIST HOSPITAL OF SACRAMENTO,SACRAMENTO,CA,Acute Care Hospitals,hospital_info,COPD,Chronic obstructive pulmonary disease,1.0194,20.7417,20.3475,94,21,False
050590,METHODIST HOSPITAL OF SACRAMENTO,SACRAMENTO,CA,Acute Care Hospitals,hospital_info,HF,Heart failure,1.0005,19.7392,19.7301,243,48,False
050590,METHODIST HOSPITAL OF SACRAMENTO,SACRAMENTO,CA,Acute Care Hospitals,hospital_info,PN,Pneumonia,1.0762,16.6299,15.4528,223,42,False
050597,EMANATE HEALTH FOOTHILL PRESBYTERIAN HOSPITAL,GLENDORA,CA,Acute Care Hospitals,hospital_info,HF,Heart failure,1.0149,17.7019,17.4428,124,23,False
050599,UNIVERSITY OF CALIFORNIA DAVIS MEDICAL CENTER,SACRAMENTO,CA,Acute Care Hospitals,hospital_info,HIP-KNEE,Hip/knee replacement,1.0966,5.01,4.5686,,,True
050599,UNIVERSITY OF CALIFORNIA DAVIS MEDICAL CENTER,SACRAMENTO,CA,Acute Care Hospitals,hospital_info,PN,Pneumonia,1.1035,20.6177,18.6833,432,96,False
050603,MEMORIALCARE SADDLEBACK MEDICAL CENTER,LAGUNA HILLS,CA,Acute Care Hospitals,hospital_info,CABG,Coronary artery bypass graft surgery,1.0216,11.4876,11.245,,,True
050608,ADVENTIST HEALTH DELANO,DELANO,CA,Acute Care Hospitals,hospital_info,PN,Pneumonia,1.0492,17.7361,16.9047,83,18,False
050609,KAISER FOUNDATION HOSPITAL - ORANGE COUNTY - ANAHEIM,ANAHEIM,CA,Acute Care Hospitals,hospital_info,PN,Pneumonia,1.0089,17.414,17.2606,,,True
050624,HENRY MAYO NEWHALL  HOSPITAL,VALENCIA,CA,Acute Care Hospitals,hospital_info,AMI,Heart attack,1.0389,14.1991,13.6676,106,17,False
050624,HENRY MAYO NEWHALL  HOSPITAL,VALENCIA,CA,Acute Care Hospitals,hospital_info,COPD,Chronic obstructive pulmonary disease,1.0461,18.2253,17.4215,141,29,False
050624,HENRY MAYO NEWHALL  HOSPITAL,VALENCIA,CA,Acute Care Hospitals,hospital_info,PN,Pneumonia,1.0458,16.3631,15.647,391,67,False
050625,CEDARS-SINAI MEDICAL CENTER,LOS ANGELES,CA,Acute Care Hospitals,hospital_info,AMI,Heart attack,1.0087,15.9889,15.8506,535,86,False
050633,ADVENTIST HEALTH TWIN CITIES,TEMPLETON,CA,Acute Care Hospitals,hospital_info,HF,Heart failure,1.0497,17.8141,16.9712,211,41,False
050633,ADVENTIST HEALTH TWIN CITIES,TEMPLETON,CA,Acute Care Hospitals,hospital_info,HIP-KNEE,Hip/knee replacement,1.0371,3.9742,3.832,,,True
050633,ADVENTIST HEALTH TWIN CITIES,TEMPLETON,CA,Acute Care Hospitals,hospital_info,PN,Pneumonia,1.0379,13.8658,13.3593,300,44,False
050636,PALOMAR MEDICAL CENTER POWAY,POWAY,CA,Acute Care Hospitals,hospital_info,PN,Pneumonia,1.0102,15.6888,15.5301,308,49,False
050663,LOS ANGELES COMMUNITY HOSPITAL,LOS ANGELES,CA,Acute Care Hospitals,hospital_info,PN,Pneumonia,1.0293,20.4064,19.8264,382,80,False
050668,LAGUNA HONDA HOSPITAL & REHABILITATION CENTER,SAN FRANCISCO,CA,Acute Care Hospitals,hospital_info,PN,Pneumonia,1.0729,16.0803,14.9871,52,13,False
050674,KAISER FOUNDATION HOSP SO SACRAMENTO,SACRAMENTO,CA,Acute Care Hospitals,hospital_info,AMI,Heart attack,1.027,11.9605,11.6466,,,True
050674,KAISER FOUNDATION HOSP SO SACRAMENTO,SACRAMENTO,CA,Acute Care Hospitals,hospital_info,HF,Heart failure,1.0283,20.6379,20.0709,53,13,False
050678,MEMORIALCARE ORANGE COAST MEDICAL CENTER,FOUNTAIN VALLEY,CA,Acute Care Hospitals,hospital_info,CABG,Coronary artery bypass graft surgery,1.0951,12.9034,11.7823,,,True
050678,MEMORIALCARE ORANGE COAST MEDICAL CENTER,FOUNTAIN VALLEY,CA,Acute Care Hospitals,hospital_info,PN,Pneumonia,1.0215,16.0265,15.6886,328,54,False
050684,MENIFEE GLOBAL MEDICAL CENTER,SUN CITY,CA,Acute Care Hospitals,hospital_info,PN,Pneumonia,1.0556,15.7574,14.9272,47,11,False
050689,SAN RAMON REGIONAL MEDICAL CENTER,SAN RAMON,CA,Acute Care Hospitals,hospital_info,AMI,Heart attack,1.0243,10.8261,10.5693,,,True
050689,SAN RAMON REGIONAL MEDICAL CENTER,SAN RAMON,CA,Acute Care Hospitals,hospital_info,PN,Pneumonia,1.0007,14.6985,14.6876,265,39,False
050696,KECK HOSPITAL OF USC,LOS ANGELES,CA,Acute Care Hospitals,hospital_info,CABG,Coronary artery bypass graft surgery,1.0811,12.7788,11.8199,,,True
050696,KECK HOSPITAL OF USC,LOS ANGELES,CA,Acute Care Hospitals,hospital_info,HF,Heart failure,1.0141,23.8966,23.5634,188,46,False
050697,PATIENTS' HOSPITAL OF REDDING,REDDING,CA,Acute Care Hospitals,hospital_info,HIP-KNEE,Hip/knee replacement,1.0345,4.0527,3.9176,,,True
050701,SOUTHWEST HEALTHCARE RANCHO SPRINGS HOSPITAL,MURRIETA,CA,Acute Care Hospitals,hospital_info,HF,Heart failure,1.1397,22.2148,19.4913,132,39,False
050704,MISSION COMMUNITY HOSPITAL,PANORAMA CITY,CA,Acute Care Hospitals,hospital_info,HF,Heart failure,1.0197,22.0917,21.665,102,24,False
050704,MISSION COMMUNITY HOSPITAL,PANORAMA CITY,CA,Acute Care Hospitals,hospital_info,PN,Pneumonia,1.0359,20.7715,20.0518,272,59,False
050709,DESERT VALLEY HOSPITAL,VICTORVILLE,CA,Acute Care Hospitals,hospital_info,COPD,Chronic obstructive pulmonary disease,1.0257,20.0966,19.5937,70,16,False
050709,DESERT VALLEY HOSPITAL,VICTORVILLE,CA,Acute Care Hospitals,hospital_info,HF,Heart failure,1.0894,22.739,20.8722,209,54,False
050709,DESERT VALLEY HOSPITAL,VICTORVILLE,CA,Acute Care Hospitals,hospital_info,HIP-KNEE,Hip/knee replacement,1.3751,7.6669,5.5753,,,True
050709,DESERT VALLEY HOSPITAL,VICTORVILLE,CA,Acute Care Hospitals,hospital_info,PN,Pneumonia,1.1672,20.1311,17.2475,274,66,False
050723,KAISER FOUNDATION HOSPITAL - BALDWIN PARK,BALDWIN PARK,CA,Acute Care Hospitals,hospital_info,HF,Heart failure,1.0171,22.0016,21.6312,,,True
050735,WHITTIER HOSPITAL MEDICAL CENTER,WHITTIER,CA,Acute Care Hospitals,hospital_info,HF,Heart failure,1.006,21.5536,21.4258,100,22,False
050735,WHITTIER HOSPITAL MEDICAL CENTER,WHITTIER,CA,Acute Care Hospitals,hospital_info,PN,Pneumonia,1.1203,18.4877,16.5028,169,39,False
050736,MONTEREY PARK HOSPITAL,MONTEREY PARK,CA,Acute Care Hospitals,hospital_info,HF,Heart failure,1.0205,19.8328,19.4352,,,True
050736,MONTEREY PARK HOSPITAL,MONTEREY PARK,CA,Acute Care Hospitals,hospital_info,PN,Pneumonia,1.0538,15.5596,14.7649,87,17,False
050737,GARFIELD MEDICAL CENTER,MONTEREY PARK,CA,Acute Care Hospitals,hospital_info,AMI,Heart attack,1.0436,15.9737,15.3064,86,16,False
050737,GARFIELD MEDICAL CENTER,MONTEREY PARK,CA,Acute Care Hospitals,hospital_info,CABG,Coronary artery bypass graft surgery,1.1421,13.2081,11.5651,,,True
050737,GARFIELD MEDICAL CENTER,MONTEREY PARK,CA,Acute Care Hospitals,hospital_info,HF,Heart failure,1.0031,17.9681,17.9128,188,34,False
050737,GARFIELD MEDICAL CENTER,MONTEREY PARK,CA,Acute Care Hospitals,hospital_info,PN,Pneumonia,1.0647,16.2306,15.2446,313,55,False
050738,GREATER EL MONTE COMMUNITY HOSPITAL,SOUTH EL MONTE,CA,Acute Care Hospitals,hospital_info,HF,Heart failure,1.0163,19.4838,19.1705,,,True
050738,GREATER EL MONTE COMMUNITY HOSPITAL,SOUTH EL MONTE,CA,Acute Care Hospitals,hospital_info,PN,Pneumonia,1.0141,19.8697,19.5931,151,31,False
050739,CENTINELA HOSPITAL MEDICAL CENTER,INGLEWOOD,CA,Acute Care Hospitals,hospital_info,AMI,Heart attack,1.2168,25.0521,20.5883,86,33,False
050739,CENTINELA HOSPITAL MEDICAL CENTER,INGLEWOOD,CA,Acute Care Hospitals,hospital_info,COPD,Chronic obstructive pulmonary disease,1.064,24.2288,22.7718,128,36,False
050739,CENTINELA HOSPITAL MEDICAL CENTER,INGLEWOOD,CA,Acute Care Hospitals,hospital_info,HF,Heart failure,1.1019,25.1243,22.801,364,99,False
050739,CENTINELA HOSPITAL MEDICAL CENTER,INGLEWOOD,CA,Acute Care Hospitals,hospital_info,PN,Pneumonia,1.1935,25.92,21.7168,300,91,False
050740,CEDAR-SINAI MARINA DEL REY HOSPITAL,MARINA DEL REY,CA,Acute Care Hospitals,hospital_info,COPD,Chronic obstructive pulmonary disease,1.0039,22.9572,22.8683,64,15,False
050740,CEDAR-SINAI MARINA DEL REY HOSPITAL,MARINA DEL REY,CA,Acute Care Hospitals,hospital_info,HF,Heart failure,1.0072,21.6426,21.4886,150,33,False
050740,CEDAR-SINAI MARINA DEL REY HOSPITAL,MARINA DEL REY,CA,Acute Care Hospitals,hospital_info,PN,Pneumonia,1.0469,18.4256,17.5999,265,52,False
050744,ANAHEIM GLOBAL MEDICAL CENTER,ANAHEIM,CA,Acute Care Hospitals,hospital_info,PN,Pneumonia,1.007,15.371,15.2638,,,True
050745,CHAPMAN GLOBAL MEDICAL CENTER,ORANGE,CA,Acute Care Hospitals,hospital_info,PN,Pneumonia,1.0631,16.9944,15.9863,58,14,False
050746,ORANGE COUNTY GLOBAL MEDICAL CENTER,SANTA ANA,CA,Acute Care Hospitals,hospital_info,AMI,Heart attack,1.0596,14.9323,14.092,,,True
050746,ORANGE COUNTY GLOBAL MEDICAL CENTER,SANTA ANA,CA,Acute Care Hospitals,hospital_info,PN,Pneumonia,1.0211,17.3864,17.0268,147,27,False
050747,COASTAL COMMUNITIES HOSPITAL,SANTA ANA,CA,Acute Care Hospitals,hospital_info,PN,Pneumonia,1.0354,18.8838,18.2388,56,13,False
050755,SHERMAN OAKS HOSPITAL,SHERMAN OAKS,CA,Acute Care Hospitals,hospital_info,AMI,Heart attack,1.0361,16.5619,15.9849,,,True
050755,SHERMAN OAKS HOSPITAL,SHERMAN OAKS,CA,Acute Care Hospitals,hospital_info,COPD,Chronic obstructive pulmonary disease,1.0615,21.6969,20.4391,57,17,False
050755,SHERMAN OAKS HOSPITAL,SHERMAN OAKS,CA,Acute Care Hospitals,hospital_info,HF,Heart failure,1.136,25.2871,22.2596,250,73,False
050755,SHERMAN OAKS HOSPITAL,SHERMAN OAKS,CA,Acute Care Hospitals,hospital_info,PN,Pneumonia,1.1092,23.1907,20.9082,312,80,False
050758,MONTCLAIR HOSPITAL MEDICAL CENTER,MONTCLAIR,CA,Acute Care Hospitals,hospital_info,HF,Heart failure,1.0114,20.6373,20.4039,,,True
050758,MONTCLAIR HOSPITAL MEDICAL CENTER,MONTCLAIR,CA,Acute Care Hospitals,hospital_info,PN,Pneumonia,1.2016,23.1974,19.3047,124,42,False
050760,KAISER FOUNDATION HOSPITAL - ANTIOCH,ANTIOCH,CA,Acute Care Hospitals,hospital_info,PN,Pneumonia,1.1363,18.6926,16.4505,33,15,False
050761,PROVIDENCE CEDARS SINAI TARZANA MEDICAL CENTER,TARZANA,CA,Acute Care Hospitals,hospital_info,AMI,Heart attack,1.0733,14.6903,13.6872,159,27,False
050761,PROVIDENCE CEDARS SINAI TARZANA MEDICAL CENTER,TARZANA,CA,Acute Care Hospitals,hospital_info,CABG,Coronary artery bypass graft surgery,1.0873,12.0815,11.1116,,,True
050761,PROVIDENCE CEDARS SINAI TARZANA MEDICAL CENTER,TARZANA,CA,Acute Care Hospitals,hospital_info,HF,Heart failure,1.0464,21.4547,20.5026,609,134,False
050761,PROVIDENCE CEDARS SINAI TARZANA MEDICAL CENTER,TARZANA,CA,Acute Care Hospitals,hospital_info,PN,Pneumonia,1.0778,17.4382,16.1792,355,67,False
050763,L A DOWNTOWN MEDICAL CENTER,LOS ANGELES,CA,Acute Care Hospitals,hospital_info,COPD,Chronic obstructive pulmonary disease,1.0124,19.647,19.4055,92,19,False
050763,L A DOWNTOWN MEDICAL CENTER,LOS ANGELES,CA,Acute Care Hospitals,hospital_info,HF,Heart failure,1.0054,20.0144,19.9059,,,True
050763,L A DOWNTOWN MEDICAL CENTER,LOS ANGELES,CA,Acute Care Hospitals,hospital_info,PN,Pneumonia,1.0612,19.6717,18.5376,162,36,False
050764,SHASTA REGIONAL MEDICAL CENTER,REDDING,CA,Acute Care Hospitals,hospital_info,AMI,Heart attack,1.0109,13.689,13.541,164,23,False
050764,SHASTA REGIONAL MEDICAL CENTER,REDDING,CA,Acute Care Hospitals,hospital_info,COPD,Chronic obstructive pulmonary disease,1.0174,17.6586,17.356,208,38,False
050764,SHASTA REGIONAL MEDICAL CENTER,REDDING,CA,Acute Care Hospitals,hospital_info,HF,Heart failure,1.0207,18.1537,17.7853,317,59,False
050764,SHASTA REGIONAL MEDICAL CENTER,REDDING,CA,Acute Care Hospitals,hospital_info,HIP-KNEE,Hip/knee replacement,1.3938,6.1117,4.3849,249,19,False
050764,SHASTA REGIONAL MEDICAL CENTER,REDDING,CA,Acute Care Hospitals,hospital_info,PN,Pneumonia,1.1339,18.1875,16.0398,492,98,False
050766,SUTTER SURGICAL HOSPITAL - NORTH VALLEY,YUBA CITY,CA,Acute Care Hospitals,hospital_info,HIP-KNEE,Hip/knee replacement,1.2,5.6604,4.7172,,,True
050770,LOMA LINDA UNIVERSITY MEDICAL CENTER-MURRIETA,MURRIETA,CA,Acute Care Hospitals,hospital_info,COPD,Chronic obstructive pulmonary disease,1.0141,17.73,17.4836,107,20,False
050770,LOMA LINDA UNIVERSITY MEDICAL CENTER-MURRIETA,MURRIETA,CA,Acute Care Hospitals,hospital_info,HF,Heart failure,1.1321,22.4741,19.8512,288,74,False
050770,LOMA LINDA UNIVERSITY MEDICAL CENTER-MURRIETA,MURRIETA,CA,Acute Care Hospitals,hospital_info,PN,Pneumonia,1.013,15.2001,15.0043,218,34,False
050771,COAST PLAZA HOSPITAL,NORWALK,CA,Acute Care Hospitals,hospital_info,HF,Heart failure,1.0326,23.9527,23.1956,69,19,False
050771,COAST PLAZA HOSPITAL,NORWALK,CA,Acute Care Hospitals,hospital_info,PN,Pneumonia,1.0039,21.0425,20.9617,165,35,False
050775,TEMECULA VALLEY HOSPITAL,TEMECULA,CA,Acute Care Hospitals,hospital_info,AMI,Heart attack,1.0013,13.6245,13.6067,183,25,False
050775,TEMECULA VALLEY HOSPITAL,TEMECULA,CA,Acute Care Hospitals,hospital_info,HIP-KNEE,Hip/knee replacement,1.1135,5.3824,4.8337,,,True
050775,TEMECULA VALLEY HOSPITAL,TEMECULA,CA,Acute Care Hospitals,hospital_info,PN,Pneumonia,1.0392,15.5177,14.9319,280,46,False
050776,COLLEGE MEDICAL CENTER,LONG BEACH,CA,Acute Care Hospitals,hospital_info,COPD,Chronic obstructive pulmonary disease,1.0123,21.563,21.3016,,,True
050776,COLLEGE MEDICAL CENTER,LONG BEACH,CA,Acute Care Hospitals,hospital_info,HF,Heart failure,1.0318,22.8001,22.098,,,True
050777,KAISER FOUNDATION HOSPITAL - SAN LEANDRO,SAN LEANDRO,CA,Acute Care Hospitals,hospital_info,HF,Heart failure,1.0335,18.6649,18.0597,,,True
050779,"MARTIN LUTHER KING, JR. COMMUNITY HOSPITAL",LOS ANGELES,CA,Acute Care Hospitals,hospital_info,COPD,Chronic obstructive pulmonary disease,1.0106,17.4561,17.2733,,,True
050779,"MARTIN LUTHER KING, JR. COMMUNITY HOSPITAL",LOS ANGELES,CA,Acute Care Hospitals,hospital_info,PN,Pneumonia,1.0561,18.1545,17.1906,95,21,False
050783,COLUSA MEDICAL CENTER,COLUSA,CA,Acute Care Hospitals,hospital_info,COPD,Chronic obstructive pulmonary disease,1.017,17.0869,16.8018,63,12,False
050784,ADVENTIST HEALTH TULARE,TULARE,CA,Acute Care Hospitals,hospital_info,HF,Heart failure,1.0478,19.9981,19.0859,58,15,False
050784,ADVENTIST HEALTH TULARE,TULARE,CA,Acute Care Hospitals,hospital_info,PN,Pneumonia,1.0137,14.3879,14.194,112,17,False
060001,BANNER NORTH COLORADO MEDICAL CENTER,GREELEY,CO,Acute Care Hospitals,hospital_info,PN,Pneumonia,1.0062,14.8582,14.7672,179,27,False
060003,LONGMONT UNITED HOSPITAL,LONGMONT,CO,Acute Care Hospitals,hospital_info,AMI,Heart attack,1.0066,10.2819,10.214,,,True
060003,LONGMONT UNITED HOSPITAL,LONGMONT,CO,Acute Care Hospitals,hospital_info,PN,Pneumonia,1.0443,14.6272,14.0064,90,16,False
060006,MONTROSE REGIONAL HEALTH,MONTROSE,CO,Acute Care Hospitals,hospital_info,COPD,Chronic obstructive pulmonary disease,1.0114,14.4342,14.2717,,,True
060011,DENVER HEALTH & HOSPITAL AUTHORITY,DENVER,CO,Acute Care Hospitals,hospital_info,HF,Heart failure,1.0194,20.3421,19.9556,57,13,False
060014,HCA HealthOne Presbyterian St. Lukes,DENVER,CO,Acute Care Hospitals,hospital_info,HF,Heart failure,1.0289,20.2452,19.6773,49,12,False
060014,HCA HealthOne Presbyterian St. Lukes,DENVER,CO,Acute Care Hospitals,hospital_info,HIP-KNEE,Hip/knee replacement,1.0806,5.1669,4.7816,,,True
060014,HCA HealthOne Presbyterian St. Lukes,DENVER,CO,Acute Care Hospitals,hospital_info,PN,Pneumonia,1.009,17.6985,17.5414,70,13,False
060015,CENTURA HEALTH-ST ANTHONY HOSPITAL,LAKEWOOD,CO,Acute Care Hospitals,hospital_info,COPD,Chronic obstructive pulmonary disease,1.0168,17.9916,17.6951,71,14,False
060015,CENTURA HEALTH-ST ANTHONY HOSPITAL,LAKEWOOD,CO,Acute Care Hospitals,hospital_info,PN,Pneumonia,1.032,15.4392,14.9602,239,39,False
060020,"PARKVIEW MEDICAL CENTER, INC",PUEBLO,CO,Acute Care Hospitals,hospital_info,AMI,Heart attack,1.018,12.0356,11.8226,192,24,False
060020,"PARKVIEW MEDICAL CENTER, INC",PUEBLO,CO,Acute Care Hospitals,hospital_info,CABG,Coronary artery bypass graft surgery,1.0822,10.3143,9.5308,,,True
060024,UNIVERSITY OF COLORADO HOSPITAL AUTHORITY,AURORA,CO,Acute Care Hospitals,hospital_info,CABG,Coronary artery bypass graft surgery,1.035,11.383,10.9984,,,True
060027,BOULDER COMMUNITY HEALTH,BOULDER,CO,Acute Care Hospitals,hospital_info,AMI,Heart attack,1.0312,10.9601,10.6283,105,13,False
060027,BOULDER COMMUNITY HEALTH,BOULDER,CO,Acute Care Hospitals,hospital_info,CABG,Coronary artery bypass graft surgery,1.0501,9.0112,8.5809,,,True
060027,BOULDER COMMUNITY HEALTH,BOULDER,CO,Acute Care Hospitals,hospital_info,HIP-KNEE,Hip/knee replacement,1.0129,5.0035,4.9398,,,True
060028,SAINT JOSEPH HOSPITAL,DENVER,CO,Acute Care Hospitals,hospital_info,COPD,Chronic obstructive pulmonary disease,1.0085,19.9207,19.7533,,,True
060031,CENTURA HEALTH-PENROSE ST FRANCIS HEALTH SERVICES,COLORADO SPRINGS,CO,Acute Care Hospitals,hospital_info,CABG,Coronary artery bypass graft surgery,1.0289,10.1829,9.8968,,,True
060031,CENTURA HEALTH-PENROSE ST FRANCIS HEALTH SERVICES,COLORADO SPRINGS,CO,Acute Care Hospitals,hospital_info,COPD,Chronic obstructive pulmonary disease,1.0192,16.2737,15.9677,133,23,False
060031,CENTURA HEALTH-PENROSE ST FRANCIS HEALTH SERVICES,COLORADO SPRINGS,CO,Acute Care Hospitals,hospital_info,HIP-KNEE,Hip/knee replacement,1.3313,6.6818,5.0189,250,20,False
060032,HCA HEALTHONE ROSE,DENVER,CO,Acute Care Hospitals,hospital_info,AMI,Heart attack,1.0134,12.8491,12.6793,,,True
060032,HCA HEALTHONE ROSE,DENVER,CO,Acute Care Hospitals,hospital_info,COPD,Chronic obstructive pulmonary disease,1.0023,19.3132,19.2686,,,True
060032,HCA HEALTHONE ROSE,DENVER,CO,Acute Care Hospitals,hospital_info,HF,Heart failure,1.0122,19.3735,19.1395,140,28,False
060032,HCA HEALTHONE ROSE,DENVER,CO,Acute Care Hospitals,hospital_info,HIP-KNEE,Hip/knee replacement,1.1714,5.494,4.6899,,,True
060032,HCA HEALTHONE ROSE,DENVER,CO,Acute Care Hospitals,hospital_info,PN,Pneumonia,1.09,16.1121,14.7815,194,37,False
060034,HCA-HEALTHONE DBA SWEDISH MEDICAL CENTER,ENGLEWOOD,CO,Acute Care Hospitals,hospital_info,PN,Pneumonia,1.0227,15.1537,14.8176,307,48,False
060064,AdventHealth Porter,DENVER,CO,Acute Care Hospitals,hospital_info,AMI,Heart attack,1.0653,12.453,11.69,,,True
060064,AdventHealth Porter,DENVER,CO,Acute Care Hospitals,hospital_info,HIP-KNEE,Hip/knee replacement,1.1377,6.4859,5.701,,,True
060065,HCA HEALTHONE MOUNTAIN RIDGE,THORNTON,CO,Acute Care Hospitals,hospital_info,AMI,Heart attack,1.0371,14.5075,13.9887,,,True
060065,HCA HEALTHONE MOUNTAIN RIDGE,THORNTON,CO,Acute Care Hospitals,hospital_info,HF,Heart failure,1.0753,20.6382,19.1927,81,22,False
060065,HCA HEALTHONE MOUNTAIN RIDGE,THORNTON,CO,Acute Care Hospitals,hospital_info,PN,Pneumonia,1.0299,16.8647,16.3751,77,15,False
060071,DELTA COUNTY MEMORIAL HOSPITAL,DELTA,CO,Acute Care Hospitals,hospital_info,HF,Heart failure,1.0056,15.2683,15.1831,,,True
060076,STERLING REGIONAL MEDCENTER,STERLING,CO,Acute Care Hospitals,hospital_info,HF,Heart failure,1.0231,18.1876,17.7775,,,True
060076,STERLING REGIONAL MEDCENTER,STERLING,CO,Acute Care Hospitals,hospital_info,PN,Pneumonia,1.0015,13.0889,13.0687,,,True
060096,VAIL HEALTH HOSPITAL,VAIL,CO,Acute Care Hospitals,hospital_info,PN,Pneumonia,1.0062,12.6972,12.6189,,,True
060100,THE MEDICAL CENTER OF AURORA & SOUTH HOSPITAL,AURORA,CO,Acute Care Hospitals,hospital_info,COPD,Chronic obstructive pulmonary disease,1.0264,17.437,16.9892,52,11,False
060100,THE MEDICAL CENTER OF AURORA & SOUTH HOSPITAL,AURORA,CO,Acute Care Hospitals,hospital_info,PN,Pneumonia,1.0593,16.0732,15.1737,281,49,False
060104,CENTURA HEALTH-ST ANTHONY NORTH HEALTH CAMPUS,WESTMINSTER,CO,Acute Care Hospitals,hospital_info,COPD,Chronic obstructive pulmonary disease,1.015,17.2639,17.0089,69,13,False
060112,SKY RIDGE MEDICAL CENTER,LONE TREE,CO,Acute Care Hospitals,hospital_info,HF,Heart failure,1.0618,21.1871,19.9536,201,47,False
060112,SKY RIDGE MEDICAL CENTER,LONE TREE,CO,Acute Care Hospitals,hospital_info,HIP-KNEE,Hip/knee replacement,1.3284,7.4725,5.625,143,14,False
060113,AdventHealth Littleton,LITTLETON,CO,Acute Care Hospitals,hospital_info,AMI,Heart attack,1.0176,12.3605,12.1467,82,11,False
060113,AdventHealth Littleton,LITTLETON,CO,Acute Care Hospitals,hospital_info,COPD,Chronic obstructive pulmonary disease,1.018,17.5223,17.2131,61,12,False
060113,AdventHealth Littleton,LITTLETON,CO,Acute Care Hospitals,hospital_info,HIP-KNEE,Hip/knee replacement,1.0997,6.1827,5.6222,,,True
060113,AdventHealth Littleton,LITTLETON,CO,Acute Care Hospitals,hospital_info,PN,Pneumonia,1.0647,15.8823,14.9172,301,52,False
060116,GOOD SAMARITAN MEDICAL CENTER LLC,LAFAYETTE,CO,Acute Care Hospitals,hospital_info,COPD,Chronic obstructive pulmonary disease,1.0103,18.745,18.5539,,,True
060116,GOOD SAMARITAN MEDICAL CENTER LLC,LAFAYETTE,CO,Acute Care Hospitals,hospital_info,PN,Pneumonia,1.0139,13.9794,13.7873,108,16,False
060119,MEDICAL CENTER OF THE ROCKIES,LOVELAND,CO,Acute Care Hospitals,hospital_info,PN,Pneumonia,1.0067,15.8374,15.7318,275,44,False
060125,ADVENTHEALTH CASTLE ROCK,CASTLE ROCK,CO,Acute Care Hospitals,hospital_info,HF,Heart failure,1.0002,19.2881,19.285,114,22,False
060125,ADVENTHEALTH CASTLE ROCK,CASTLE ROCK,CO,Acute Care Hospitals,hospital_info,PN,Pneumonia,1.0183,14.1504,13.8967,133,20,False
070002,ST FRANCIS HOSPITAL & MEDICAL CENTER,HARTFORD,CT,Acute Care Hospitals,hospital_info,AMI,Heart attack,1.0204,13.5144,13.2439,244,34,False
070002,ST FRANCIS HOSPITAL & MEDICAL CENTER,HARTFORD,CT,Acute Care Hospitals,hospital_info,CABG,Coronary artery bypass graft surgery,1.0636,13.7439,12.9221,97,15,False
070002,ST FRANCIS HOSPITAL & MEDICAL CENTER,HARTFORD,CT,Acute Care Hospitals,hospital_info,PN,Pneumonia,1.043,17.1439,16.4364,380,68,False
070003,DAY KIMBALL HOSPITAL,PUTNAM,CT,Acute Care Hospitals,hospital_info,COPD,Chronic obstructive pulmonary disease,1.0322,15.9044,15.4089,99,18,False
070003,DAY KIMBALL HOSPITAL,PUTNAM,CT,Acute Care Hospitals,hospital_info,HF,Heart failure,1.1082,19.8982,17.9561,154,38,False
070003,DAY KIMBALL HOSPITAL,PUTNAM,CT,Acute Care Hospitals,hospital_info,PN,Pneumonia,1.0793,15.6383,14.4887,134,26,False
070004,SHARON HOSPITAL,SHARON,CT,Acute Care Hospitals,hospital_info,COPD,Chronic obstructive pulmonary disease,1.006,16.4137,16.315,,,True
070004,SHARON HOSPITAL,SHARON,CT,Acute Care Hospitals,hospital_info,HF,Heart failure,1.011,18.3603,18.1597,121,23,False
070005,WATERBURY HOSPITAL,WATERBURY,CT,Acute Care Hospitals,hospital_info,HF,Heart failure,1.0109,21.2006,20.9713,416,89,False
070005,WATERBURY HOSPITAL,WATERBURY,CT,Acute Care Hospitals,hospital_info,PN,Pneumonia,1.0569,18.4759,17.482,342,67,False
070006,STAMFORD HOSPITAL,STAMFORD,CT,Acute Care Hospitals,hospital_info,CABG,Coronary artery bypass graft surgery,1.026,7.8897,7.6894,,,True
070006,STAMFORD HOSPITAL,STAMFORD,CT,Acute Care Hospitals,hospital_info,COPD,Chronic obstructive pulmonary disease,1.0713,19.9809,18.6516,79,21,False
070008,JOHNSON MEMORIAL HOSPITAL,STAFFORD SPRINGS,CT,Acute Care Hospitals,hospital_info,COPD,Chronic obstructive pulmonary disease,1.0169,17.4137,17.125,,,True
070008,JOHNSON MEMORIAL HOSPITAL,STAFFORD SPRINGS,CT,Acute Care Hospitals,hospital_info,HF,Heart failure,1.0106,18.9891,18.7897,75,15,False
070010,BRIDGEPORT HOSPITAL,BRIDGEPORT,CT,Acute Care Hospitals,hospital_info,COPD,Chronic obstructive pulmonary disease,1.0554,19.3284,18.3145,134,30,False
070010,BRIDGEPORT HOSPITAL,BRIDGEPORT,CT,Acute Care Hospitals,hospital_info,PN,Pneumonia,1.1544,18.5128,16.0366,887,174,False
070011,CHARLOTTE HUNGERFORD HOSPITAL,TORRINGTON,CT,Acute Care Hospitals,hospital_info,COPD,Chronic obstructive pulmonary disease,1.0273,18.9426,18.4391,132,27,False
070011,CHARLOTTE HUNGERFORD HOSPITAL,TORRINGTON,CT,Acute Care Hospitals,hospital_info,HF,Heart failure,1.0132,19.0689,18.8207,273,53,False
070011,CHARLOTTE HUNGERFORD HOSPITAL,TORRINGTON,CT,Acute Care Hospitals,hospital_info,PN,Pneumonia,1.1327,18.4796,16.315,349,73,False
070016,SAINT MARY'S HOSPITAL,WATERBURY,CT,Acute Care Hospitals,hospital_info,HF,Heart failure,1.0029,19.2513,19.1955,295,57,False
070017,MIDSTATE MEDICAL CENTER,MERIDEN,CT,Acute Care Hospitals,hospital_info,COPD,Chronic obstructive pulmonary disease,1.0654,20.3956,19.1444,148,35,False
070017,MIDSTATE MEDICAL CENTER,MERIDEN,CT,Acute Care Hospitals,hospital_info,HIP-KNEE,Hip/knee replacement,1.2865,7.2674,5.649,111,11,False
070018,GREENWICH HOSPITAL ASSOCIATION -,GREENWICH,CT,Acute Care Hospitals,hospital_info,AMI,Heart attack,1.1665,18.1991,15.6019,59,19,False
070018,GREENWICH HOSPITAL ASSOCIATION -,GREENWICH,CT,Acute Care Hospitals,hospital_info,COPD,Chronic obstructive pulmonary disease,1.0067,16.6904,16.5801,75,13,False
070018,GREENWICH HOSPITAL ASSOCIATION -,GREENWICH,CT,Acute Care Hospitals,hospital_info,HF,Heart failure,1.0218,19.6991,19.2781,454,91,False
070018,GREENWICH HOSPITAL ASSOCIATION -,GREENWICH,CT,Acute Care Hospitals,hospital_info,PN,Pneumonia,1.0492,16.337,15.5713,623,105,False
070020,MIDDLESEX HOSPITAL,MIDDLETOWN,CT,Acute Care Hospitals,hospital_info,HIP-KNEE,Hip/knee replacement,1.132,6.1131,5.4004,,,True
070020,MIDDLESEX HOSPITAL,MIDDLETOWN,CT,Acute Care Hospitals,hospital_info,PN,Pneumonia,1.1678,16.6685,14.273,616,113,False
070021,WINDHAM COMMUNITY MEMORIAL HOSPITAL,WILLIMANTIC,CT,Acute Care Hospitals,hospital_info,COPD,Chronic obstructive pulmonary disease,1.0237,16.6586,16.2725,56,11,False
070021,WINDHAM COMMUNITY MEMORIAL HOSPITAL,WILLIMANTIC,CT,Acute Care Hospitals,hospital_info,PN,Pneumonia,1.0083,15.4375,15.3108,126,20,False
070022,YALE-NEW HAVEN HOSPITAL,NEW HAVEN,CT,Acute Care Hospitals,hospital_info,CABG,Coronary artery bypass graft surgery,1.0161,11.3433,11.1634,155,18,False
070022,YALE-NEW HAVEN HOSPITAL,NEW HAVEN,CT,Acute Care Hospitals,hospital_info,HIP-KNEE,Hip/knee replacement,1.1017,5.5551,5.0424,,,True
070024,WILLIAM W BACKUS HOSPITAL,NORWICH,CT,Acute Care Hospitals,hospital_info,COPD,Chronic obstructive pulmonary disease,1.0696,20.2241,18.9086,237,53,False
070025,HARTFORD HOSPITAL,HARTFORD,CT,Acute Care Hospitals,hospital_info,AMI,Heart attack,1.0347,14.2814,13.8029,688,100,False
070025,HARTFORD HOSPITAL,HARTFORD,CT,Acute Care Hospitals,hospital_info,HF,Heart failure,1.1395,22.7813,19.9916,1305,307,False
070025,HARTFORD HOSPITAL,HARTFORD,CT,Acute Care Hospitals,hospital_info,HIP-KNEE,Hip/knee replacement,1.0611,5.517,5.1994,314,18,False
070025,HARTFORD HOSPITAL,HARTFORD,CT,Acute Care Hospitals,hospital_info,PN,Pneumonia,1.0529,16.4711,15.6436,665,113,False
070027,MANCHESTER MEMORIAL HOSPITAL,MANCHESTER,CT,Acute Care Hospitals,hospital_info,HF,Heart failure,1.0255,19.1014,18.6262,179,36,False
070028,ST VINCENT'S MEDICAL CENTER,BRIDGEPORT,CT,Acute Care Hospitals,hospital_info,AMI,Heart attack,1.0064,13.5761,13.4895,167,23,False
070028,ST VINCENT'S MEDICAL CENTER,BRIDGEPORT,CT,Acute Care Hospitals,hospital_info,CABG,Coronary artery bypass graft surgery,1.0638,11.6596,10.9599,,,True
070028,ST VINCENT'S MEDICAL CENTER,BRIDGEPORT,CT,Acute Care Hospitals,hospital_info,PN,Pneumonia,1.0567,15.9498,15.0937,347,59,False
070029,BRISTOL HOSPITAL,BRISTOL,CT,Acute Care Hospitals,hospital_info,COPD,Chronic obstructive pulmonary disease,1.1207,19.0677,17.0148,87,25,False
070029,BRISTOL HOSPITAL,BRISTOL,CT,Acute Care Hospitals,hospital_info,HF,Heart failure,1.0135,18.7371,18.4876,155,30,False
070029,BRISTOL HOSPITAL,BRISTOL,CT,Acute Care Hospitals,hospital_info,PN,Pneumonia,1.0439,16.3891,15.7006,196,35,False
070033,DANBURY HOSPITAL,DANBURY,CT,Acute Care Hospitals,hospital_info,PN,Pneumonia,1.0652,16.5898,15.5739,963,164,False
070034,NORWALK HOSPITAL,NORWALK,CT,Acute Care Hospitals,hospital_info,COPD,Chronic obstructive pulmonary disease,1.0274,18.293,17.8058,82,17,False
070034,NORWALK HOSPITAL,NORWALK,CT,Acute Care Hospitals,hospital_info,HF,Heart failure,1.1177,22.1688,19.8347,441,106,False
070035,THE HOSPITAL OF CENTRAL CONNECTICUT,NEW BRITAIN,CT,Acute Care Hospitals,hospital_info,AMI,Heart attack,1.0246,16.7749,16.3722,,,True
070035,THE HOSPITAL OF CENTRAL CONNECTICUT,NEW BRITAIN,CT,Acute Care Hospitals,hospital_info,COPD,Chronic obstructive pulmonary disease,1.0081,18.9164,18.7643,129,25,False
070035,THE HOSPITAL OF CENTRAL CONNECTICUT,NEW BRITAIN,CT,Acute Care Hospitals,hospital_info,PN,Pneumonia,1.0161,16.2567,15.999,424,70,False
070036,JOHN DEMPSEY HOSPITAL OF THE UNIVERSITY OF CONNECT,FARMINGTON,CT,Acute Care Hospitals,hospital_info,COPD,Chronic obstructive pulmonary disease,1.0308,18.1392,17.5968,98,20,False
070036,JOHN DEMPSEY HOSPITAL OF THE UNIVERSITY OF CONNECT,FARMINGTON,CT,Acute Care Hospitals,hospital_info,HF,Heart failure,1.0073,17.9784,17.8489,342,62,False
080001,CHRISTIANA HOSPITAL,NEWARK,DE,Acute Care Hospitals,hospital_info,AMI,Heart attack,1.0003,12.5613,12.5578,589,74,False
080003,ST FRANCIS HOSPITAL,WILMINGTON,DE,Acute Care Hospitals,hospital_info,AMI,Heart attack,1.0126,11.3057,11.1648,,,True
080004,"BAYHEALTH MEDICAL CENTER, KENT CAMPUS",DOVER,DE,Acute Care Hospitals,hospital_info,AMI,Heart attack,1.1318,13.8239,12.214,280,45,False
080004,"BAYHEALTH MEDICAL CENTER, KENT CAMPUS",DOVER,DE,Acute Care Hospitals,hospital_info,CABG,Coronary artery bypass graft surgery,1.0228,12.0075,11.7396,,,True
080004,"BAYHEALTH MEDICAL CENTER, KENT CAMPUS",DOVER,DE,Acute Care Hospitals,hospital_info,COPD,Chronic obstructive pulmonary disease,1.0013,17.8345,17.8113,263,47,False
080004,"BAYHEALTH MEDICAL CENTER, KENT CAMPUS",DOVER,DE,Acute Care Hospitals,hospital_info,HIP-KNEE,Hip/knee replacement,1.0982,5.6344,5.1305,,,True
080004,"BAYHEALTH MEDICAL CENTER, KENT CAMPUS",DOVER,DE,Acute Care Hospitals,hospital_info,PN,Pneumonia,1.0488,16.7575,15.9773,858,147,False
080007,BEEBE MEDICAL CENTER,LEWES,DE,Acute Care Hospitals,hospital_info,CABG,Coronary artery bypass graft surgery,1.051,9.7654,9.2917,110,12,False
080007,BEEBE MEDICAL CENTER,LEWES,DE,Acute Care Hospitals,hospital_info,HIP-KNEE,Hip/knee replacement,1.2071,7.2892,6.0384,,,True
090001,GEORGE WASHINGTON UNIV HOSPITAL,WASHINGTON,DC,Acute Care Hospitals,hospital_info,CABG,Coronary artery bypass graft surgery,1.0129,11.9282,11.7762,,,True
090003,HOWARD UNIVERSITY HOSPITAL CORP,WASHINGTON,DC,Acute Care Hospitals,hospital_info,COPD,Chronic obstructive pulmonary disease,1.0592,22.6226,21.3582,64,19,False
090003,HOWARD UNIVERSITY HOSPITAL CORP,WASHINGTON,DC,Acute Care Hospitals,hospital_info,HF,Heart failure,1.1552,26.185,22.6662,152,51,False
090003,HOWARD UNIVERSITY HOSPITAL CORP,WASHINGTON,DC,Acute Care Hospitals,hospital_info,PN,Pneumonia,1.0599,18.1113,17.0883,116,25,False
090004,MEDSTAR GEORGETOWN UNIVERSITY HOSPITAL,WASHINGTON,DC,Acute Care Hospitals,hospital_info,HIP-KNEE,Hip/knee replacement,1.0262,6.0601,5.9051,,,True
090005,SIBLEY MEMORIAL HOSPITAL,WASHINGTON,DC,Acute Care Hospitals,hospital_info,HIP-KNEE,Hip/knee replacement,1.0536,5.2977,5.0281,,,True
090011,MEDSTAR WASHINGTON HOSPITAL CENTER,WASHINGTON,DC,Acute Care Hospitals,hospital_info,AMI,Heart attack,1.0208,15.1803,14.8712,711,109,False
090011,MEDSTAR WASHINGTON HOSPITAL CENTER,WASHINGTON,DC,Acute Care Hospitals,hospital_info,COPD,Chronic obstructive pulmonary disease,1.0253,21.8258,21.2873,156,36,False
090011,MEDSTAR WASHINGTON HOSPITAL CENTER,WASHINGTON,DC,Acute Care Hospitals,hospital_info,HIP-KNEE,Hip/knee replacement,1.0632,5.9908,5.6345,,,True
100001,SHANDS JACKSONVILLE,JACKSONVILLE,FL,Acute Care Hospitals,hospital_info,AMI,Heart attack,1.0292,14.974,14.5486,137,22,False
100001,SHANDS JACKSONVILLE,JACKSONVILLE,FL,Acute Care Hospitals,hospital_info,CABG,Coronary artery bypass graft surgery,1.0292,10.79,10.4835,,,True
100001,SHANDS JACKSONVILLE,JACKSONVILLE,FL,Acute Care Hospitals,hospital_info,COPD,Chronic obstructive pulmonary disease,1.0326,21.4943,20.8156,128,30,False
100002,BETHESDA HOSPITAL EAST,BOYNTON BEACH,FL,Acute Care Hospitals,hospital_info,AMI,Heart attack,1.0758,14.4289,13.4123,279,44,False
100002,BETHESDA HOSPITAL EAST,BOYNTON BEACH,FL,Acute Care Hospitals,hospital_info,COPD,Chronic obstructive pulmonary disease,1.0143,18.3559,18.0964,234,44,False
100002,BETHESDA HOSPITAL EAST,BOYNTON BEACH,FL,Acute Care Hospitals,hospital_info,HF,Heart failure,1.0275,20.8083,20.2511,620,131,False
100002,BETHESDA HOSPITAL EAST,BOYNTON BEACH,FL,Acute Care Hospitals,hospital_info,HIP-KNEE,Hip/knee replacement,1.1819,9.4005,7.954,,,True
100006,ORLANDO HEALTH,ORLANDO,FL,Acute Care Hospitals,hospital_info,COPD,Chronic obstructive pulmonary disease,1.1154,21.2076,19.0133,324,77,False
100006,ORLANDO HEALTH,ORLANDO,FL,Acute Care Hospitals,hospital_info,HF,Heart failure,1.1027,21.9887,19.9407,1336,301,False
100007,ADVENTHEALTH ORLANDO,ORLANDO,FL,Acute Care Hospitals,hospital_info,AMI,Heart attack,1.1646,16.7036,14.3428,892,157,False
100007,ADVENTHEALTH ORLANDO,ORLANDO,FL,Acute Care Hospitals,hospital_info,CABG,Coronary artery bypass graft surgery,1.2228,14.3318,11.7206,402,63,False
100007,ADVENTHEALTH ORLANDO,ORLANDO,FL,Acute Care Hospitals,hospital_info,COPD,Chronic obstructive pulmonary disease,1.1015,20.074,18.2244,746,157,False
100007,ADVENTHEALTH ORLANDO,ORLANDO,FL,Acute Care Hospitals,hospital_info,HF,Heart failure,1.1447,23.9972,20.9632,3487,847,False
100007,ADVENTHEALTH ORLANDO,ORLANDO,FL,Acute Care Hospitals,hospital_info,HIP-KNEE,Hip/knee replacement,1.081,5.7822,5.3489,365,22,False
100007,ADVENTHEALTH ORLANDO,ORLANDO,FL,Acute Care Hospitals,hospital_info,PN,Pneumonia,1.1409,19.3107,16.9259,3588,702,False
100008,BAPTIST HOSPITAL OF MIAMI,MIAMI,FL,Acute Care Hospitals,hospital_info,AMI,Heart attack,1.0103,15.7157,15.555,162,26,False
100008,BAPTIST HOSPITAL OF MIAMI,MIAMI,FL,Acute Care Hospitals,hospital_info,HF,Heart failure,1.0263,22.1948,21.6255,613,138,False
100008,BAPTIST HOSPITAL OF MIAMI,MIAMI,FL,Acute Care Hospitals,hospital_info,PN,Pneumonia,1.0856,18.3078,16.8648,734,140,False
100014,ADVENTHEALTH NEW SMYRNA BEACH,NEW SMYRNA BEACH,FL,Acute Care Hospitals,hospital_info,AMI,Heart attack,1.0196,16.0132,15.7049,106,18,False
100014,ADVENTHEALTH NEW SMYRNA BEACH,NEW SMYRNA BEACH,FL,Acute Care Hospitals,hospital_info,COPD,Chronic obstructive pulmonary disease,1.0172,17.4107,17.1156,102,19,False
100017,HALIFAX HEALTH MEDICAL CENTER,DAYTONA BEACH,FL,Acute Care Hospitals,hospital_info,AMI,Heart attack,1.0058,13.471,13.3938,176,24,False
100017,HALIFAX HEALTH MEDICAL CENTER,DAYTONA BEACH,FL,Acute Care Hospitals,hospital_info,CABG,Coronary artery bypass graft surgery,1.1333,12.8916,11.3749,83,14,False
100017,HALIFAX HEALTH MEDICAL CENTER,DAYTONA BEACH,FL,Acute Care Hospitals,hospital_info,COPD,Chronic obstructive pulmonary disease,1.0017,18.2827,18.2521,147,27,False
100017,HALIFAX HEALTH MEDICAL CENTER,DAYTONA BEACH,FL,Acute Care Hospitals,hospital_info,HF,Heart failure,1.095,22.399,20.4548,260,65,False
100017,HALIFAX HEALTH MEDICAL CENTER,DAYTONA BEACH,FL,Acute Care Hospitals,hospital_info,PN,Pneumonia,1.058,16.6381,15.7254,446,78,False
100018,NAPLES COMMUNITY HOSPITAL,NAPLES,FL,Acute Care Hospitals,hospital_info,COPD,Chronic obstructive pulmonary disease,1.0862,17.8134,16.3995,337,66,False
100018,NAPLES COMMUNITY HOSPITAL,NAPLES,FL,Acute Care Hospitals,hospital_info,HIP-KNEE,Hip/knee replacement,1.129,5.8221,5.1571,955,57,False
100022,JACKSON HEALTH SYSTEM,MIAMI,FL,Acute Care Hospitals,hospital_info,HF,Heart failure,1.075,23.5787,21.9341,439,109,False
100023,HCA FLORIDA CITRUS HOSPITAL,INVERNESS,FL,Acute Care Hospitals,hospital_info,AMI,Heart attack,1.0128,14.8338,14.6464,272,41,False
100023,HCA FLORIDA CITRUS HOSPITAL,INVERNESS,FL,Acute Care Hospitals,hospital_info,COPD,Chronic obstructive pulmonary disease,1.0419,17.4243,16.7242,92,19,False
100023,HCA FLORIDA CITRUS HOSPITAL,INVERNESS,FL,Acute Care Hospitals,hospital_info,HF,Heart failure,1.0244,20.7105,20.2174,624,131,False
100023,HCA FLORIDA CITRUS HOSPITAL,INVERNESS,FL,Acute Care Hospitals,hospital_info,HIP-KNEE,Hip/knee replacement,1.0559,5.9018,5.5896,,,True
100025,SACRED HEART HOSPITAL,PENSACOLA,FL,Acute Care Hospitals,hospital_info,AMI,Heart attack,1.0685,14.1816,13.2723,230,36,False
100025,SACRED HEART HOSPITAL,PENSACOLA,FL,Acute Care Hospitals,hospital_info,COPD,Chronic obstructive pulmonary disease,1.0053,18.0882,17.9935,125,23,False
100025,SACRED HEART HOSPITAL,PENSACOLA,FL,Acute Care Hospitals,hospital_info,HF,Heart failure,1.0646,22.6846,21.3074,482,114,False
100025,SACRED HEART HOSPITAL,PENSACOLA,FL,Acute Care Hospitals,hospital_info,PN,Pneumonia,1.0126,17.179,16.9659,583,101,False
100026,ASCENSION SACRED HEART BAY,PANAMA CITY,FL,Acute Care Hospitals,hospital_info,AMI,Heart attack,1.0093,12.0107,11.8996,171,21,False
100026,ASCENSION SACRED HEART BAY,PANAMA CITY,FL,Acute Care Hospitals,hospital_info,CABG,Coronary artery bypass graft surgery,1.0201,9.9919,9.7955,,,True
100026,ASCENSION SACRED HEART BAY,PANAMA CITY,FL,Acute Care Hospitals,hospital_info,COPD,Chronic obstructive pulmonary disease,1.004,18.682,18.6077,68,13,False
100028,PARRISH MEDICAL CENTER,TITUSVILLE,FL,Acute Care Hospitals,hospital_info,HF,Heart failure,1.1099,21.0554,18.9707,206,51,False
100029,NORTH SHORE MEDICAL CENTER,MIAMI,FL,Acute Care Hospitals,hospital_info,AMI,Heart attack,1.071,19.1806,17.9087,48,13,False
100029,NORTH SHORE MEDICAL CENTER,MIAMI,FL,Acute Care Hospitals,hospital_info,HF,Heart failure,1.0994,25.3015,23.0134,137,42,False
100030,ORLANDO HEALTH-HEALTH CENTRAL HOSPITAL,OCOEE,FL,Acute Care Hospitals,hospital_info,AMI,Heart attack,1.0883,14.9312,13.7192,98,19,False
100030,ORLANDO HEALTH-HEALTH CENTRAL HOSPITAL,OCOEE,FL,Acute Care Hospitals,hospital_info,COPD,Chronic obstructive pulmonary disease,1.0177,18.9785,18.649,109,22,False
100030,ORLANDO HEALTH-HEALTH CENTRAL HOSPITAL,OCOEE,FL,Acute Care Hospitals,hospital_info,HF,Heart failure,1.0372,20.5056,19.7702,382,81,False
100030,ORLANDO HEALTH-HEALTH CENTRAL HOSPITAL,OCOEE,FL,Acute Care Hospitals,hospital_info,HIP-KNEE,Hip/knee replacement,1.0708,5.2221,4.877,,,True
100032,ORLANDO HEALTH BAYFRONT HOSPITAL,SAINT PETERSBURG,FL,Acute Care Hospitals,hospital_info,AMI,Heart attack,1.0139,14.0159,13.824,,,True
100032,ORLANDO HEALTH BAYFRONT HOSPITAL,SAINT PETERSBURG,FL,Acute Care Hospitals,hospital_info,COPD,Chronic obstructive pulmonary disease,1.0753,20.7746,19.3192,55,17,False
100032,ORLANDO HEALTH BAYFRONT HOSPITAL,SAINT PETERSBURG,FL,Acute Care Hospitals,hospital_info,HIP-KNEE,Hip/knee replacement,1.0503,5.9182,5.6349,,,True
100032,ORLANDO HEALTH BAYFRONT HOSPITAL,SAINT PETERSBURG,FL,Acute Care Hospitals,hospital_info,PN,Pneumonia,1.0368,16.0705,15.5,184,32,False
100034,"MOUNT SINAI MEDICAL CENTER OF FLORIDA, INC",MIAMI BEACH,FL,Acute Care Hospitals,hospital_info,AMI,Heart attack,1.0018,15.045,15.0174,232,35,False
100034,"MOUNT SINAI MEDICAL CENTER OF FLORIDA, INC",MIAMI BEACH,FL,Acute Care Hospitals,hospital_info,CABG,Coronary artery bypass graft surgery,1.0303,13.0085,12.626,,,True
100034,"MOUNT SINAI MEDICAL CENTER OF FLORIDA, INC",MIAMI BEACH,FL,Acute Care Hospitals,hospital_info,HF,Heart failure,1.0204,20.6986,20.284,418,88,False
100034,"MOUNT SINAI MEDICAL CENTER OF FLORIDA, INC",MIAMI BEACH,FL,Acute Care Hospitals,hospital_info,HIP-KNEE,Hip/knee replacement,1.1571,6.0571,5.2349,,,True
100035,MANATEE MEMORIAL HOSPITAL,BRADENTON,FL,Acute Care Hospitals,hospital_info,CABG,Coronary artery bypass graft surgery,1.2019,12.4255,10.3382,74,14,False
100035,MANATEE MEMORIAL HOSPITAL,BRADENTON,FL,Acute Care Hospitals,hospital_info,PN,Pneumonia,1.0029,15.893,15.8464,370,59,False
100038,MEMORIAL REGIONAL HOSPITAL,HOLLYWOOD,FL,Acute Care Hospitals,hospital_info,AMI,Heart attack,1.0852,15.2943,14.0935,149,27,False
100038,MEMORIAL REGIONAL HOSPITAL,HOLLYWOOD,FL,Acute Care Hospitals,hospital_info,CABG,Coronary artery bypass graft surgery,1.1066,12.7256,11.4997,81,13,False
100038,MEMORIAL REGIONAL HOSPITAL,HOLLYWOOD,FL,Acute Care Hospitals,hospital_info,COPD,Chronic obstructive pulmonary disease,1.0576,20.3401,19.2326,107,26,False
100038,MEMORIAL REGIONAL HOSPITAL,HOLLYWOOD,FL,Acute Care Hospitals,hospital_info,HF,Heart failure,1.044,21.2784,20.3825,441,97,False
100038,MEMORIAL REGIONAL HOSPITAL,HOLLYWOOD,FL,Acute Care Hospitals,hospital_info,HIP-KNEE,Hip/knee replacement,1.0876,7.2274,6.6454,,,True
100038,MEMORIAL REGIONAL HOSPITAL,HOLLYWOOD,FL,Acute Care Hospitals,hospital_info,PN,Pneumonia,1.0213,15.9292,15.5966,349,57,False
100039,BROWARD HEALTH MEDICAL CENTER,FORT LAUDERDALE,FL,Acute Care Hospitals,hospital_info,HF,Heart failure,1.0653,21.4952,20.1769,220,52,False
100039,BROWARD HEALTH MEDICAL CENTER,FORT LAUDERDALE,FL,Acute Care Hospitals,hospital_info,PN,Pneumonia,1.0421,17.0811,16.3903,206,38,False
100040,ASCENSION ST VINCENT'S RIVERSIDE,JACKSONVILLE,FL,Acute Care Hospitals,hospital_info,AMI,Heart attack,1.0608,16.1767,15.2492,259,45,False
100040,ASCENSION ST VINCENT'S RIVERSIDE,JACKSONVILLE,FL,Acute Care Hospitals,hospital_info,CABG,Coronary artery bypass graft surgery,1.0715,11.1019,10.3615,200,24,False
100040,ASCENSION ST VINCENT'S RIVERSIDE,JACKSONVILLE,FL,Acute Care Hospitals,hospital_info,COPD,Chronic obstructive pulmonary disease,1.1414,20.8761,18.2893,110,33,False
100040,ASCENSION ST VINCENT'S RIVERSIDE,JACKSONVILLE,FL,Acute Care Hospitals,hospital_info,HIP-KNEE,Hip/knee replacement,1.0228,8.1103,7.9296,,,True
100043,MEASE DUNEDIN HOSPITAL,DUNEDIN,FL,Acute Care Hospitals,hospital_info,COPD,Chronic obstructive pulmonary disease,1.0654,18.0449,16.9379,63,16,False
100043,MEASE DUNEDIN HOSPITAL,DUNEDIN,FL,Acute Care Hospitals,hospital_info,HIP-KNEE,Hip/knee replacement,1.0514,7.743,7.3647,,,True
100043,MEASE DUNEDIN HOSPITAL,DUNEDIN,FL,Acute Care Hospitals,hospital_info,PN,Pneumonia,1.0271,15.6252,15.2131,187,31,False
100044,CLEVELAND CLINIC MARTIN NORTH HOSPITAL,STUART,FL,Acute Care Hospitals,hospital_info,CABG,Coronary artery bypass graft surgery,1.0368,9.9865,9.6325,171,18,False
100044,CLEVELAND CLINIC MARTIN NORTH HOSPITAL,STUART,FL,Acute Care Hospitals,hospital_info,COPD,Chronic obstructive pulmonary disease,1.1251,18.4428,16.3922,436,89,False
100044,CLEVELAND CLINIC MARTIN NORTH HOSPITAL,STUART,FL,Acute Care Hospitals,hospital_info,HF,Heart failure,1.0875,20.6676,19.0048,1422,300,False
100044,CLEVELAND CLINIC MARTIN NORTH HOSPITAL,STUART,FL,Acute Care Hospitals,hospital_info,HIP-KNEE,Hip/knee replacement,1.1359,7.0357,6.1938,,,True
100044,CLEVELAND CLINIC MARTIN NORTH HOSPITAL,STUART,FL,Acute Care Hospitals,hospital_info,PN,Pneumonia,1.0858,16.6746,15.3566,1730,294,False
100045,ADVENTHEALTH DELAND,DELAND,FL,Acute Care Hospitals,hospital_info,AMI,Heart attack,1.0131,13.4284,13.2553,77,11,False
100045,ADVENTHEALTH DELAND,DELAND,FL,Acute Care Hospitals,hospital_info,COPD,Chronic obstructive pulmonary disease,1.0365,19.1262,18.4526,122,26,False
100045,ADVENTHEALTH DELAND,DELAND,FL,Acute Care Hospitals,hospital_info,HF,Heart failure,1.0088,20.3292,20.1526,292,60,False
100045,ADVENTHEALTH DELAND,DELAND,FL,Acute Care Hospitals,hospital_info,PN,Pneumonia,1.0279,17.0881,16.6241,346,61,False
100046,Adventhealth Zephyrhills,ZEPHYRHILLS,FL,Acute Care Hospitals,hospital_info,AMI,Heart attack,1.0031,15.5366,15.4885,147,23,False
100046,Adventhealth Zephyrhills,ZEPHYRHILLS,FL,Acute Care Hospitals,hospital_info,HF,Heart failure,1.0161,21.645,21.3025,378,83,False
100047,SHOREPOINT HEALTH PUNTA GORDA,,FL,,hrrp_fallback,PN,Pneumonia,1.1199,18.0422,16.11,279,58,False
100049,HCA FLORIDA HIGHLANDS HOSPITAL,SEBRING,FL,Acute Care Hospitals,hospital_info,COPD,Chronic obstructive pulmonary disease,1.0363,17.0202,16.4234,67,14,False
100049,HCA FLORIDA HIGHLANDS HOSPITAL,SEBRING,FL,Acute Care Hospitals,hospital_info,HF,Heart failure,1.0216,19.8876,19.4667,133,28,False
100049,HCA FLORIDA HIGHLANDS HOSPITAL,SEBRING,FL,Acute Care Hospitals,hospital_info,PN,Pneumonia,1.0738,18.5616,17.2856,259,53,False
100051,ORLANDO HEALTH SOUTH LAKE HOSPITAL,CLERMONT,FL,Acute Care Hospitals,hospital_info,HIP-KNEE,Hip/knee replacement,1.3525,6.556,4.8475,176,15,False
100051,ORLANDO HEALTH SOUTH LAKE HOSPITAL,CLERMONT,FL,Acute Care Hospitals,hospital_info,PN,Pneumonia,1.0933,16.1792,14.7979,439,77,False
100052,WINTER HAVEN HOSPITAL,WINTER HAVEN,FL,Acute Care Hospitals,hospital_info,AMI,Heart attack,1.1016,16.377,14.8668,195,37,False
100052,WINTER HAVEN HOSPITAL,WINTER HAVEN,FL,Acute Care Hospitals,hospital_info,COPD,Chronic obstructive pulmonary disease,1.0262,18.307,17.8391,208,40,False
100052,WINTER HAVEN HOSPITAL,WINTER HAVEN,FL,Acute Care Hospitals,hospital_info,HF,Heart failure,1.081,21.2896,19.6939,410,93,False
100052,WINTER HAVEN HOSPITAL,WINTER HAVEN,FL,Acute Care Hospitals,hospital_info,PN,Pneumonia,1.0945,17.5535,16.0372,512,96,False
100053,HIALEAH HOSPITAL,HIALEAH,FL,Acute Care Hospitals,hospital_info,AMI,Heart attack,1.053,21.6503,20.5603,,,True
100053,HIALEAH HOSPITAL,HIALEAH,FL,Acute Care Hospitals,hospital_info,HF,Heart failure,1.1485,28.1643,24.5219,71,31,False
100053,HIALEAH HOSPITAL,HIALEAH,FL,Acute Care Hospitals,hospital_info,PN,Pneumonia,1.0216,19.2946,18.8858,158,32,False
100054,HCA FLORIDA TWIN CITIES HOSPITAL,NICEVILLE,FL,Acute Care Hospitals,hospital_info,COPD,Chronic obstructive pulmonary disease,1.0034,17.9169,17.857,60,11,False
100054,HCA FLORIDA TWIN CITIES HOSPITAL,NICEVILLE,FL,Acute Care Hospitals,hospital_info,HF,Heart failure,1.0409,20.266,19.4692,109,25,False
100054,HCA FLORIDA TWIN CITIES HOSPITAL,NICEVILLE,FL,Acute Care Hospitals,hospital_info,PN,Pneumonia,1.1937,19.695,16.4992,192,50,False
100055,ADVENTHEALTH NORTH PINELLAS,TARPON SPRINGS,FL,Acute Care Hospitals,hospital_info,AMI,Heart attack,1.0402,14.7478,14.1783,88,15,False
100055,ADVENTHEALTH NORTH PINELLAS,TARPON SPRINGS,FL,Acute Care Hospitals,hospital_info,HF,Heart failure,1.132,23.3215,20.6015,209,58,False
100055,ADVENTHEALTH NORTH PINELLAS,TARPON SPRINGS,FL,Acute Care Hospitals,hospital_info,PN,Pneumonia,1.0537,17.4299,16.5417,232,44,False
100057,ADVENTHEALTH WATERMAN,TAVARES,FL,Acute Care Hospitals,hospital_info,AMI,Heart attack,1.0294,14.0727,13.6712,295,43,False
100057,ADVENTHEALTH WATERMAN,TAVARES,FL,Acute Care Hospitals,hospital_info,CABG,Coronary artery bypass graft surgery,1.2227,14.078,11.5141,104,20,False
100057,ADVENTHEALTH WATERMAN,TAVARES,FL,Acute Care Hospitals,hospital_info,HF,Heart failure,1.0327,21.6144,20.9292,905,198,False
100062,ADVENTHEALTH OCALA,OCALA,FL,Acute Care Hospitals,hospital_info,CABG,Coronary artery bypass graft surgery,1.1111,11.4874,10.339,98,14,False
100062,ADVENTHEALTH OCALA,OCALA,FL,Acute Care Hospitals,hospital_info,HF,Heart failure,1.0885,22.0702,20.2764,633,146,False
100063,MORTON PLANT NORTH BAY HOSPITAL,NEW PORT RICHEY,FL,Acute Care Hospitals,hospital_info,AMI,Heart attack,1.0718,14.3256,13.3659,80,15,False
100063,MORTON PLANT NORTH BAY HOSPITAL,NEW PORT RICHEY,FL,Acute Care Hospitals,hospital_info,COPD,Chronic obstructive pulmonary disease,1.0324,18.3452,17.769,118,24,False
100063,MORTON PLANT NORTH BAY HOSPITAL,NEW PORT RICHEY,FL,Acute Care Hospitals,hospital_info,HF,Heart failure,1.0551,21.8819,20.7401,288,67,False
100067,ST ANTHONYS HOSPITAL,SAINT PETERSBURG,FL,Acute Care Hospitals,hospital_info,AMI,Heart attack,1.0612,16.1428,15.2121,123,23,False
100067,ST ANTHONYS HOSPITAL,SAINT PETERSBURG,FL,Acute Care Hospitals,hospital_info,COPD,Chronic obstructive pulmonary disease,1.0111,18.2655,18.0654,220,41,False
100068,ADVENTHEALTH DAYTONA BEACH,DAYTONA BEACH,FL,Acute Care Hospitals,hospital_info,HIP-KNEE,Hip/knee replacement,1.1539,7.2606,6.2924,,,True
100069,AdventHealth Carrollwood,TAMPA,FL,Acute Care Hospitals,hospital_info,COPD,Chronic obstructive pulmonary disease,1.0103,18.9523,18.7586,54,11,False
100069,AdventHealth Carrollwood,TAMPA,FL,Acute Care Hospitals,hospital_info,HIP-KNEE,Hip/knee replacement,1.2292,6.5927,5.3634,,,True
100069,AdventHealth Carrollwood,TAMPA,FL,Acute Care Hospitals,hospital_info,PN,Pneumonia,1.019,15.9378,15.6413,149,25,False
100071,TAMPA GENERAL HOSPITAL BROOKSVILLE,BROOKSVILLE,FL,Acute Care Hospitals,hospital_info,AMI,Heart attack,1.096,14.8497,13.5488,103,20,False
100071,TAMPA GENERAL HOSPITAL BROOKSVILLE,BROOKSVILLE,FL,Acute Care Hospitals,hospital_info,HF,Heart failure,1.1424,21.4485,18.7744,211,55,False
100072,ADVENTHEALTH FISH MEMORIAL,ORANGE CITY,FL,Acute Care Hospitals,hospital_info,AMI,Heart attack,1.1045,17.1221,15.5014,98,22,False
100072,ADVENTHEALTH FISH MEMORIAL,ORANGE CITY,FL,Acute Care Hospitals,hospital_info,COPD,Chronic obstructive pulmonary disease,1.0523,20.6254,19.5996,117,28,False
100073,HOLY CROSS HOSPITAL,FT LAUDERDALE,FL,Acute Care Hospitals,hospital_info,COPD,Chronic obstructive pulmonary disease,1.0216,18.2646,17.8778,194,37,False
100073,HOLY CROSS HOSPITAL,FT LAUDERDALE,FL,Acute Care Hospitals,hospital_info,PN,Pneumonia,1.0987,18.0377,16.4179,613,117,False
100075,ST JOSEPHS HOSPITAL,TAMPA,FL,Acute Care Hospitals,hospital_info,AMI,Heart attack,1.1042,15.7125,14.2302,400,68,False
100075,ST JOSEPHS HOSPITAL,TAMPA,FL,Acute Care Hospitals,hospital_info,HF,Heart failure,1.1111,22.7393,20.4663,1386,323,False
100077,Adventhealth Port Charlotte,PORT CHARLOTTE,FL,Acute Care Hospitals,hospital_info,AMI,Heart attack,1.0675,16.0659,15.0504,184,33,False
100077,Adventhealth Port Charlotte,PORT CHARLOTTE,FL,Acute Care Hospitals,hospital_info,CABG,Coronary artery bypass graft surgery,1.1374,11.7204,10.3049,91,14,False
100077,Adventhealth Port Charlotte,PORT CHARLOTTE,FL,Acute Care Hospitals,hospital_info,COPD,Chronic obstructive pulmonary disease,1.0408,20.1027,19.315,179,39,False
100077,Adventhealth Port Charlotte,PORT CHARLOTTE,FL,Acute Care Hospitals,hospital_info,HF,Heart failure,1.1113,22.8505,20.5621,320,81,False
100077,Adventhealth Port Charlotte,PORT CHARLOTTE,FL,Acute Care Hospitals,hospital_info,PN,Pneumonia,1.112,19.0371,17.1195,466,96,False
100080,HCA FLORIDA JFK HOSPITAL,ATLANTIS,FL,Acute Care Hospitals,hospital_info,AMI,Heart attack,1.0617,15.372,14.4782,292,48,False
100080,HCA FLORIDA JFK HOSPITAL,ATLANTIS,FL,Acute Care Hospitals,hospital_info,CABG,Coronary artery bypass graft surgery,1.1898,13.914,11.6948,96,18,False
100080,HCA FLORIDA JFK HOSPITAL,ATLANTIS,FL,Acute Care Hospitals,hospital_info,HF,Heart failure,1.0478,20.7356,19.7902,760,161,False
100080,HCA FLORIDA JFK HOSPITAL,ATLANTIS,FL,Acute Care Hospitals,hospital_info,HIP-KNEE,Hip/knee replacement,1.1472,7.5999,6.6245,189,16,False
100080,HCA FLORIDA JFK HOSPITAL,ATLANTIS,FL,Acute Care Hospitals,hospital_info,PN,Pneumonia,1.0304,16.7913,16.2958,774,132,False
100084,UF HEALTH LEESBURG HOSPITAL,LEESBURG,FL,Acute Care Hospitals,hospital_info,HIP-KNEE,Hip/knee replacement,1.1095,5.9434,5.3568,,,True
100084,UF HEALTH LEESBURG HOSPITAL,LEESBURG,FL,Acute Care Hospitals,hospital_info,PN,Pneumonia,1.0121,16.7006,16.5007,552,93,False
100086,BROWARD HEALTH NORTH,DEERFIELD BEACH,FL,Acute Care Hospitals,hospital_info,COPD,Chronic obstructive pulmonary disease,1.0092,17.3755,17.2169,71,13,False
100086,BROWARD HEALTH NORTH,DEERFIELD BEACH,FL,Acute Care Hospitals,hospital_info,HF,Heart failure,1.2408,23.6941,19.096,194,62,False
100086,BROWARD HEALTH NORTH,DEERFIELD BEACH,FL,Acute Care Hospitals,hospital_info,HIP-KNEE,Hip/knee replacement,1.256,8.013,6.3796,,,True
100086,BROWARD HEALTH NORTH,DEERFIELD BEACH,FL,Acute Care Hospitals,hospital_info,PN,Pneumonia,1.083,17.8195,16.4542,278,55,False
100087,SARASOTA MEMORIAL HOSPITAL,SARASOTA,FL,Acute Care Hospitals,hospital_info,AMI,Heart attack,1.013,13.2611,13.0906,817,109,False
100088,BAPTIST HEALTH MEDICAL CENTER - JACKSONVILLE,JACKSONVILLE,FL,Acute Care Hospitals,hospital_info,AMI,Heart attack,1.1462,15.2096,13.2695,644,105,False
100088,BAPTIST HEALTH MEDICAL CENTER - JACKSONVILLE,JACKSONVILLE,FL,Acute Care Hospitals,hospital_info,CABG,Coronary artery bypass graft surgery,1.0319,11.1326,10.7888,334,38,False
100088,BAPTIST HEALTH MEDICAL CENTER - JACKSONVILLE,JACKSONVILLE,FL,Acute Care Hospitals,hospital_info,HIP-KNEE,Hip/knee replacement,1.1825,7.2508,6.1317,166,14,False
100090,FLAGLER HOSPITAL,SAINT AUGUSTINE,FL,Acute Care Hospitals,hospital_info,COPD,Chronic obstructive pulmonary disease,1.0807,19.5986,18.1344,190,43,False
100090,FLAGLER HOSPITAL,SAINT AUGUSTINE,FL,Acute Care Hospitals,hospital_info,HIP-KNEE,Hip/knee replacement,1.0138,6.2082,6.1237,,,True
100090,FLAGLER HOSPITAL,SAINT AUGUSTINE,FL,Acute Care Hospitals,hospital_info,PN,Pneumonia,1.0554,16.6735,15.7977,602,104,False
100092,ORLANDO HEALTH ROCKLEDGE HOSPITAL,,FL,,hrrp_fallback,AMI,Heart attack,1.0622,14.1997,13.3681,126,21,False
100092,ORLANDO HEALTH ROCKLEDGE HOSPITAL,,FL,,hrrp_fallback,COPD,Chronic obstructive pulmonary disease,1.0117,18.0541,17.8451,106,20,False
100093,BAPTIST HOSPITAL,PENSACOLA,FL,Acute Care Hospitals,hospital_info,CABG,Coronary artery bypass graft surgery,1.0746,11.5713,10.7677,148,19,False
100093,BAPTIST HOSPITAL,PENSACOLA,FL,Acute Care Hospitals,hospital_info,HIP-KNEE,Hip/knee replacement,1.0496,6.2269,5.9325,264,17,False
100093,BAPTIST HOSPITAL,PENSACOLA,FL,Acute Care Hospitals,hospital_info,PN,Pneumonia,1.0218,17.7768,17.3976,363,66,False
100099,ADVENTHEALTH LAKE WALES,LAKE WALES,FL,Acute Care Hospitals,hospital_info,COPD,Chronic obstructive pulmonary disease,1.014,15.4269,15.2134,,,True
100099,ADVENTHEALTH LAKE WALES,LAKE WALES,FL,Acute Care Hospitals,hospital_info,PN,Pneumonia,1.154,17.4174,15.0933,117,30,False
100105,CLEVELAND CLINIC INDIAN RIVER HOSPITAL,VERO BEACH,FL,Acute Care Hospitals,hospital_info,COPD,Chronic obstructive pulmonary disease,1.019,19.2382,18.8797,237,47,False
100105,CLEVELAND CLINIC INDIAN RIVER HOSPITAL,VERO BEACH,FL,Acute Care Hospitals,hospital_info,HIP-KNEE,Hip/knee replacement,1.0362,7.0501,6.8041,,,True
100107,HCA FLORIDA LEHIGH HOSPITAL,LEHIGH ACRES,FL,Acute Care Hospitals,hospital_info,COPD,Chronic obstructive pulmonary disease,1.1202,21.0113,18.7559,30,15,False
100107,HCA FLORIDA LEHIGH HOSPITAL,LEHIGH ACRES,FL,Acute Care Hospitals,hospital_info,PN,Pneumonia,1.0292,15.9665,15.5134,82,15,False
100109,ADVENTHEALTH SEBRING,SEBRING,FL,Acute Care Hospitals,hospital_info,COPD,Chronic obstructive pulmonary disease,1.0626,20.8923,19.662,203,47,False
100109,ADVENTHEALTH SEBRING,SEBRING,FL,Acute Care Hospitals,hospital_info,HF,Heart failure,1.0074,21.9986,21.8376,543,120,False
100110,HCA FLORIDA OSCEOLA HOSPITAL,KISSIMMEE,FL,Acute Care Hospitals,hospital_info,AMI,Heart attack,1.1305,17.8156,15.7587,132,30,False
100110,HCA FLORIDA OSCEOLA HOSPITAL,KISSIMMEE,FL,Acute Care Hospitals,hospital_info,COPD,Chronic obstructive pulmonary disease,1.0033,17.3361,17.2797,,,True
100110,HCA FLORIDA OSCEOLA HOSPITAL,KISSIMMEE,FL,Acute Care Hospitals,hospital_info,HF,Heart failure,1.105,22.7378,20.578,174,47,False
100110,HCA FLORIDA OSCEOLA HOSPITAL,KISSIMMEE,FL,Acute Care Hospitals,hospital_info,PN,Pneumonia,1.0458,18.3156,17.513,207,41,False
100113,UF HEALTH SHANDS HOSPITAL,GAINESVILLE,FL,Acute Care Hospitals,hospital_info,HF,Heart failure,1.0163,20.2713,19.9463,744,152,False
100113,UF HEALTH SHANDS HOSPITAL,GAINESVILLE,FL,Acute Care Hospitals,hospital_info,PN,Pneumonia,1.1252,19.6,17.4192,892,183,False
100117,BAPTIST MEDICAL CENTER  BEACHES,JACKSONVILLE BEACH,FL,Acute Care Hospitals,hospital_info,AMI,Heart attack,1.0126,15.4493,15.2568,,,True
100117,BAPTIST MEDICAL CENTER  BEACHES,JACKSONVILLE BEACH,FL,Acute Care Hospitals,hospital_info,COPD,Chronic obstructive pulmonary disease,1.0132,19.384,19.1319,160,32,False
100118,AdventHealth Palm Coast,PALM COAST,FL,Acute Care Hospitals,hospital_info,AMI,Heart attack,1.1034,16.8358,15.258,171,34,False
100118,AdventHealth Palm Coast,PALM COAST,FL,Acute Care Hospitals,hospital_info,COPD,Chronic obstructive pulmonary disease,1.0012,19.1023,19.0798,99,19,False
100118,AdventHealth Palm Coast,PALM COAST,FL,Acute Care Hospitals,hospital_info,HF,Heart failure,1.0044,21.1086,21.0168,458,97,False
100121,BARTOW REGIONAL MEDICAL CENTER,BARTOW,FL,Acute Care Hospitals,hospital_info,AMI,Heart attack,1.0321,13.7555,13.3272,,,True
100121,BARTOW REGIONAL MEDICAL CENTER,BARTOW,FL,Acute Care Hospitals,hospital_info,COPD,Chronic obstructive pulmonary disease,1.0179,15.5367,15.2629,,,True
100121,BARTOW REGIONAL MEDICAL CENTER,BARTOW,FL,Acute Care Hospitals,hospital_info,HF,Heart failure,1.0405,19.9032,19.1294,91,21,False
100122,NORTH OKALOOSA MEDICAL CENTER,CRESTVIEW,FL,Acute Care Hospitals,hospital_info,AMI,Heart attack,1.0376,16.5271,15.928,73,14,False
100122,NORTH OKALOOSA MEDICAL CENTER,CRESTVIEW,FL,Acute Care Hospitals,hospital_info,COPD,Chronic obstructive pulmonary disease,1.0187,21.0906,20.7038,126,28,False
100122,NORTH OKALOOSA MEDICAL CENTER,CRESTVIEW,FL,Acute Care Hospitals,hospital_info,HF,Heart failure,1.0053,21.3547,21.2429,237,51,False
100124,SANTA ROSA MEDICAL CENTER,MILTON,FL,Acute Care Hospitals,hospital_info,HF,Heart failure,1.0275,20.3347,19.7909,123,27,False
100124,SANTA ROSA MEDICAL CENTER,MILTON,FL,Acute Care Hospitals,hospital_info,PN,Pneumonia,1.0598,16.7745,15.828,239,44,False
100125,HOMESTEAD HOSPITAL,HOMESTEAD,FL,Acute Care Hospitals,hospital_info,HF,Heart failure,1.0322,23.2512,22.5258,80,21,False
100126,HCA FLORIDA PASADENA HOSPITAL A PART OF HCA FLORID,SAINT PETERSBURG,FL,Acute Care Hospitals,hospital_info,AMI,Heart attack,1.0147,15.8826,15.6528,,,True
100126,HCA FLORIDA PASADENA HOSPITAL A PART OF HCA FLORID,SAINT PETERSBURG,FL,Acute Care Hospitals,hospital_info,COPD,Chronic obstructive pulmonary disease,1.0232,18.611,18.1894,66,14,False
100126,HCA FLORIDA PASADENA HOSPITAL A PART OF HCA FLORID,SAINT PETERSBURG,FL,Acute Care Hospitals,hospital_info,HF,Heart failure,1.0121,19.7918,19.5562,127,26,False
100126,HCA FLORIDA PASADENA HOSPITAL A PART OF HCA FLORID,SAINT PETERSBURG,FL,Acute Care Hospitals,hospital_info,HIP-KNEE,Hip/knee replacement,1.4314,8.4104,5.8759,,,True
100127,MORTON PLANT HOSPITAL,CLEARWATER,FL,Acute Care Hospitals,hospital_info,AMI,Heart attack,1.0605,15.5648,14.6768,353,58,False
100127,MORTON PLANT HOSPITAL,CLEARWATER,FL,Acute Care Hospitals,hospital_info,HF,Heart failure,1.1047,22.0186,19.9321,875,200,False
100127,MORTON PLANT HOSPITAL,CLEARWATER,FL,Acute Care Hospitals,hospital_info,PN,Pneumonia,1.0068,15.542,15.4374,692,108,False
100128,TAMPA GENERAL HOSPITAL,TAMPA,FL,Acute Care Hospitals,hospital_info,AMI,Heart attack,1.0519,16.1049,15.3103,182,32,False
100128,TAMPA GENERAL HOSPITAL,TAMPA,FL,Acute Care Hospitals,hospital_info,COPD,Chronic obstructive pulmonary disease,1.0836,20.9954,19.3748,171,42,False
100128,TAMPA GENERAL HOSPITAL,TAMPA,FL,Acute Care Hospitals,hospital_info,HF,Heart failure,1.0354,22.5532,21.7816,720,165,False
100128,TAMPA GENERAL HOSPITAL,TAMPA,FL,Acute Care Hospitals,hospital_info,HIP-KNEE,Hip/knee replacement,1.2501,7.2826,5.8256,280,23,False
100131,HCA FLORIDA AVENTURA HOSPITAL,AVENTURA,FL,Acute Care Hospitals,hospital_info,AMI,Heart attack,1.1801,17.1889,14.5657,112,28,False
100131,HCA FLORIDA AVENTURA HOSPITAL,AVENTURA,FL,Acute Care Hospitals,hospital_info,HF,Heart failure,1.0931,22.5555,20.6352,303,75,False
100135,TALLAHASSEE MEMORIAL HEALTHCARE,TALLAHASSEE,FL,Acute Care Hospitals,hospital_info,COPD,Chronic obstructive pulmonary disease,1.0247,19.093,18.6326,132,27,False
100135,TALLAHASSEE MEMORIAL HEALTHCARE,TALLAHASSEE,FL,Acute Care Hospitals,hospital_info,HIP-KNEE,Hip/knee replacement,1.2087,6.9057,5.7132,,,True
100137,ADVENTHEALTH HEART OF FLORIDA,DAVENPORT,FL,Acute Care Hospitals,hospital_info,AMI,Heart attack,1.136,14.9506,13.1612,70,17,False
100137,ADVENTHEALTH HEART OF FLORIDA,DAVENPORT,FL,Acute Care Hospitals,hospital_info,HF,Heart failure,1.0457,20.5318,19.6354,140,32,False
100137,ADVENTHEALTH HEART OF FLORIDA,DAVENPORT,FL,Acute Care Hospitals,hospital_info,PN,Pneumonia,1.1649,18.6466,16.0068,169,42,False
100140,BAPTIST MEDICAL CENTER - NASSAU,FERNANDINA BEACH,FL,Acute Care Hospitals,hospital_info,HF,Heart failure,1.0372,19.7803,19.0712,194,41,False
100142,JACKSON HOSPITAL,MARIANNA,FL,Acute Care Hospitals,hospital_info,COPD,Chronic obstructive pulmonary disease,1.055,16.3144,15.4632,87,18,False
100142,JACKSON HOSPITAL,MARIANNA,FL,Acute Care Hospitals,hospital_info,HF,Heart failure,1.0115,17.7515,17.549,125,23,False
100142,JACKSON HOSPITAL,MARIANNA,FL,Acute Care Hospitals,hospital_info,PN,Pneumonia,1.0427,14.375,13.7858,162,26,False
100150,LOWER KEYS MEDICAL CENTER,KEY WEST,FL,Acute Care Hospitals,hospital_info,PN,Pneumonia,1.0065,14.0528,13.9618,182,26,False
100151,MAYO CLINIC,JACKSONVILLE,FL,Acute Care Hospitals,hospital_info,AMI,Heart attack,1.1075,13.915,12.5648,164,28,False
100151,MAYO CLINIC,JACKSONVILLE,FL,Acute Care Hospitals,hospital_info,HF,Heart failure,1.0207,21.7034,21.2641,956,209,False
100151,MAYO CLINIC,JACKSONVILLE,FL,Acute Care Hospitals,hospital_info,HIP-KNEE,Hip/knee replacement,1.0716,7.484,6.9837,,,True
100154,SOUTH MIAMI HOSPITAL,MIAMI,FL,Acute Care Hospitals,hospital_info,HF,Heart failure,1.0497,20.5837,19.6095,386,83,False
100154,SOUTH MIAMI HOSPITAL,MIAMI,FL,Acute Care Hospitals,hospital_info,PN,Pneumonia,1.0411,16.6028,15.9467,357,62,False
100156,HCA FLORIDA LAKE CITY HOSPITAL,LAKE CITY,FL,Acute Care Hospitals,hospital_info,AMI,Heart attack,1.0046,13.6951,13.6318,,,True
100156,HCA FLORIDA LAKE CITY HOSPITAL,LAKE CITY,FL,Acute Care Hospitals,hospital_info,COPD,Chronic obstructive pulmonary disease,1.0481,19.4648,18.5723,141,31,False
100156,HCA FLORIDA LAKE CITY HOSPITAL,LAKE CITY,FL,Acute Care Hospitals,hospital_info,HF,Heart failure,1.0636,21.2746,20.0032,444,99,False
100156,HCA FLORIDA LAKE CITY HOSPITAL,LAKE CITY,FL,Acute Care Hospitals,hospital_info,PN,Pneumonia,1.152,19.01,16.5014,517,108,False
100157,LAKELAND REGIONAL MEDICAL CENTER,LAKELAND,FL,Acute Care Hospitals,hospital_info,CABG,Coronary artery bypass graft surgery,1.022,10.7241,10.493,,,True
100157,LAKELAND REGIONAL MEDICAL CENTER,LAKELAND,FL,Acute Care Hospitals,hospital_info,COPD,Chronic obstructive pulmonary disease,1.1325,21.5866,19.0609,447,106,False
100157,LAKELAND REGIONAL MEDICAL CENTER,LAKELAND,FL,Acute Care Hospitals,hospital_info,HF,Heart failure,1.0865,20.6354,18.9917,1095,232,False
100157,LAKELAND REGIONAL MEDICAL CENTER,LAKELAND,FL,Acute Care Hospitals,hospital_info,PN,Pneumonia,1.1637,17.8207,15.3137,936,177,False
100161,CENTRAL FLORIDA LAKE MONROE HOSPITAL,SANFORD,FL,Acute Care Hospitals,hospital_info,AMI,Heart attack,1.0123,15.0822,14.8984,82,13,False
100161,CENTRAL FLORIDA LAKE MONROE HOSPITAL,SANFORD,FL,Acute Care Hospitals,hospital_info,CABG,Coronary artery bypass graft surgery,1.0676,13.0899,12.2616,,,True
100161,CENTRAL FLORIDA LAKE MONROE HOSPITAL,SANFORD,FL,Acute Care Hospitals,hospital_info,HIP-KNEE,Hip/knee replacement,1.0413,5.308,5.0975,,,True
100161,CENTRAL FLORIDA LAKE MONROE HOSPITAL,SANFORD,FL,Acute Care Hospitals,hospital_info,PN,Pneumonia,1.0765,17.773,16.5096,208,42,False
100166,HCA FLORIDA SARASOTA DOCTORS HOSPITAL,SARASOTA,FL,Acute Care Hospitals,hospital_info,HF,Heart failure,1.104,21.617,19.5806,304,73,False
100166,HCA FLORIDA SARASOTA DOCTORS HOSPITAL,SARASOTA,FL,Acute Care Hospitals,hospital_info,HIP-KNEE,Hip/knee replacement,1.0636,5.7351,5.3923,441,26,False
100167,HCA FLORIDA MERCY HOSPITAL,PLANTATION,FL,Acute Care Hospitals,hospital_info,AMI,Heart attack,1.0289,14.4371,14.0311,66,11,False
100167,HCA FLORIDA MERCY HOSPITAL,PLANTATION,FL,Acute Care Hospitals,hospital_info,HF,Heart failure,1.0618,22.3193,21.0213,159,40,False
100167,HCA FLORIDA MERCY HOSPITAL,PLANTATION,FL,Acute Care Hospitals,hospital_info,HIP-KNEE,Hip/knee replacement,1.2991,6.0403,4.6497,,,True
100168,BOCA RATON REGIONAL HOSPITAL,BOCA RATON,FL,Acute Care Hospitals,hospital_info,AMI,Heart attack,1.0325,14.8854,14.4163,298,46,False
100168,BOCA RATON REGIONAL HOSPITAL,BOCA RATON,FL,Acute Care Hospitals,hospital_info,CABG,Coronary artery bypass graft surgery,1.2121,13.3687,11.0296,104,19,False
100168,BOCA RATON REGIONAL HOSPITAL,BOCA RATON,FL,Acute Care Hospitals,hospital_info,COPD,Chronic obstructive pulmonary disease,1.0275,19.1188,18.6066,230,46,False
100168,BOCA RATON REGIONAL HOSPITAL,BOCA RATON,FL,Acute Care Hospitals,hospital_info,HIP-KNEE,Hip/knee replacement,1.1271,7.5925,6.7361,,,True
100173,ADVENTHEALTH TAMPA,TAMPA,FL,Acute Care Hospitals,hospital_info,AMI,Heart attack,1.0872,15.8755,14.6021,168,31,False
100173,ADVENTHEALTH TAMPA,TAMPA,FL,Acute Care Hospitals,hospital_info,CABG,Coronary artery bypass graft surgery,1.1134,11.7438,10.548,121,17,False
100173,ADVENTHEALTH TAMPA,TAMPA,FL,Acute Care Hospitals,hospital_info,HF,Heart failure,1.0005,20.9741,20.9626,386,81,False
100173,ADVENTHEALTH TAMPA,TAMPA,FL,Acute Care Hospitals,hospital_info,HIP-KNEE,Hip/knee replacement,1.0186,6.793,6.669,,,True
100175,DESOTO MEMORIAL HOSPITAL,ARCADIA,FL,Acute Care Hospitals,hospital_info,COPD,Chronic obstructive pulmonary disease,1.0075,16.5729,16.4491,,,True
100175,DESOTO MEMORIAL HOSPITAL,ARCADIA,FL,Acute Care Hospitals,hospital_info,PN,Pneumonia,1.0076,15.8171,15.6975,79,13,False
100176,PALM BEACH GARDENS MEDICAL CENTER,PALM BEACH GARDENS,FL,Acute Care Hospitals,hospital_info,COPD,Chronic obstructive pulmonary disease,1.0914,19.8712,18.2064,108,28,False
100176,PALM BEACH GARDENS MEDICAL CENTER,PALM BEACH GARDENS,FL,Acute Care Hospitals,hospital_info,HF,Heart failure,1.0574,20.7486,19.623,419,91,False
100176,PALM BEACH GARDENS MEDICAL CENTER,PALM BEACH GARDENS,FL,Acute Care Hospitals,hospital_info,HIP-KNEE,Hip/knee replacement,1.1833,6.4511,5.4516,,,True
100176,PALM BEACH GARDENS MEDICAL CENTER,PALM BEACH GARDENS,FL,Acute Care Hospitals,hospital_info,PN,Pneumonia,1.0575,16.7524,15.8408,658,114,False
100177,CAPE CANAVERAL HOSPITAL,COCOA BEACH,FL,Acute Care Hospitals,hospital_info,HIP-KNEE,Hip/knee replacement,1.0172,6.0028,5.9011,,,True
100179,HCA FLORIDA MEMORIAL HOSPITAL,JACKSONVILLE,FL,Acute Care Hospitals,hospital_info,AMI,Heart attack,1.02,16.7548,16.4268,137,24,False
100179,HCA FLORIDA MEMORIAL HOSPITAL,JACKSONVILLE,FL,Acute Care Hospitals,hospital_info,CABG,Coronary artery bypass graft surgery,1.0772,13.1534,12.2109,,,True
100179,HCA FLORIDA MEMORIAL HOSPITAL,JACKSONVILLE,FL,Acute Care Hospitals,hospital_info,COPD,Chronic obstructive pulmonary disease,1.0249,22.3114,21.77,90,22,False
100179,HCA FLORIDA MEMORIAL HOSPITAL,JACKSONVILLE,FL,Acute Care Hospitals,hospital_info,HIP-KNEE,Hip/knee replacement,1.0259,4.6024,4.4864,,,True
100180,HCA FLORIDA ST PETERSBURG HOSPITAL,SAINT PETERSBURG,FL,Acute Care Hospitals,hospital_info,HF,Heart failure,1.0336,22.1737,21.452,61,16,False
100180,HCA FLORIDA ST PETERSBURG HOSPITAL,SAINT PETERSBURG,FL,Acute Care Hospitals,hospital_info,PN,Pneumonia,1.0429,18.8519,18.0769,165,34,False
100181,LARKIN COMMUNITY HOSPITAL,SOUTH MIAMI,FL,Acute Care Hospitals,hospital_info,HF,Heart failure,1.0165,24.3779,23.9812,40,11,False
100181,LARKIN COMMUNITY HOSPITAL,SOUTH MIAMI,FL,Acute Care Hospitals,hospital_info,PN,Pneumonia,1.0163,20.3685,20.0425,68,15,False
100183,CORAL GABLES HOSPITAL,CORAL GABLES,FL,Acute Care Hospitals,hospital_info,HF,Heart failure,1.0535,24.2688,23.0372,66,20,False
100187,PALMETTO GENERAL HOSPITAL,HIALEAH,FL,Acute Care Hospitals,hospital_info,AMI,Heart attack,1.0051,16.5812,16.497,119,20,False
100189,HCA FLORIDA NORTHWEST HOSPITAL,MARGATE,FL,Acute Care Hospitals,hospital_info,AMI,Heart attack,1.0244,15.7358,15.3617,81,14,False
100189,HCA FLORIDA NORTHWEST HOSPITAL,MARGATE,FL,Acute Care Hospitals,hospital_info,COPD,Chronic obstructive pulmonary disease,1.074,19.1968,17.8745,92,23,False
100189,HCA FLORIDA NORTHWEST HOSPITAL,MARGATE,FL,Acute Care Hospitals,hospital_info,HF,Heart failure,1.0756,21.2288,19.737,262,61,False
100189,HCA FLORIDA NORTHWEST HOSPITAL,MARGATE,FL,Acute Care Hospitals,hospital_info,PN,Pneumonia,1.024,16.4533,16.0674,276,47,False
100191,HCA FLORIDA TRINITY HOSPITAL,TRINITY,FL,Acute Care Hospitals,hospital_info,AMI,Heart attack,1.1538,17.8571,15.4771,103,26,False
100191,HCA FLORIDA TRINITY HOSPITAL,TRINITY,FL,Acute Care Hospitals,hospital_info,COPD,Chronic obstructive pulmonary disease,1.0527,18.9504,18.0019,117,26,False
100191,HCA FLORIDA TRINITY HOSPITAL,TRINITY,FL,Acute Care Hospitals,hospital_info,HF,Heart failure,1.057,22.2542,21.054,215,52,False
100191,HCA FLORIDA TRINITY HOSPITAL,TRINITY,FL,Acute Care Hospitals,hospital_info,HIP-KNEE,Hip/knee replacement,1.3631,6.8531,5.0276,,,True
100191,HCA FLORIDA TRINITY HOSPITAL,TRINITY,FL,Acute Care Hospitals,hospital_info,PN,Pneumonia,1.0394,17.199,16.5463,322,58,False
100200,BROWARD HEALTH IMPERIAL POINT,FORT LAUDERDALE,FL,Acute Care Hospitals,hospital_info,PN,Pneumonia,1.0669,15.6736,14.6902,164,30,False
100204,HCA FLORIDA NORTH FLORIDA HOSPITAL,GAINESVILLE,FL,Acute Care Hospitals,hospital_info,AMI,Heart attack,1.0408,15.1873,14.5922,388,61,False
100204,HCA FLORIDA NORTH FLORIDA HOSPITAL,GAINESVILLE,FL,Acute Care Hospitals,hospital_info,COPD,Chronic obstructive pulmonary disease,1.0516,19.7271,18.7592,300,63,False
100204,HCA FLORIDA NORTH FLORIDA HOSPITAL,GAINESVILLE,FL,Acute Care Hospitals,hospital_info,HF,Heart failure,1.0001,19.9385,19.9357,993,198,False
100206,HCA FLORIDA SOUTH TAMPA HOSPITAL,TAMPA,FL,Acute Care Hospitals,hospital_info,COPD,Chronic obstructive pulmonary disease,1.0303,19.5416,18.9664,50,12,False
100206,HCA FLORIDA SOUTH TAMPA HOSPITAL,TAMPA,FL,Acute Care Hospitals,hospital_info,HF,Heart failure,1.0771,21.3884,19.8566,138,35,False
100206,HCA FLORIDA SOUTH TAMPA HOSPITAL,TAMPA,FL,Acute Care Hospitals,hospital_info,PN,Pneumonia,1.0448,18.2267,17.4447,115,24,False
100209,HCA FLORIDA KENDALL HOSPITAL,MIAMI,FL,Acute Care Hospitals,hospital_info,AMI,Heart attack,1.1449,20.911,18.2647,84,25,False
100211,ADVENTHEALTH DADE CITY,DADE CITY,FL,Acute Care Hospitals,hospital_info,COPD,Chronic obstructive pulmonary disease,1.0752,22.1737,20.6229,56,18,False
100211,ADVENTHEALTH DADE CITY,DADE CITY,FL,Acute Care Hospitals,hospital_info,HF,Heart failure,1.0381,22.2126,21.3976,136,33,False
100212,MARION COMMUNTIY HOSPITAL,OCALA,FL,Acute Care Hospitals,hospital_info,AMI,Heart attack,1.1634,14.8801,12.7906,533,87,False
100212,MARION COMMUNTIY HOSPITAL,OCALA,FL,Acute Care Hospitals,hospital_info,CABG,Coronary artery bypass graft surgery,1.0548,11.5883,10.9864,152,19,False
100212,MARION COMMUNTIY HOSPITAL,OCALA,FL,Acute Care Hospitals,hospital_info,COPD,Chronic obstructive pulmonary disease,1.0138,17.8271,17.5838,314,57,False
100212,MARION COMMUNTIY HOSPITAL,OCALA,FL,Acute Care Hospitals,hospital_info,HF,Heart failure,1.1209,21.3032,19.0062,1092,241,False
100212,MARION COMMUNTIY HOSPITAL,OCALA,FL,Acute Care Hospitals,hospital_info,PN,Pneumonia,1.12,17.4457,15.5768,1372,247,False
100213,HCA FLORIDA BLAKE HOSPITAL,BRADENTON,FL,Acute Care Hospitals,hospital_info,CABG,Coronary artery bypass graft surgery,1.2233,14.6344,11.9632,52,13,False
100213,HCA FLORIDA BLAKE HOSPITAL,BRADENTON,FL,Acute Care Hospitals,hospital_info,HF,Heart failure,1.0301,20.2183,19.627,291,61,False
100213,HCA FLORIDA BLAKE HOSPITAL,BRADENTON,FL,Acute Care Hospitals,hospital_info,PN,Pneumonia,1.114,17.6872,15.8778,394,77,False
100220,GULF COAST MEDICAL CENTER LEE HEALTH,FORT MYERS,FL,Acute Care Hospitals,hospital_info,COPD,Chronic obstructive pulmonary disease,1.0431,20.8972,20.0335,329,72,False
100220,GULF COAST MEDICAL CENTER LEE HEALTH,FORT MYERS,FL,Acute Care Hospitals,hospital_info,HF,Heart failure,1.0086,20.8657,20.6869,1128,236,False
100223,HCA FLORIDA FORT WALTON-DESTIN HOSPITAL,FORT WALTON BEACH,FL,Acute Care Hospitals,hospital_info,AMI,Heart attack,1.088,15.1055,13.8836,269,45,False
100223,HCA FLORIDA FORT WALTON-DESTIN HOSPITAL,FORT WALTON BEACH,FL,Acute Care Hospitals,hospital_info,CABG,Coronary artery bypass graft surgery,1.1378,15.1816,13.3427,181,31,False
100223,HCA FLORIDA FORT WALTON-DESTIN HOSPITAL,FORT WALTON BEACH,FL,Acute Care Hospitals,hospital_info,HF,Heart failure,1.1386,22.4794,19.7426,500,122,False
100223,HCA FLORIDA FORT WALTON-DESTIN HOSPITAL,FORT WALTON BEACH,FL,Acute Care Hospitals,hospital_info,HIP-KNEE,Hip/knee replacement,1.0356,5.6547,5.4604,,,True
100223,HCA FLORIDA FORT WALTON-DESTIN HOSPITAL,FORT WALTON BEACH,FL,Acute Care Hospitals,hospital_info,PN,Pneumonia,1.1161,18.2439,16.3465,529,104,False
100224,UNIVERSITY HOSPITAL AND MEDICAL CENTER,TAMARAC,FL,Acute Care Hospitals,hospital_info,HF,Heart failure,1.2013,26.2502,21.8523,167,58,False
100224,UNIVERSITY HOSPITAL AND MEDICAL CENTER,TAMARAC,FL,Acute Care Hospitals,hospital_info,HIP-KNEE,Hip/knee replacement,1.045,6.893,6.5962,,,True
100224,UNIVERSITY HOSPITAL AND MEDICAL CENTER,TAMARAC,FL,Acute Care Hospitals,hospital_info,PN,Pneumonia,1.0457,17.8656,17.0847,190,37,False
100226,HCA FLORIDA ORANGE PARK HOSPITAL,ORANGE PARK,FL,Acute Care Hospitals,hospital_info,CABG,Coronary artery bypass graft surgery,1.0104,12.2297,12.104,,,True
100226,HCA FLORIDA ORANGE PARK HOSPITAL,ORANGE PARK,FL,Acute Care Hospitals,hospital_info,HF,Heart failure,1.0509,24.5059,23.32,368,94,False
100226,HCA FLORIDA ORANGE PARK HOSPITAL,ORANGE PARK,FL,Acute Care Hospitals,hospital_info,HIP-KNEE,Hip/knee replacement,1.3833,6.7896,4.9082,,,True
100228,WESTSIDE REGIONAL MEDICAL CENTER,PLANTATION,FL,Acute Care Hospitals,hospital_info,AMI,Heart attack,1.0722,17.773,16.5768,97,21,False
100228,WESTSIDE REGIONAL MEDICAL CENTER,PLANTATION,FL,Acute Care Hospitals,hospital_info,COPD,Chronic obstructive pulmonary disease,1.0273,19.0565,18.5499,89,19,False
100228,WESTSIDE REGIONAL MEDICAL CENTER,PLANTATION,FL,Acute Care Hospitals,hospital_info,HF,Heart failure,1.0109,21.395,21.1643,272,59,False
100230,MEMORIAL HOSPITAL PEMBROKE,PEMBROKE PINES,FL,Acute Care Hospitals,hospital_info,COPD,Chronic obstructive pulmonary disease,1.0443,18.4416,17.6592,53,13,False
100230,MEMORIAL HOSPITAL PEMBROKE,PEMBROKE PINES,FL,Acute Care Hospitals,hospital_info,PN,Pneumonia,1.0136,15.0762,14.874,120,19,False
100231,HCA FLORIDA WEST HOSPITAL,PENSACOLA,FL,Acute Care Hospitals,hospital_info,AMI,Heart attack,1.1081,15.0599,13.5903,244,42,False
100231,HCA FLORIDA WEST HOSPITAL,PENSACOLA,FL,Acute Care Hospitals,hospital_info,CABG,Coronary artery bypass graft surgery,1.0484,12.3293,11.76,,,True
100231,HCA FLORIDA WEST HOSPITAL,PENSACOLA,FL,Acute Care Hospitals,hospital_info,HF,Heart failure,1.0191,20.0412,19.6647,532,108,False
100231,HCA FLORIDA WEST HOSPITAL,PENSACOLA,FL,Acute Care Hospitals,hospital_info,HIP-KNEE,Hip/knee replacement,1.014,5.5596,5.4827,,,True
100231,HCA FLORIDA WEST HOSPITAL,PENSACOLA,FL,Acute Care Hospitals,hospital_info,PN,Pneumonia,1.0865,16.8405,15.4991,638,113,False
100232,HCA FLORIDA PUTNAM HOSPITAL,PALATKA,FL,Acute Care Hospitals,hospital_info,AMI,Heart attack,1.0496,15.3109,14.5873,88,16,False
100232,HCA FLORIDA PUTNAM HOSPITAL,PALATKA,FL,Acute Care Hospitals,hospital_info,HF,Heart failure,1.0397,22.1129,21.2686,326,75,False
100232,HCA FLORIDA PUTNAM HOSPITAL,PALATKA,FL,Acute Care Hospitals,hospital_info,HIP-KNEE,Hip/knee replacement,1.1946,6.9192,5.7921,,,True
100232,HCA FLORIDA PUTNAM HOSPITAL,PALATKA,FL,Acute Care Hospitals,hospital_info,PN,Pneumonia,1.0222,17.9347,17.5457,276,51,False
100236,HCA FLORIDA FAWCETT HOSPITAL,PORT CHARLOTTE,FL,Acute Care Hospitals,hospital_info,AMI,Heart attack,1.1098,16.663,15.0144,231,44,False
100236,HCA FLORIDA FAWCETT HOSPITAL,PORT CHARLOTTE,FL,Acute Care Hospitals,hospital_info,CABG,Coronary artery bypass graft surgery,1.0969,14.2017,12.9469,67,12,False
100236,HCA FLORIDA FAWCETT HOSPITAL,PORT CHARLOTTE,FL,Acute Care Hospitals,hospital_info,COPD,Chronic obstructive pulmonary disease,1.0199,20.0848,19.6934,137,29,False
100236,HCA FLORIDA FAWCETT HOSPITAL,PORT CHARLOTTE,FL,Acute Care Hospitals,hospital_info,PN,Pneumonia,1.1519,19.9126,17.2862,659,141,False
100238,HCA FLORIDA NORTHSIDE HOSPITAL,SAINT PETERSBURG,FL,Acute Care Hospitals,hospital_info,AMI,Heart attack,1.0686,15.6503,14.6453,93,18,False
100238,HCA FLORIDA NORTHSIDE HOSPITAL,SAINT PETERSBURG,FL,Acute Care Hospitals,hospital_info,CABG,Coronary artery bypass graft surgery,1.1224,13.5833,12.1024,,,True
100238,HCA FLORIDA NORTHSIDE HOSPITAL,SAINT PETERSBURG,FL,Acute Care Hospitals,hospital_info,COPD,Chronic obstructive pulmonary disease,1.161,23.8981,20.5842,127,42,False
100238,HCA FLORIDA NORTHSIDE HOSPITAL,SAINT PETERSBURG,FL,Acute Care Hospitals,hospital_info,HF,Heart failure,1.0985,22.9983,20.9361,239,62,False
100238,HCA FLORIDA NORTHSIDE HOSPITAL,SAINT PETERSBURG,FL,Acute Care Hospitals,hospital_info,HIP-KNEE,Hip/knee replacement,1.2092,7.247,5.9934,,,True
100238,HCA FLORIDA NORTHSIDE HOSPITAL,SAINT PETERSBURG,FL,Acute Care Hospitals,hospital_info,PN,Pneumonia,1.1562,20.4287,17.669,254,62,False
100242,HCA FLORIDA GULF COAST HOSPITAL,PANAMA CITY,FL,Acute Care Hospitals,hospital_info,AMI,Heart attack,1.0485,15.1289,14.4289,116,20,False
100242,HCA FLORIDA GULF COAST HOSPITAL,PANAMA CITY,FL,Acute Care Hospitals,hospital_info,HF,Heart failure,1.0056,20.338,20.2243,411,84,False
100242,HCA FLORIDA GULF COAST HOSPITAL,PANAMA CITY,FL,Acute Care Hospitals,hospital_info,HIP-KNEE,Hip/knee replacement,1.2215,6.7499,5.5259,,,True
100243,HCA FLORIDA BRANDON HOSPITAL,BRANDON,FL,Acute Care Hospitals,hospital_info,AMI,Heart attack,1.0252,15.4519,15.0727,147,24,False
100243,HCA FLORIDA BRANDON HOSPITAL,BRANDON,FL,Acute Care Hospitals,hospital_info,CABG,Coronary artery bypass graft surgery,1.0644,13.0775,12.2866,102,15,False
100243,HCA FLORIDA BRANDON HOSPITAL,BRANDON,FL,Acute Care Hospitals,hospital_info,HF,Heart failure,1.0528,21.0249,19.9704,353,78,False
100243,HCA FLORIDA BRANDON HOSPITAL,BRANDON,FL,Acute Care Hospitals,hospital_info,PN,Pneumonia,1.118,18.535,16.5786,358,74,False
100244,CAPE CORAL HOSPITAL,CAPE CORAL,FL,Acute Care Hospitals,hospital_info,HIP-KNEE,Hip/knee replacement,1.2468,7.4958,6.0121,,,True
100244,CAPE CORAL HOSPITAL,CAPE CORAL,FL,Acute Care Hospitals,hospital_info,PN,Pneumonia,1.0031,15.5339,15.4864,636,99,False
100246,HCA FLORIDA LAWNWOOD HOSPITAL,FORT PIERCE,FL,Acute Care Hospitals,hospital_info,AMI,Heart attack,1.061,15.7994,14.8913,335,56,False
100246,HCA FLORIDA LAWNWOOD HOSPITAL,FORT PIERCE,FL,Acute Care Hospitals,hospital_info,CABG,Coronary artery bypass graft surgery,1.1554,13.6505,11.8142,155,25,False
100246,HCA FLORIDA LAWNWOOD HOSPITAL,FORT PIERCE,FL,Acute Care Hospitals,hospital_info,COPD,Chronic obstructive pulmonary disease,1.0102,17.8568,17.6773,91,17,False
100246,HCA FLORIDA LAWNWOOD HOSPITAL,FORT PIERCE,FL,Acute Care Hospitals,hospital_info,HF,Heart failure,1.117,21.6681,19.3983,410,97,False
100246,HCA FLORIDA LAWNWOOD HOSPITAL,FORT PIERCE,FL,Acute Care Hospitals,hospital_info,PN,Pneumonia,1.13,17.6385,15.6098,316,64,False
100248,HCA FLORIDA LARGO HOSPITAL,LARGO,FL,Acute Care Hospitals,hospital_info,HF,Heart failure,1.1446,23.8879,20.8708,372,99,False
100248,HCA FLORIDA LARGO HOSPITAL,LARGO,FL,Acute Care Hospitals,hospital_info,PN,Pneumonia,1.0491,17.8895,17.052,373,70,False
100249,TAMPA GENERAL HOSPITAL CRYSTAL RIVER,CRYSTAL RIVER,FL,Acute Care Hospitals,hospital_info,AMI,Heart attack,1.0561,14.52,13.7489,153,25,False
100249,TAMPA GENERAL HOSPITAL CRYSTAL RIVER,CRYSTAL RIVER,FL,Acute Care Hospitals,hospital_info,HF,Heart failure,1.0128,19.9008,19.6496,322,65,False
100249,TAMPA GENERAL HOSPITAL CRYSTAL RIVER,CRYSTAL RIVER,FL,Acute Care Hospitals,hospital_info,PN,Pneumonia,1.0559,16.8881,15.9948,310,56,False
100252,HCA FLORIDA RAULERSON HOSPITAL,OKEECHOBEE,FL,Acute Care Hospitals,hospital_info,COPD,Chronic obstructive pulmonary disease,1.0491,19.4813,18.5687,115,26,False
100252,HCA FLORIDA RAULERSON HOSPITAL,OKEECHOBEE,FL,Acute Care Hospitals,hospital_info,HF,Heart failure,1.0916,21.0971,19.326,183,45,False
100252,HCA FLORIDA RAULERSON HOSPITAL,OKEECHOBEE,FL,Acute Care Hospitals,hospital_info,PN,Pneumonia,1.0358,17.1973,16.6036,149,28,False
100253,JUPITER MEDICAL CENTER,JUPITER,FL,Acute Care Hospitals,hospital_info,AMI,Heart attack,1.0333,11.6762,11.3004,166,21,False
100253,JUPITER MEDICAL CENTER,JUPITER,FL,Acute Care Hospitals,hospital_info,CABG,Coronary artery bypass graft surgery,1.1037,10.6284,9.6295,108,14,False
100253,JUPITER MEDICAL CENTER,JUPITER,FL,Acute Care Hospitals,hospital_info,COPD,Chronic obstructive pulmonary disease,1.0751,18.6122,17.3125,267,55,False
100253,JUPITER MEDICAL CENTER,JUPITER,FL,Acute Care Hospitals,hospital_info,HF,Heart failure,1.0479,19.3976,18.5111,591,118,False
100253,JUPITER MEDICAL CENTER,JUPITER,FL,Acute Care Hospitals,hospital_info,PN,Pneumonia,1.1315,16.6096,14.6795,986,172,False
100254,HCA FLORIDA CAPITAL HOSPITAL,TALLAHASSEE,FL,Acute Care Hospitals,hospital_info,AMI,Heart attack,1.0069,13.0065,12.9177,128,17,False
100254,HCA FLORIDA CAPITAL HOSPITAL,TALLAHASSEE,FL,Acute Care Hospitals,hospital_info,CABG,Coronary artery bypass graft surgery,1.1018,12.1694,11.0446,,,True
100254,HCA FLORIDA CAPITAL HOSPITAL,TALLAHASSEE,FL,Acute Care Hospitals,hospital_info,HF,Heart failure,1.1051,21.4455,19.4061,236,58,False
100254,HCA FLORIDA CAPITAL HOSPITAL,TALLAHASSEE,FL,Acute Care Hospitals,hospital_info,PN,Pneumonia,1.0803,16.7638,15.5172,315,58,False
100256,HCA FLORIDA BAYONET POINT HOSPITAL,HUDSON,FL,Acute Care Hospitals,hospital_info,AMI,Heart attack,1.2334,19.0933,15.4803,151,40,False
100256,HCA FLORIDA BAYONET POINT HOSPITAL,HUDSON,FL,Acute Care Hospitals,hospital_info,CABG,Coronary artery bypass graft surgery,1.2553,16.2461,12.9415,85,20,False
100256,HCA FLORIDA BAYONET POINT HOSPITAL,HUDSON,FL,Acute Care Hospitals,hospital_info,PN,Pneumonia,1.1815,21.4467,18.1521,318,80,False
100258,DELRAY MEDICAL CENTER,DELRAY BEACH,FL,Acute Care Hospitals,hospital_info,AMI,Heart attack,1.0198,15.1852,14.8906,316,49,False
100258,DELRAY MEDICAL CENTER,DELRAY BEACH,FL,Acute Care Hospitals,hospital_info,CABG,Coronary artery bypass graft surgery,1.0816,13.5376,12.516,110,17,False
100258,DELRAY MEDICAL CENTER,DELRAY BEACH,FL,Acute Care Hospitals,hospital_info,COPD,Chronic obstructive pulmonary disease,1.0355,19.4805,18.8119,156,33,False
100258,DELRAY MEDICAL CENTER,DELRAY BEACH,FL,Acute Care Hospitals,hospital_info,HIP-KNEE,Hip/knee replacement,1.3055,9.9878,7.6507,,,True
100259,HCA FLORIDA SOUTH SHORE HOSPITAL,SUN CITY CENTER,FL,Acute Care Hospitals,hospital_info,AMI,Heart attack,1.0765,16.2376,15.0839,81,17,False
100259,HCA FLORIDA SOUTH SHORE HOSPITAL,SUN CITY CENTER,FL,Acute Care Hospitals,hospital_info,COPD,Chronic obstructive pulmonary disease,1.0317,17.5481,17.0084,84,17,False
100259,HCA FLORIDA SOUTH SHORE HOSPITAL,SUN CITY CENTER,FL,Acute Care Hospitals,hospital_info,HF,Heart failure,1.1166,20.9894,18.7978,300,71,False
100259,HCA FLORIDA SOUTH SHORE HOSPITAL,SUN CITY CENTER,FL,Acute Care Hospitals,hospital_info,HIP-KNEE,Hip/knee replacement,1.1722,9.5527,8.1495,,,True
100259,HCA FLORIDA SOUTH SHORE HOSPITAL,SUN CITY CENTER,FL,Acute Care Hospitals,hospital_info,PN,Pneumonia,1.0382,15.9961,15.4071,372,62,False
100260,ST LUCIE MEDICAL CENTER,PORT SAINT LUCIE,FL,Acute Care Hospitals,hospital_info,AMI,Heart attack,1.1642,15.0392,12.9184,88,21,False
100260,ST LUCIE MEDICAL CENTER,PORT SAINT LUCIE,FL,Acute Care Hospitals,hospital_info,COPD,Chronic obstructive pulmonary disease,1.086,17.179,15.8191,198,40,False
100260,ST LUCIE MEDICAL CENTER,PORT SAINT LUCIE,FL,Acute Care Hospitals,hospital_info,HF,Heart failure,1.2781,24.7672,19.3781,390,115,False
100260,ST LUCIE MEDICAL CENTER,PORT SAINT LUCIE,FL,Acute Care Hospitals,hospital_info,HIP-KNEE,Hip/knee replacement,1.3249,6.4211,4.8463,806,55,False
100260,ST LUCIE MEDICAL CENTER,PORT SAINT LUCIE,FL,Acute Care Hospitals,hospital_info,PN,Pneumonia,1.1537,18.9324,16.4106,508,106,False
100264,HCA FLORIDA OAK HILL HOSPITAL,BROOKSVILLE,FL,Acute Care Hospitals,hospital_info,AMI,Heart attack,1.1158,17.1132,15.3369,235,46,False
100264,HCA FLORIDA OAK HILL HOSPITAL,BROOKSVILLE,FL,Acute Care Hospitals,hospital_info,COPD,Chronic obstructive pulmonary disease,1.0465,18.5654,17.7398,219,44,False
100264,HCA FLORIDA OAK HILL HOSPITAL,BROOKSVILLE,FL,Acute Care Hospitals,hospital_info,HF,Heart failure,1.0253,20.6572,20.1468,572,120,False
100264,HCA FLORIDA OAK HILL HOSPITAL,BROOKSVILLE,FL,Acute Care Hospitals,hospital_info,HIP-KNEE,Hip/knee replacement,1.5196,8.0199,5.2775,138,16,False
100265,MEASE COUNTRYSIDE HOSPITAL,SAFETY HARBOR,FL,Acute Care Hospitals,hospital_info,HF,Heart failure,1.0121,21.1639,20.9111,766,163,False
100266,GULF BREEZE HOSPITAL,GULF BREEZE,FL,Acute Care Hospitals,hospital_info,COPD,Chronic obstructive pulmonary disease,1.005,17.2556,17.1695,79,14,False
100266,GULF BREEZE HOSPITAL,GULF BREEZE,FL,Acute Care Hospitals,hospital_info,HF,Heart failure,1.0393,19.3304,18.5994,234,48,False
100267,HCA FLORIDA ENGLEWOOD HOSPITAL,ENGLEWOOD,FL,Acute Care Hospitals,hospital_info,AMI,Heart attack,1.0457,12.6854,12.1309,148,21,False
100267,HCA FLORIDA ENGLEWOOD HOSPITAL,ENGLEWOOD,FL,Acute Care Hospitals,hospital_info,HF,Heart failure,1.0894,20.7594,19.0559,206,49,False
100267,HCA FLORIDA ENGLEWOOD HOSPITAL,ENGLEWOOD,FL,Acute Care Hospitals,hospital_info,PN,Pneumonia,1.0504,16.4886,15.6976,283,50,False
100268,WEST BOCA MEDICAL CENTER,BOCA RATON,FL,Acute Care Hospitals,hospital_info,HF,Heart failure,1.014,21.1193,20.8275,194,42,False
100268,WEST BOCA MEDICAL CENTER,BOCA RATON,FL,Acute Care Hospitals,hospital_info,PN,Pneumonia,1.0437,16.8747,16.1682,291,52,False
100269,HCA FLORIDA PALMS WEST HOSPITAL,LOXAHATCHEE,FL,Acute Care Hospitals,hospital_info,AMI,Heart attack,1.0387,13.2733,12.7788,,,True
100269,HCA FLORIDA PALMS WEST HOSPITAL,LOXAHATCHEE,FL,Acute Care Hospitals,hospital_info,COPD,Chronic obstructive pulmonary disease,1.0086,15.9708,15.8339,65,11,False
100269,HCA FLORIDA PALMS WEST HOSPITAL,LOXAHATCHEE,FL,Acute Care Hospitals,hospital_info,HF,Heart failure,1.0177,19.9462,19.6,164,34,False
100269,HCA FLORIDA PALMS WEST HOSPITAL,LOXAHATCHEE,FL,Acute Care Hospitals,hospital_info,PN,Pneumonia,1.1548,17.9591,15.5523,235,52,False
100275,WELLINGTON REGIONAL MEDICAL CENTER,WELLINGTON,FL,Acute Care Hospitals,hospital_info,AMI,Heart attack,1.0777,16.7363,15.5292,78,17,False
100275,WELLINGTON REGIONAL MEDICAL CENTER,WELLINGTON,FL,Acute Care Hospitals,hospital_info,HF,Heart failure,1.0607,21.2649,20.0471,290,66,False
100275,WELLINGTON REGIONAL MEDICAL CENTER,WELLINGTON,FL,Acute Care Hospitals,hospital_info,PN,Pneumonia,1.0753,16.7996,15.6233,352,64,False
100276,BROWARD HEALTH CORAL SPRINGS,CORAL SPRINGS,FL,Acute Care Hospitals,hospital_info,AMI,Heart attack,1.0339,17.2327,16.6671,65,13,False
100276,BROWARD HEALTH CORAL SPRINGS,CORAL SPRINGS,FL,Acute Care Hospitals,hospital_info,COPD,Chronic obstructive pulmonary disease,1.0594,17.9075,16.9038,77,18,False
100276,BROWARD HEALTH CORAL SPRINGS,CORAL SPRINGS,FL,Acute Care Hospitals,hospital_info,HF,Heart failure,1.0787,21.0761,19.5388,173,42,False
100276,BROWARD HEALTH CORAL SPRINGS,CORAL SPRINGS,FL,Acute Care Hospitals,hospital_info,PN,Pneumonia,1.0865,17.2527,15.8792,321,61,False
100281,MEMORIAL HOSPITAL WEST,PEMBROKE PINES,FL,Acute Care Hospitals,hospital_info,AMI,Heart attack,1.0505,15.2746,14.5409,101,18,False
100281,MEMORIAL HOSPITAL WEST,PEMBROKE PINES,FL,Acute Care Hospitals,hospital_info,COPD,Chronic obstructive pulmonary disease,1.0892,18.7477,17.2126,132,31,False
100281,MEMORIAL HOSPITAL WEST,PEMBROKE PINES,FL,Acute Care Hospitals,hospital_info,HF,Heart failure,1.0329,21.0014,20.3325,441,95,False
100281,MEMORIAL HOSPITAL WEST,PEMBROKE PINES,FL,Acute Care Hospitals,hospital_info,HIP-KNEE,Hip/knee replacement,1.1367,7.7817,6.8459,,,True
100281,MEMORIAL HOSPITAL WEST,PEMBROKE PINES,FL,Acute Care Hospitals,hospital_info,PN,Pneumonia,1.1497,18.7377,16.2981,344,74,False
100284,KERALTY HOSPITAL,MIAMI,FL,Acute Care Hospitals,hospital_info,COPD,Chronic obstructive pulmonary disease,1.0607,20.6474,19.4654,41,13,False
100284,KERALTY HOSPITAL,MIAMI,FL,Acute Care Hospitals,hospital_info,PN,Pneumonia,1.0922,20.3438,18.6258,156,38,False
100285,MEMORIAL HOSPITAL MIRAMAR,MIRAMAR,FL,Acute Care Hospitals,hospital_info,HF,Heart failure,1.0415,20.7039,19.8791,116,27,False
100286,PHYSICIANS REGIONAL MEDICAL CENTER - PINE RIDGE,NAPLES,FL,Acute Care Hospitals,hospital_info,AMI,Heart attack,1.0918,13.6279,12.4815,349,52,False
100286,PHYSICIANS REGIONAL MEDICAL CENTER - PINE RIDGE,NAPLES,FL,Acute Care Hospitals,hospital_info,CABG,Coronary artery bypass graft surgery,1.0449,10.8685,10.4014,192,22,False
100286,PHYSICIANS REGIONAL MEDICAL CENTER - PINE RIDGE,NAPLES,FL,Acute Care Hospitals,hospital_info,COPD,Chronic obstructive pulmonary disease,1.076,17.754,16.4996,229,46,False
100286,PHYSICIANS REGIONAL MEDICAL CENTER - PINE RIDGE,NAPLES,FL,Acute Care Hospitals,hospital_info,HF,Heart failure,1.053,19.2428,18.2739,885,174,False
100287,GOOD SAMARITAN MEDICAL CENTER,WEST PALM BEACH,FL,Acute Care Hospitals,hospital_info,AMI,Heart attack,1.0045,14.9645,14.8979,92,14,False
100287,GOOD SAMARITAN MEDICAL CENTER,WEST PALM BEACH,FL,Acute Care Hospitals,hospital_info,COPD,Chronic obstructive pulmonary disease,1.1479,20.1169,17.5256,78,26,False
100287,GOOD SAMARITAN MEDICAL CENTER,WEST PALM BEACH,FL,Acute Care Hospitals,hospital_info,HF,Heart failure,1.0338,19.9051,19.2549,229,48,False
100287,GOOD SAMARITAN MEDICAL CENTER,WEST PALM BEACH,FL,Acute Care Hospitals,hospital_info,HIP-KNEE,Hip/knee replacement,1.4908,9.1648,6.1476,101,14,False
100287,GOOD SAMARITAN MEDICAL CENTER,WEST PALM BEACH,FL,Acute Care Hospitals,hospital_info,PN,Pneumonia,1.092,17.2388,15.7864,360,68,False
100288,ST MARY'S MEDICAL CENTER,WEST PALM BEACH,FL,Acute Care Hospitals,hospital_info,HF,Heart failure,1.0062,20.7615,20.6339,,,True
100289,CLEVELAND CLINIC HOSPITAL,WESTON,FL,Acute Care Hospitals,hospital_info,COPD,Chronic obstructive pulmonary disease,1.0235,16.6607,16.2783,74,14,False
100289,CLEVELAND CLINIC HOSPITAL,WESTON,FL,Acute Care Hospitals,hospital_info,PN,Pneumonia,1.0205,17.6513,17.2967,332,60,False
100290,"VILLAGES REGIONAL HOSPITAL, THE",THE VILLAGES,FL,Acute Care Hospitals,hospital_info,COPD,Chronic obstructive pulmonary disease,1.0178,17.7402,17.4308,252,46,False
100290,"VILLAGES REGIONAL HOSPITAL, THE",THE VILLAGES,FL,Acute Care Hospitals,hospital_info,HIP-KNEE,Hip/knee replacement,1.019,5.7846,5.6768,,,True
100290,"VILLAGES REGIONAL HOSPITAL, THE",THE VILLAGES,FL,Acute Care Hospitals,hospital_info,PN,Pneumonia,1.0356,17.1501,16.5608,855,149,False
100291,ORLANDO HEALTH MELBOURNE HOSPITAL,MELBOURNE,FL,Acute Care Hospitals,hospital_info,AMI,Heart attack,1.0525,13.8927,13.1998,,,True
100291,ORLANDO HEALTH MELBOURNE HOSPITAL,MELBOURNE,FL,Acute Care Hospitals,hospital_info,HF,Heart failure,1.0397,19.1704,18.4382,95,21,False
100291,ORLANDO HEALTH MELBOURNE HOSPITAL,MELBOURNE,FL,Acute Care Hospitals,hospital_info,HIP-KNEE,Hip/knee replacement,1.0053,5.1359,5.1087,213,11,False
100291,ORLANDO HEALTH MELBOURNE HOSPITAL,MELBOURNE,FL,Acute Care Hospitals,hospital_info,PN,Pneumonia,1.0014,14.5584,14.5377,123,18,False
100292,SACRED HEART HOSPITAL ON THE EMERALD COAST,MIRAMAR BEACH,FL,Acute Care Hospitals,hospital_info,PN,Pneumonia,1.0611,15.8158,14.9048,247,43,False
100296,DOCTORS HOSPITAL,CORAL GABLES,FL,Acute Care Hospitals,hospital_info,COPD,Chronic obstructive pulmonary disease,1.0281,18.5361,18.0296,,,True
100296,DOCTORS HOSPITAL,CORAL GABLES,FL,Acute Care Hospitals,hospital_info,HF,Heart failure,1.0397,21.5515,20.728,149,35,False
100296,DOCTORS HOSPITAL,CORAL GABLES,FL,Acute Care Hospitals,hospital_info,PN,Pneumonia,1.0257,16.3682,15.9588,185,32,False
100299,LAKEWOOD RANCH MEDICAL CENTER,BRADENTON,FL,Acute Care Hospitals,hospital_info,HIP-KNEE,Hip/knee replacement,1.2167,6.6504,5.4658,,,True
100302,ORLANDO HEALTH ST CLOUD HOSPITAL,SAINT CLOUD,FL,Acute Care Hospitals,hospital_info,AMI,Heart attack,1.0387,14.7757,14.2249,,,True
100302,ORLANDO HEALTH ST CLOUD HOSPITAL,SAINT CLOUD,FL,Acute Care Hospitals,hospital_info,COPD,Chronic obstructive pulmonary disease,1.0498,17.6425,16.8061,65,15,False
100302,ORLANDO HEALTH ST CLOUD HOSPITAL,SAINT CLOUD,FL,Acute Care Hospitals,hospital_info,HF,Heart failure,1.069,22.031,20.6097,168,42,False
100302,ORLANDO HEALTH ST CLOUD HOSPITAL,SAINT CLOUD,FL,Acute Care Hospitals,hospital_info,PN,Pneumonia,1.013,15.3743,15.177,157,25,False
100307,ASCENSION ST VINCENT'S SOUTHSIDE,JACKSONVILLE,FL,Acute Care Hospitals,hospital_info,AMI,Heart attack,1.0012,14.9842,14.9666,73,11,False
100307,ASCENSION ST VINCENT'S SOUTHSIDE,JACKSONVILLE,FL,Acute Care Hospitals,hospital_info,COPD,Chronic obstructive pulmonary disease,1.0263,20.1397,19.6238,,,True
100307,ASCENSION ST VINCENT'S SOUTHSIDE,JACKSONVILLE,FL,Acute Care Hospitals,hospital_info,HF,Heart failure,1.0483,21.3875,20.4015,166,39,False
100307,ASCENSION ST VINCENT'S SOUTHSIDE,JACKSONVILLE,FL,Acute Care Hospitals,hospital_info,PN,Pneumonia,1.0491,17.6547,16.8277,259,49,False
100313,ASCENSION SACRED HEART GULF,PORT SAINT JOE,FL,Acute Care Hospitals,hospital_info,PN,Pneumonia,1.0476,15.4583,14.7561,,,True
100314,WEST KENDALL BAPTIST HOSPITAL,MIAMI,FL,Acute Care Hospitals,hospital_info,HF,Heart failure,1.0867,22.841,21.0179,174,46,False
100319,ADVENTHEALTH WESLEY CHAPEL,WESLEY CHAPEL,FL,Acute Care Hospitals,hospital_info,HF,Heart failure,1.04,22.3185,21.4604,417,96,False
100319,ADVENTHEALTH WESLEY CHAPEL,WESLEY CHAPEL,FL,Acute Care Hospitals,hospital_info,HIP-KNEE,Hip/knee replacement,1.2061,6.7547,5.6004,,,True
100320,HCA FLORIDA POINCIANA HOSPITAL,KISSIMMEE,FL,Acute Care Hospitals,hospital_info,AMI,Heart attack,1.0242,15.0167,14.6623,,,True
100320,HCA FLORIDA POINCIANA HOSPITAL,KISSIMMEE,FL,Acute Care Hospitals,hospital_info,HF,Heart failure,1.0634,20.554,19.3293,85,22,False
100320,HCA FLORIDA POINCIANA HOSPITAL,KISSIMMEE,FL,Acute Care Hospitals,hospital_info,PN,Pneumonia,1.1323,18.0797,15.9673,141,34,False
100321,ASCENSION ST VINCENT'S CLAY COUNTY,MIDDLEBURG,FL,Acute Care Hospitals,hospital_info,AMI,Heart attack,1.0253,15.5688,15.1844,120,20,False
100321,ASCENSION ST VINCENT'S CLAY COUNTY,MIDDLEBURG,FL,Acute Care Hospitals,hospital_info,COPD,Chronic obstructive pulmonary disease,1.0509,18.609,17.708,104,23,False
100321,ASCENSION ST VINCENT'S CLAY COUNTY,MIDDLEBURG,FL,Acute Care Hospitals,hospital_info,HF,Heart failure,1.1153,22.6893,20.3431,308,78,False
100329,OVIEDO MEDICAL CENTER,OVIEDO,FL,Acute Care Hospitals,hospital_info,COPD,Chronic obstructive pulmonary disease,1.0434,20.8112,19.946,42,12,False
100329,OVIEDO MEDICAL CENTER,OVIEDO,FL,Acute Care Hospitals,hospital_info,HF,Heart failure,1.0747,22.0198,20.4889,107,29,False
100350,UCF LAKE NONA HOSPITAL,ORLANDO,FL,Acute Care Hospitals,hospital_info,HF,Heart failure,1.0152,20.1911,19.888,49,11,False
100350,UCF LAKE NONA HOSPITAL,ORLANDO,FL,Acute Care Hospitals,hospital_info,PN,Pneumonia,1.0338,14.4685,13.9953,68,12,False
100359,SARASOTA MEMORIAL HOSPITAL - VENICE,NORTH VENICE,FL,Acute Care Hospitals,hospital_info,HF,Heart failure,1.0033,19.9341,19.8686,666,133,False
100360,HCA FLORIDA UNIVERSITY HOSPITAL,DAVIE,FL,Acute Care Hospitals,hospital_info,HF,Heart failure,1.0044,19.5633,19.4768,,,True
100361,ASCENSION ST VINCENT'S ST JOHNS COUNTY,ST. JOHNS,FL,Acute Care Hospitals,hospital_info,HF,Heart failure,1.0478,19.511,18.6212,,,True
100361,ASCENSION ST VINCENT'S ST JOHNS COUNTY,ST. JOHNS,FL,Acute Care Hospitals,hospital_info,PN,Pneumonia,1.0179,14.4727,14.2185,68,11,False
100363,ADVENTHEALTH PALM COAST PARKWAY,PALM COAST,FL,Acute Care Hospitals,hospital_info,HF,Heart failure,1.0469,23.5137,22.4605,66,19,False
110001,HAMILTON MEDICAL CENTER,DALTON,GA,Acute Care Hospitals,hospital_info,CABG,Coronary artery bypass graft surgery,1.1247,10.7534,9.5612,,,True
110001,HAMILTON MEDICAL CENTER,DALTON,GA,Acute Care Hospitals,hospital_info,COPD,Chronic obstructive pulmonary disease,1.0365,18.4734,17.8234,121,25,False
110001,HAMILTON MEDICAL CENTER,DALTON,GA,Acute Care Hospitals,hospital_info,PN,Pneumonia,1.0237,15.9273,15.5581,392,64,False
110002,UPSON REGIONAL MEDICAL CENTER,THOMASTON,GA,Acute Care Hospitals,hospital_info,AMI,Heart attack,1.0831,10.5422,9.7331,,,True
110002,UPSON REGIONAL MEDICAL CENTER,THOMASTON,GA,Acute Care Hospitals,hospital_info,COPD,Chronic obstructive pulmonary disease,1.0267,12.4286,12.1058,,,True
110002,UPSON REGIONAL MEDICAL CENTER,THOMASTON,GA,Acute Care Hospitals,hospital_info,HF,Heart failure,1.0913,17.4088,15.9526,80,20,False
110002,UPSON REGIONAL MEDICAL CENTER,THOMASTON,GA,Acute Care Hospitals,hospital_info,PN,Pneumonia,1.0437,13.3261,12.7677,107,17,False
110003,Memorial Satilla Health,WAYCROSS,GA,Acute Care Hospitals,hospital_info,AMI,Heart attack,1.0605,12.3052,11.6038,82,13,False
110003,Memorial Satilla Health,WAYCROSS,GA,Acute Care Hospitals,hospital_info,COPD,Chronic obstructive pulmonary disease,1.0892,19.2174,17.6436,50,16,False
110003,Memorial Satilla Health,WAYCROSS,GA,Acute Care Hospitals,hospital_info,HF,Heart failure,1.0149,19.6111,19.3223,173,35,False
110003,Memorial Satilla Health,WAYCROSS,GA,Acute Care Hospitals,hospital_info,PN,Pneumonia,1.0133,16.124,15.9131,286,47,False
110005,NORTHSIDE HOSPITAL FORSYTH,CUMMING,GA,Acute Care Hospitals,hospital_info,HIP-KNEE,Hip/knee replacement,1.0075,5.3617,5.3218,,,True
110006,ST MARY'S HOSPITAL,ATHENS,GA,Acute Care Hospitals,hospital_info,AMI,Heart attack,1.0269,11.8849,11.5732,132,17,False
110006,ST MARY'S HOSPITAL,ATHENS,GA,Acute Care Hospitals,hospital_info,COPD,Chronic obstructive pulmonary disease,1.0383,17.1929,16.5584,54,12,False
110006,ST MARY'S HOSPITAL,ATHENS,GA,Acute Care Hospitals,hospital_info,HF,Heart failure,1.0329,19.0575,18.4501,203,41,False
110006,ST MARY'S HOSPITAL,ATHENS,GA,Acute Care Hospitals,hospital_info,HIP-KNEE,Hip/knee replacement,1.5095,9.1462,6.0593,111,15,False
110006,ST MARY'S HOSPITAL,ATHENS,GA,Acute Care Hospitals,hospital_info,PN,Pneumonia,1.0117,14.5497,14.3822,201,30,False
110007,PHOEBE PUTNEY MEMORIAL HOSPITAL,ALBANY,GA,Acute Care Hospitals,hospital_info,AMI,Heart attack,1.0459,13.0399,12.4675,159,23,False
110007,PHOEBE PUTNEY MEMORIAL HOSPITAL,ALBANY,GA,Acute Care Hospitals,hospital_info,CABG,Coronary artery bypass graft surgery,1.0514,10.2854,9.7821,,,True
110007,PHOEBE PUTNEY MEMORIAL HOSPITAL,ALBANY,GA,Acute Care Hospitals,hospital_info,COPD,Chronic obstructive pulmonary disease,1.0682,18.2393,17.0741,226,46,False
110007,PHOEBE PUTNEY MEMORIAL HOSPITAL,ALBANY,GA,Acute Care Hospitals,hospital_info,HF,Heart failure,1.055,20.586,19.5134,394,85,False
110007,PHOEBE PUTNEY MEMORIAL HOSPITAL,ALBANY,GA,Acute Care Hospitals,hospital_info,HIP-KNEE,Hip/knee replacement,1.1173,5.9458,5.3218,,,True
110008,NORTHSIDE HOSPITAL CHEROKEE,CANTON,GA,Acute Care Hospitals,hospital_info,COPD,Chronic obstructive pulmonary disease,1.0283,19.6298,19.0901,188,39,False
110008,NORTHSIDE HOSPITAL CHEROKEE,CANTON,GA,Acute Care Hospitals,hospital_info,PN,Pneumonia,1.0682,16.5929,15.5331,576,100,False
110010,EMORY UNIVERSITY HOSPITAL,ATLANTA,GA,Acute Care Hospitals,hospital_info,AMI,Heart attack,1.0318,13.9446,13.5146,89,14,False
110010,EMORY UNIVERSITY HOSPITAL,ATLANTA,GA,Acute Care Hospitals,hospital_info,CABG,Coronary artery bypass graft surgery,1.0681,11.7289,10.9811,,,True
110010,EMORY UNIVERSITY HOSPITAL,ATLANTA,GA,Acute Care Hospitals,hospital_info,HF,Heart failure,1.0025,19.0775,19.0301,518,99,False
110010,EMORY UNIVERSITY HOSPITAL,ATLANTA,GA,Acute Care Hospitals,hospital_info,PN,Pneumonia,1.0132,16.7428,16.5241,365,62,False
110011,TANNER MEDICAL CENTER - CARROLLTON,CARROLLTON,GA,Acute Care Hospitals,hospital_info,AMI,Heart attack,1.0646,13.393,12.5806,163,25,False
110011,TANNER MEDICAL CENTER - CARROLLTON,CARROLLTON,GA,Acute Care Hospitals,hospital_info,HF,Heart failure,1.1399,22.0808,19.37,296,75,False
110011,TANNER MEDICAL CENTER - CARROLLTON,CARROLLTON,GA,Acute Care Hospitals,hospital_info,PN,Pneumonia,1.0187,15.4266,15.1433,355,56,False
110015,TANNER MEDICAL CENTER VILLA RICA,VILLA RICA,GA,Acute Care Hospitals,hospital_info,AMI,Heart attack,1.025,12.5303,12.2247,,,True
110015,TANNER MEDICAL CENTER VILLA RICA,VILLA RICA,GA,Acute Care Hospitals,hospital_info,COPD,Chronic obstructive pulmonary disease,1.0606,17.674,16.6648,72,17,False
110015,TANNER MEDICAL CENTER VILLA RICA,VILLA RICA,GA,Acute Care Hospitals,hospital_info,HF,Heart failure,1.1456,22.4332,19.5826,107,34,False
110015,TANNER MEDICAL CENTER VILLA RICA,VILLA RICA,GA,Acute Care Hospitals,hospital_info,PN,Pneumonia,1.1,15.4708,14.0643,147,29,False
110016,WELLSTAR WEST GEORGIA MEDICAL CENTER,LAGRANGE,GA,Acute Care Hospitals,hospital_info,AMI,Heart attack,1.0494,14.9081,14.2069,64,12,False
110016,WELLSTAR WEST GEORGIA MEDICAL CENTER,LAGRANGE,GA,Acute Care Hospitals,hospital_info,HF,Heart failure,1.0434,20.7024,19.8413,299,65,False
110018,PIEDMONT NEWTON HOSPITAL,COVINGTON,GA,Acute Care Hospitals,hospital_info,HIP-KNEE,Hip/knee replacement,1.0196,5.7328,5.6224,,,True
110018,PIEDMONT NEWTON HOSPITAL,COVINGTON,GA,Acute Care Hospitals,hospital_info,PN,Pneumonia,1.0487,15.624,14.8987,127,23,False
110025,SOUTHEAST GEORGIA HEALTH SYSTEM- BRUNSWICK CAMPUS,BRUNSWICK,GA,Acute Care Hospitals,hospital_info,COPD,Chronic obstructive pulmonary disease,1.0269,17.8144,17.3474,135,26,False
110025,SOUTHEAST GEORGIA HEALTH SYSTEM- BRUNSWICK CAMPUS,BRUNSWICK,GA,Acute Care Hospitals,hospital_info,HF,Heart failure,1.0232,20.2501,19.7907,530,109,False
110025,SOUTHEAST GEORGIA HEALTH SYSTEM- BRUNSWICK CAMPUS,BRUNSWICK,GA,Acute Care Hospitals,hospital_info,PN,Pneumonia,1.0997,17.1385,15.5841,552,101,False
110027,"TY COBB REGIONAL MEDICAL CENTER, LLC",LAVONIA,GA,Acute Care Hospitals,hospital_info,HF,Heart failure,1.0536,18.3382,17.4047,67,16,False
110028,PIEDMONT AUGUSTA HOSPITAL,AUGUSTA,GA,Acute Care Hospitals,hospital_info,CABG,Coronary artery bypass graft surgery,1.1019,10.3742,9.4151,111,14,False
110028,PIEDMONT AUGUSTA HOSPITAL,AUGUSTA,GA,Acute Care Hospitals,hospital_info,HF,Heart failure,1.0231,20.5761,20.1109,959,199,False
110028,PIEDMONT AUGUSTA HOSPITAL,AUGUSTA,GA,Acute Care Hospitals,hospital_info,HIP-KNEE,Hip/knee replacement,1.0367,7.373,7.112,,,True
110029,"NORTHEAST GEORGIA MEDICAL CENTER, INC",GAINESVILLE,GA,Acute Care Hospitals,hospital_info,CABG,Coronary artery bypass graft surgery,1.0666,11.1484,10.4522,263,31,False
110029,"NORTHEAST GEORGIA MEDICAL CENTER, INC",GAINESVILLE,GA,Acute Care Hospitals,hospital_info,HIP-KNEE,Hip/knee replacement,1.0526,6.0269,5.7256,,,True
110030,PIEDMONT CARTERSVILLE MEDICAL CENTER,CARTERSVILLE,GA,Acute Care Hospitals,hospital_info,AMI,Heart attack,1.0308,16.7237,16.2245,74,14,False
110030,PIEDMONT CARTERSVILLE MEDICAL CENTER,CARTERSVILLE,GA,Acute Care Hospitals,hospital_info,HF,Heart failure,1.0411,22.0853,21.2138,249,58,False
110031,WELLSTAR SPALDING MEDICAL CENTER,GRIFFIN,GA,Acute Care Hospitals,hospital_info,AMI,Heart attack,1.1331,15.0805,13.3095,90,20,False
110031,WELLSTAR SPALDING MEDICAL CENTER,GRIFFIN,GA,Acute Care Hospitals,hospital_info,PN,Pneumonia,1.015,16.9911,16.7406,200,35,False
110032,STEPHENS COUNTY HOSPITAL,TOCCOA,GA,Acute Care Hospitals,hospital_info,COPD,Chronic obstructive pulmonary disease,1.01,15.897,15.7396,,,True
110032,STEPHENS COUNTY HOSPITAL,TOCCOA,GA,Acute Care Hospitals,hospital_info,PN,Pneumonia,1.0198,14.1132,13.8388,76,12,False
110034,"WELLSTAR MCG HEALTH, AFFILIATED WITH MED COL",AUGUSTA,GA,Acute Care Hospitals,hospital_info,CABG,Coronary artery bypass graft surgery,1.0019,9.6558,9.6377,,,True
110034,"WELLSTAR MCG HEALTH, AFFILIATED WITH MED COL",AUGUSTA,GA,Acute Care Hospitals,hospital_info,COPD,Chronic obstructive pulmonary disease,1.0682,18.9029,17.6953,59,16,False
110034,"WELLSTAR MCG HEALTH, AFFILIATED WITH MED COL",AUGUSTA,GA,Acute Care Hospitals,hospital_info,HF,Heart failure,1.0764,22.3554,20.7685,217,54,False
110034,"WELLSTAR MCG HEALTH, AFFILIATED WITH MED COL",AUGUSTA,GA,Acute Care Hospitals,hospital_info,PN,Pneumonia,1.0477,17.25,16.4649,173,33,False
110035,WELLSTAR KENNESTONE REGIONAL MEDICAL CENTER,MARIETTA,GA,Acute Care Hospitals,hospital_info,CABG,Coronary artery bypass graft surgery,1.0859,12.1434,11.1833,254,33,False
110035,WELLSTAR KENNESTONE REGIONAL MEDICAL CENTER,MARIETTA,GA,Acute Care Hospitals,hospital_info,COPD,Chronic obstructive pulmonary disease,1.0107,19.3702,19.1654,254,50,False
110035,WELLSTAR KENNESTONE REGIONAL MEDICAL CENTER,MARIETTA,GA,Acute Care Hospitals,hospital_info,PN,Pneumonia,1.0183,15.7332,15.4509,1022,162,False
110036,SAVANNAH HEALTH SERVICES LLC DBA MEMORIAL HEALTH UNIVERSITY MEDICAL CENTER,SAVANNAH,GA,Acute Care Hospitals,hospital_info,AMI,Heart attack,1.1803,13.9346,11.8062,227,40,False
110036,SAVANNAH HEALTH SERVICES LLC DBA MEMORIAL HEALTH UNIVERSITY MEDICAL CENTER,SAVANNAH,GA,Acute Care Hospitals,hospital_info,CABG,Coronary artery bypass graft surgery,1.1371,10.3997,9.146,84,12,False
110036,SAVANNAH HEALTH SERVICES LLC DBA MEMORIAL HEALTH UNIVERSITY MEDICAL CENTER,SAVANNAH,GA,Acute Care Hospitals,hospital_info,COPD,Chronic obstructive pulmonary disease,1.0307,18.9689,18.4041,67,15,False
110036,SAVANNAH HEALTH SERVICES LLC DBA MEMORIAL HEALTH UNIVERSITY MEDICAL CENTER,SAVANNAH,GA,Acute Care Hospitals,hospital_info,HIP-KNEE,Hip/knee replacement,1.1953,6.398,5.3528,,,True
110036,SAVANNAH HEALTH SERVICES LLC DBA MEMORIAL HEALTH UNIVERSITY MEDICAL CENTER,SAVANNAH,GA,Acute Care Hospitals,hospital_info,PN,Pneumonia,1.1216,17.963,16.016,480,94,False
110038,ARCHBOLD MEMORIAL HOSPITAL,THOMASVILLE,GA,Acute Care Hospitals,hospital_info,COPD,Chronic obstructive pulmonary disease,1.0154,17.0337,16.7759,58,11,False
110038,ARCHBOLD MEMORIAL HOSPITAL,THOMASVILLE,GA,Acute Care Hospitals,hospital_info,HIP-KNEE,Hip/knee replacement,1.1259,6.5288,5.7989,,,True
110041,NORTHEAST GEORGIA MEDICAL CENTER HABERSHAM,DEMOREST,GA,Acute Care Hospitals,hospital_info,PN,Pneumonia,1.0175,14.1567,13.9132,105,16,False
110042,WELLSTAR PAULDING MEDICAL CENTER,HIRAM,GA,Acute Care Hospitals,hospital_info,COPD,Chronic obstructive pulmonary disease,1.0287,18.4985,17.9829,140,28,False
110042,WELLSTAR PAULDING MEDICAL CENTER,HIRAM,GA,Acute Care Hospitals,hospital_info,HF,Heart failure,1.0521,21.6798,20.6055,633,141,False
110042,WELLSTAR PAULDING MEDICAL CENTER,HIRAM,GA,Acute Care Hospitals,hospital_info,PN,Pneumonia,1.0797,16.3075,15.1036,447,78,False
110043,ST JOSEPH'S HOSPITAL - SAVANNAH,SAVANNAH,GA,Acute Care Hospitals,hospital_info,HF,Heart failure,1.0287,18.9132,18.3861,370,72,False
110043,ST JOSEPH'S HOSPITAL - SAVANNAH,SAVANNAH,GA,Acute Care Hospitals,hospital_info,HIP-KNEE,Hip/knee replacement,1.014,5.1228,5.0521,,,True
110043,ST JOSEPH'S HOSPITAL - SAVANNAH,SAVANNAH,GA,Acute Care Hospitals,hospital_info,PN,Pneumonia,1.0277,15.2685,14.8563,237,38,False
110044,PHOEBE SUMTER MEDICAL CENTER,AMERICUS,GA,Acute Care Hospitals,hospital_info,COPD,Chronic obstructive pulmonary disease,1.0426,19.1392,18.3578,62,15,False
110044,PHOEBE SUMTER MEDICAL CENTER,AMERICUS,GA,Acute Care Hospitals,hospital_info,HF,Heart failure,1.0806,18.7581,17.3585,72,19,False
110044,PHOEBE SUMTER MEDICAL CENTER,AMERICUS,GA,Acute Care Hospitals,hospital_info,PN,Pneumonia,1.0174,14.7874,14.5342,87,14,False
110045,"NGMC BARROW, LLC",WINDER,GA,Acute Care Hospitals,hospital_info,COPD,Chronic obstructive pulmonary disease,1.0322,13.6262,13.2008,,,True
110046,PIEDMONT WALTON HOSPITAL,MONROE,GA,Acute Care Hospitals,hospital_info,HF,Heart failure,1.0432,21.6258,20.7299,189,44,False
110051,UNION GENERAL HOSPITAL,BLAIRSVILLE,GA,Acute Care Hospitals,hospital_info,COPD,Chronic obstructive pulmonary disease,1.0011,16.5654,16.5471,78,13,False
110051,UNION GENERAL HOSPITAL,BLAIRSVILLE,GA,Acute Care Hospitals,hospital_info,HF,Heart failure,1.0078,18.5822,18.4387,180,34,False
110054,ATRIUM HEALTH FLOYD MEDICAL CENTER,ROME,GA,Acute Care Hospitals,hospital_info,AMI,Heart attack,1.0304,14.9032,14.4628,144,23,False
110054,ATRIUM HEALTH FLOYD MEDICAL CENTER,ROME,GA,Acute Care Hospitals,hospital_info,COPD,Chronic obstructive pulmonary disease,1.1207,22.4903,20.0688,201,54,False
110054,ATRIUM HEALTH FLOYD MEDICAL CENTER,ROME,GA,Acute Care Hospitals,hospital_info,HF,Heart failure,1.0525,21.7475,20.6634,401,91,False
110054,ATRIUM HEALTH FLOYD MEDICAL CENTER,ROME,GA,Acute Care Hospitals,hospital_info,HIP-KNEE,Hip/knee replacement,1.0427,6.8007,6.5221,,,True
110054,ATRIUM HEALTH FLOYD MEDICAL CENTER,ROME,GA,Acute Care Hospitals,hospital_info,PN,Pneumonia,1.0029,16.4067,16.3595,395,65,False
110064,PIEDMONT COLUMBUS REGIONAL MIDTOWN,COLUMBUS,GA,Acute Care Hospitals,hospital_info,HF,Heart failure,1.0216,21.3086,20.8576,185,41,False
110064,PIEDMONT COLUMBUS REGIONAL MIDTOWN,COLUMBUS,GA,Acute Care Hospitals,hospital_info,PN,Pneumonia,1.0353,18.7033,18.0657,308,60,False
110069,EMORY HOUSTON HOSPITAL WARNER ROBINS,WARNER ROBINS,GA,Acute Care Hospitals,hospital_info,AMI,Heart attack,1.0031,13.1607,13.1206,166,22,False
110069,EMORY HOUSTON HOSPITAL WARNER ROBINS,WARNER ROBINS,GA,Acute Care Hospitals,hospital_info,COPD,Chronic obstructive pulmonary disease,1.0157,19.3979,19.0983,195,39,False
110069,EMORY HOUSTON HOSPITAL WARNER ROBINS,WARNER ROBINS,GA,Acute Care Hospitals,hospital_info,HIP-KNEE,Hip/knee replacement,1.0268,5.6465,5.4993,,,True
110069,EMORY HOUSTON HOSPITAL WARNER ROBINS,WARNER ROBINS,GA,Acute Care Hospitals,hospital_info,PN,Pneumonia,1.1125,17.4468,15.6825,532,100,False
110071,APPLING HEALTHCARE,BAXLEY,GA,Acute Care Hospitals,hospital_info,PN,Pneumonia,1.0142,14.5987,14.395,,,True
110073,DORMINY MEDICAL CENTER,FITZGERALD,GA,Acute Care Hospitals,hospital_info,COPD,Chronic obstructive pulmonary disease,1.0061,18.2233,18.1131,,,True
110074,PIEDMONT ATHENS REGIONAL MEDICAL CENTER,ATHENS,GA,Acute Care Hospitals,hospital_info,AMI,Heart attack,1.0699,14.0817,13.1613,281,43,False
110074,PIEDMONT ATHENS REGIONAL MEDICAL CENTER,ATHENS,GA,Acute Care Hospitals,hospital_info,CABG,Coronary artery bypass graft surgery,1.0054,8.8715,8.8235,145,13,False
110074,PIEDMONT ATHENS REGIONAL MEDICAL CENTER,ATHENS,GA,Acute Care Hospitals,hospital_info,COPD,Chronic obstructive pulmonary disease,1.0162,20.5383,20.21,218,46,False
110074,PIEDMONT ATHENS REGIONAL MEDICAL CENTER,ATHENS,GA,Acute Care Hospitals,hospital_info,HF,Heart failure,1.019,20.8723,20.484,942,198,False
110075,EAST GEORGIA REGIONAL MEDICAL CENTER,STATESBORO,GA,Acute Care Hospitals,hospital_info,AMI,Heart attack,1.0497,14.3648,13.685,87,15,False
110075,EAST GEORGIA REGIONAL MEDICAL CENTER,STATESBORO,GA,Acute Care Hospitals,hospital_info,COPD,Chronic obstructive pulmonary disease,1.0158,18.208,17.9246,76,15,False
110075,EAST GEORGIA REGIONAL MEDICAL CENTER,STATESBORO,GA,Acute Care Hospitals,hospital_info,PN,Pneumonia,1.0195,16.471,16.1566,241,41,False
110076,EMORY DECATUR HOSPITAL,DECATUR,GA,Acute Care Hospitals,hospital_info,AMI,Heart attack,1.0851,13.77,12.6898,79,15,False
110076,EMORY DECATUR HOSPITAL,DECATUR,GA,Acute Care Hospitals,hospital_info,COPD,Chronic obstructive pulmonary disease,1.0511,20.6051,19.6031,59,16,False
110076,EMORY DECATUR HOSPITAL,DECATUR,GA,Acute Care Hospitals,hospital_info,HF,Heart failure,1.004,18.5078,18.4341,247,46,False
110076,EMORY DECATUR HOSPITAL,DECATUR,GA,Acute Care Hospitals,hospital_info,HIP-KNEE,Hip/knee replacement,1.175,6.4359,5.4773,,,True
110078,EMORY UNIVERSITY HOSPITAL MIDTOWN,ATLANTA,GA,Acute Care Hospitals,hospital_info,COPD,Chronic obstructive pulmonary disease,1.0301,20.4896,19.89,67,16,False
110078,EMORY UNIVERSITY HOSPITAL MIDTOWN,ATLANTA,GA,Acute Care Hospitals,hospital_info,HF,Heart failure,1.0833,21.6153,19.9523,366,85,False
110078,EMORY UNIVERSITY HOSPITAL MIDTOWN,ATLANTA,GA,Acute Care Hospitals,hospital_info,PN,Pneumonia,1.0073,17.233,17.1078,148,26,False
110079,GRADY MEMORIAL HOSPITAL,ATLANTA,GA,Acute Care Hospitals,hospital_info,AMI,Heart attack,1.0407,16.6429,15.9923,,,True
110079,GRADY MEMORIAL HOSPITAL,ATLANTA,GA,Acute Care Hospitals,hospital_info,COPD,Chronic obstructive pulmonary disease,1.0217,21.8503,21.3868,,,True
110079,GRADY MEMORIAL HOSPITAL,ATLANTA,GA,Acute Care Hospitals,hospital_info,HF,Heart failure,1.1149,20.272,18.1828,203,49,False
110082,"SAINT JOSEPH'S HOSPITAL OF ATLANTA, INC",ATLANTA,GA,Acute Care Hospitals,hospital_info,AMI,Heart attack,1.0211,12.9886,12.7203,169,23,False
110082,"SAINT JOSEPH'S HOSPITAL OF ATLANTA, INC",ATLANTA,GA,Acute Care Hospitals,hospital_info,CABG,Coronary artery bypass graft surgery,1.0736,9.3309,8.691,238,24,False
110082,"SAINT JOSEPH'S HOSPITAL OF ATLANTA, INC",ATLANTA,GA,Acute Care Hospitals,hospital_info,COPD,Chronic obstructive pulmonary disease,1.0237,18.4552,18.0286,99,20,False
110082,"SAINT JOSEPH'S HOSPITAL OF ATLANTA, INC",ATLANTA,GA,Acute Care Hospitals,hospital_info,HF,Heart failure,1.0729,20.3042,18.9249,689,145,False
110082,"SAINT JOSEPH'S HOSPITAL OF ATLANTA, INC",ATLANTA,GA,Acute Care Hospitals,hospital_info,PN,Pneumonia,1.0306,14.4662,14.0368,415,62,False
110083,"PIEDMONT HOSPITAL, INC",ATLANTA,GA,Acute Care Hospitals,hospital_info,AMI,Heart attack,1.0288,14.328,13.9265,283,42,False
110083,"PIEDMONT HOSPITAL, INC",ATLANTA,GA,Acute Care Hospitals,hospital_info,CABG,Coronary artery bypass graft surgery,1.0451,10.5663,10.1101,311,34,False
110083,"PIEDMONT HOSPITAL, INC",ATLANTA,GA,Acute Care Hospitals,hospital_info,HF,Heart failure,1.0149,20.1862,19.8898,926,188,False
110083,"PIEDMONT HOSPITAL, INC",ATLANTA,GA,Acute Care Hospitals,hospital_info,HIP-KNEE,Hip/knee replacement,1.0144,6.1976,6.1099,,,True
110087,NORTHSIDE HOSPITAL GWINNETT,LAWRENCEVILLE,GA,Acute Care Hospitals,hospital_info,COPD,Chronic obstructive pulmonary disease,1.044,19.3924,18.5759,138,30,False
110087,NORTHSIDE HOSPITAL GWINNETT,LAWRENCEVILLE,GA,Acute Care Hospitals,hospital_info,HF,Heart failure,1.1094,22.3123,20.1117,611,144,False
110089,"COFFEE REGIONAL MEDICAL CENTER, INC",DOUGLAS,GA,Acute Care Hospitals,hospital_info,AMI,Heart attack,1.0528,13.1723,12.5118,,,True
110089,"COFFEE REGIONAL MEDICAL CENTER, INC",DOUGLAS,GA,Acute Care Hospitals,hospital_info,COPD,Chronic obstructive pulmonary disease,1.039,16.1081,15.5032,70,14,False
110089,"COFFEE REGIONAL MEDICAL CENTER, INC",DOUGLAS,GA,Acute Care Hospitals,hospital_info,HF,Heart failure,1.0076,19.5448,19.3974,120,24,False
110091,PIEDMONT ROCKDALE HOSPITAL,CONYERS,GA,Acute Care Hospitals,hospital_info,COPD,Chronic obstructive pulmonary disease,1.0049,18.6274,18.5369,,,True
110091,PIEDMONT ROCKDALE HOSPITAL,CONYERS,GA,Acute Care Hospitals,hospital_info,HF,Heart failure,1.0674,21.3662,20.0174,249,58,False
110095,TIFT REGIONAL MEDICAL CENTER,TIFTON,GA,Acute Care Hospitals,hospital_info,COPD,Chronic obstructive pulmonary disease,1.0062,18.8421,18.7256,109,21,False
110095,TIFT REGIONAL MEDICAL CENTER,TIFTON,GA,Acute Care Hospitals,hospital_info,HF,Heart failure,1.0254,19.7142,19.2264,214,44,False
110095,TIFT REGIONAL MEDICAL CENTER,TIFTON,GA,Acute Care Hospitals,hospital_info,PN,Pneumonia,1.0582,16.0969,15.2123,219,39,False
110104,CRISP REGIONAL HOSPITAL,CORDELE,GA,Acute Care Hospitals,hospital_info,COPD,Chronic obstructive pulmonary disease,1.0225,14.8072,14.4813,,,True
110104,CRISP REGIONAL HOSPITAL,CORDELE,GA,Acute Care Hospitals,hospital_info,PN,Pneumonia,1.1089,17.2397,15.5462,116,27,False
110105,COLQUITT REGIONAL MEDICAL CENTER,MOULTRIE,GA,Acute Care Hospitals,hospital_info,COPD,Chronic obstructive pulmonary disease,1.0713,18.8832,17.6261,84,21,False
110105,COLQUITT REGIONAL MEDICAL CENTER,MOULTRIE,GA,Acute Care Hospitals,hospital_info,HF,Heart failure,1.0998,20.9826,19.0789,191,47,False
110105,COLQUITT REGIONAL MEDICAL CENTER,MOULTRIE,GA,Acute Care Hospitals,hospital_info,PN,Pneumonia,1.1462,16.7134,14.5812,149,34,False
110107,ATRIUM HEALTH NAVICENT THE MEDICAL CENTER,MACON,GA,Acute Care Hospitals,hospital_info,CABG,Coronary artery bypass graft surgery,1.0488,10.5459,10.0553,178,20,False
110107,ATRIUM HEALTH NAVICENT THE MEDICAL CENTER,MACON,GA,Acute Care Hospitals,hospital_info,PN,Pneumonia,1.0589,18.1297,17.121,359,69,False
110111,UNIVERSITY MCDUFFIE COUNTY REGIONAL MEDICAL CENTER,THOMSON,GA,Acute Care Hospitals,hospital_info,PN,Pneumonia,1.0645,13.9815,13.1338,50,11,False
110122,SGMC HEALTH,VALDOSTA,GA,Acute Care Hospitals,hospital_info,AMI,Heart attack,1.0087,13.5104,13.3941,204,28,False
110122,SGMC HEALTH,VALDOSTA,GA,Acute Care Hospitals,hospital_info,COPD,Chronic obstructive pulmonary disease,1.0445,19.8109,18.9662,165,36,False
110122,SGMC HEALTH,VALDOSTA,GA,Acute Care Hospitals,hospital_info,HF,Heart failure,1.0693,22.4214,20.9686,446,105,False
110122,SGMC HEALTH,VALDOSTA,GA,Acute Care Hospitals,hospital_info,PN,Pneumonia,1.0786,17.6114,16.3276,550,102,False
110124,WAYNE MEMORIAL HOSPITAL,JESUP,GA,Acute Care Hospitals,hospital_info,COPD,Chronic obstructive pulmonary disease,1.0345,17.7763,17.1842,,,True
110124,WAYNE MEMORIAL HOSPITAL,JESUP,GA,Acute Care Hospitals,hospital_info,PN,Pneumonia,1.0286,15.1918,14.7695,126,21,False
110125,FAIRVIEW PARK HOSPITAL,DUBLIN,GA,Acute Care Hospitals,hospital_info,COPD,Chronic obstructive pulmonary disease,1.0348,18.0469,17.4402,58,13,False
110125,FAIRVIEW PARK HOSPITAL,DUBLIN,GA,Acute Care Hospitals,hospital_info,PN,Pneumonia,1.0577,17.1634,16.2265,345,63,False
110128,MEMORIAL HEALTH MEADOWS HOSPITAL,VIDALIA,GA,Acute Care Hospitals,hospital_info,COPD,Chronic obstructive pulmonary disease,1.0442,15.1436,14.5024,,,True
110128,MEMORIAL HEALTH MEADOWS HOSPITAL,VIDALIA,GA,Acute Care Hospitals,hospital_info,HF,Heart failure,1.0484,18.4129,17.5634,161,33,False
110129,ST FRANCIS HOSPITAL- EMORY HEALTHCARE,COLUMBUS,GA,Acute Care Hospitals,hospital_info,AMI,Heart attack,1.06,12.6098,11.8959,175,25,False
110129,ST FRANCIS HOSPITAL- EMORY HEALTHCARE,COLUMBUS,GA,Acute Care Hospitals,hospital_info,CABG,Coronary artery bypass graft surgery,1.0009,11.2194,11.209,,,True
110129,ST FRANCIS HOSPITAL- EMORY HEALTHCARE,COLUMBUS,GA,Acute Care Hospitals,hospital_info,PN,Pneumonia,1.0015,15.0334,15.0103,292,44,False
110132,MEMORIAL HOSPITAL AND MANOR,BAINBRIDGE,GA,Acute Care Hospitals,hospital_info,HF,Heart failure,1.0533,20.085,19.068,,,True
110132,MEMORIAL HOSPITAL AND MANOR,BAINBRIDGE,GA,Acute Care Hospitals,hospital_info,PN,Pneumonia,1.0408,14.5847,14.0128,78,14,False
110143,WELLSTAR COBB MEDICAL CENTER,AUSTELL,GA,Acute Care Hospitals,hospital_info,AMI,Heart attack,1.0273,13.7582,13.3928,70,11,False
110146,SOUTHEAST GEORGIA HEALTH SYSTEM -- CAMDEN CAMPUS,SAINT MARYS,GA,Acute Care Hospitals,hospital_info,HF,Heart failure,1.0094,18.1142,17.9448,,,True
110161,NORTHSIDE HOSPITAL,ATLANTA,GA,Acute Care Hospitals,hospital_info,AMI,Heart attack,1.0498,14.1976,13.5236,60,11,False
110161,NORTHSIDE HOSPITAL,ATLANTA,GA,Acute Care Hospitals,hospital_info,COPD,Chronic obstructive pulmonary disease,1.0845,17.5898,16.2197,75,19,False
110161,NORTHSIDE HOSPITAL,ATLANTA,GA,Acute Care Hospitals,hospital_info,PN,Pneumonia,1.0855,17.0631,15.7187,413,76,False
110164,"COLISEUM MEDICAL CENTERS, LLC, DBA",MACON,GA,Acute Care Hospitals,hospital_info,CABG,Coronary artery bypass graft surgery,1.0398,11.4172,10.9798,,,True
110164,"COLISEUM MEDICAL CENTERS, LLC, DBA",MACON,GA,Acute Care Hospitals,hospital_info,COPD,Chronic obstructive pulmonary disease,1.0031,18.3348,18.2775,86,16,False
110164,"COLISEUM MEDICAL CENTERS, LLC, DBA",MACON,GA,Acute Care Hospitals,hospital_info,HF,Heart failure,1.0512,21.4141,20.3702,193,45,False
110164,"COLISEUM MEDICAL CENTERS, LLC, DBA",MACON,GA,Acute Care Hospitals,hospital_info,PN,Pneumonia,1.0289,16.6354,16.1675,271,47,False
110165,SOUTHERN REGIONAL MEDICAL CENTER,RIVERDALE,GA,Acute Care Hospitals,hospital_info,HF,Heart failure,1.0429,19.4024,18.6044,72,17,False
110165,SOUTHERN REGIONAL MEDICAL CENTER,RIVERDALE,GA,Acute Care Hospitals,hospital_info,PN,Pneumonia,1.059,16.3971,15.4835,68,15,False
110168,ADVENTHEALTH REDMOND,ROME,GA,Acute Care Hospitals,hospital_info,AMI,Heart attack,1.0492,15.3993,14.6774,315,51,False
110168,ADVENTHEALTH REDMOND,ROME,GA,Acute Care Hospitals,hospital_info,CABG,Coronary artery bypass graft surgery,1.0378,11.9912,11.5543,117,15,False
110168,ADVENTHEALTH REDMOND,ROME,GA,Acute Care Hospitals,hospital_info,PN,Pneumonia,1.0648,18.2638,17.1524,442,85,False
110177,DOCTORS HOSPITAL,AUGUSTA,GA,Acute Care Hospitals,hospital_info,COPD,Chronic obstructive pulmonary disease,1.0229,18.472,18.0584,83,17,False
110177,DOCTORS HOSPITAL,AUGUSTA,GA,Acute Care Hospitals,hospital_info,HF,Heart failure,1.0127,20.2642,20.0091,178,37,False
110177,DOCTORS HOSPITAL,AUGUSTA,GA,Acute Care Hospitals,hospital_info,HIP-KNEE,Hip/knee replacement,1.0302,7.1514,6.9418,,,True
110184,WELLSTAR DOUGLAS MEDICAL CENTER,DOUGLASVILLE,GA,Acute Care Hospitals,hospital_info,AMI,Heart attack,1.0014,14.1121,14.092,,,True
110191,PIEDMONT HENRY HOSPITAL,STOCKBRIDGE,GA,Acute Care Hospitals,hospital_info,COPD,Chronic obstructive pulmonary disease,1.0167,18.1365,17.8384,87,17,False
110191,PIEDMONT HENRY HOSPITAL,STOCKBRIDGE,GA,Acute Care Hospitals,hospital_info,PN,Pneumonia,1.1682,19.8603,17.001,283,67,False
110192,PIEDMONT EASTSIDE MEDICAL CENTER,SNELLVILLE,GA,Acute Care Hospitals,hospital_info,COPD,Chronic obstructive pulmonary disease,1.0015,17.1186,17.0938,87,15,False
110192,PIEDMONT EASTSIDE MEDICAL CENTER,SNELLVILLE,GA,Acute Care Hospitals,hospital_info,HIP-KNEE,Hip/knee replacement,1.1262,6.488,5.761,,,True
110192,PIEDMONT EASTSIDE MEDICAL CENTER,SNELLVILLE,GA,Acute Care Hospitals,hospital_info,PN,Pneumonia,1.0957,16.3995,14.967,219,42,False
110198,WELLSTAR NORTH FULTON MEDICAL CENTER,ROSWELL,GA,Acute Care Hospitals,hospital_info,AMI,Heart attack,1.0231,11.7573,11.4922,84,11,False
110198,WELLSTAR NORTH FULTON MEDICAL CENTER,ROSWELL,GA,Acute Care Hospitals,hospital_info,COPD,Chronic obstructive pulmonary disease,1.0249,17.9623,17.5267,,,True
110201,PIEDMONT MACON NORTH HOSPITAL,MACON,GA,Acute Care Hospitals,hospital_info,HF,Heart failure,1.0738,18.6113,17.3327,91,22,False
110215,PIEDMONT FAYETTE HOSPITAL,FAYETTEVILLE,GA,Acute Care Hospitals,hospital_info,COPD,Chronic obstructive pulmonary disease,1.0225,16.8619,16.4913,115,21,False
110215,PIEDMONT FAYETTE HOSPITAL,FAYETTEVILLE,GA,Acute Care Hospitals,hospital_info,HF,Heart failure,1.0594,20.2929,19.1544,689,144,False
110215,PIEDMONT FAYETTE HOSPITAL,FAYETTEVILLE,GA,Acute Care Hospitals,hospital_info,HIP-KNEE,Hip/knee replacement,1.0272,5.9813,5.8228,,,True
110215,PIEDMONT FAYETTE HOSPITAL,FAYETTEVILLE,GA,Acute Care Hospitals,hospital_info,PN,Pneumonia,1.0448,15.8064,15.1282,475,78,False
110225,PIEDMONT MOUNTAINSIDE HOSPITAL INC,JASPER,GA,Acute Care Hospitals,hospital_info,COPD,Chronic obstructive pulmonary disease,1.038,17.2051,16.576,54,12,False
110225,PIEDMONT MOUNTAINSIDE HOSPITAL INC,JASPER,GA,Acute Care Hospitals,hospital_info,HF,Heart failure,1.0275,20.5411,19.992,263,56,False
110226,EMORY HILLANDALE HOSPITAL,LITHONIA,GA,Acute Care Hospitals,hospital_info,HF,Heart failure,1.1152,19.732,17.6933,77,23,False
110226,EMORY HILLANDALE HOSPITAL,LITHONIA,GA,Acute Care Hospitals,hospital_info,PN,Pneumonia,1.0212,13.915,13.6265,,,True
110229,"PIEDMONT NEWNAN HOSPITAL, INC",NEWNAN,GA,Acute Care Hospitals,hospital_info,COPD,Chronic obstructive pulmonary disease,1.0059,18.2095,18.1027,91,17,False
110229,"PIEDMONT NEWNAN HOSPITAL, INC",NEWNAN,GA,Acute Care Hospitals,hospital_info,HIP-KNEE,Hip/knee replacement,1.1091,6.169,5.5623,,,True
110230,EMORY JOHNS CREEK HOSPITAL,JOHNS CREEK,GA,Acute Care Hospitals,hospital_info,COPD,Chronic obstructive pulmonary disease,1.0425,19.1394,18.3594,57,14,False
110252,NORTHSIDE HOSPITAL DULUTH,DULUTH,GA,Acute Care Hospitals,hospital_info,COPD,Chronic obstructive pulmonary disease,1.0933,21.0381,19.2422,58,19,False
110252,NORTHSIDE HOSPITAL DULUTH,DULUTH,GA,Acute Care Hospitals,hospital_info,PN,Pneumonia,1.0069,15.7983,15.6904,187,30,False
120001,THE QUEENS MEDICAL CENTER,HONOLULU,HI,Acute Care Hospitals,hospital_info,AMI,Heart attack,1.0051,14.2956,14.2232,257,37,False
120001,THE QUEENS MEDICAL CENTER,HONOLULU,HI,Acute Care Hospitals,hospital_info,CABG,Coronary artery bypass graft surgery,1.0205,10.3742,10.1657,101,11,False
120001,THE QUEENS MEDICAL CENTER,HONOLULU,HI,Acute Care Hospitals,hospital_info,HIP-KNEE,Hip/knee replacement,1.1374,5.4871,4.8243,,,True
120001,THE QUEENS MEDICAL CENTER,HONOLULU,HI,Acute Care Hospitals,hospital_info,PN,Pneumonia,1.0503,15.789,15.0323,695,113,False
120002,MAUI MEMORIAL MEDICAL CENTER,WAILUKU,HI,Acute Care Hospitals,hospital_info,AMI,Heart attack,1.0153,12.3372,12.1511,83,11,False
120005,HILO BENIOFF MEDICAL CENTER,HILO,HI,Acute Care Hospitals,hospital_info,AMI,Heart attack,1.0747,12.1205,11.2785,127,19,False
120005,HILO BENIOFF MEDICAL CENTER,HILO,HI,Acute Care Hospitals,hospital_info,COPD,Chronic obstructive pulmonary disease,1.0217,13.243,12.9621,72,11,False
120006,ADVENTIST HEALTH CASTLE,KAILUA,HI,Acute Care Hospitals,hospital_info,COPD,Chronic obstructive pulmonary disease,1.0459,19.4922,18.637,,,True
120006,ADVENTIST HEALTH CASTLE,KAILUA,HI,Acute Care Hospitals,hospital_info,HF,Heart failure,1.0025,19.1386,19.0905,114,22,False
120007,KUAKINI MEDICAL CENTER,HONOLULU,HI,Acute Care Hospitals,hospital_info,AMI,Heart attack,1.0109,14.8097,14.6494,,,True
120007,KUAKINI MEDICAL CENTER,HONOLULU,HI,Acute Care Hospitals,hospital_info,HF,Heart failure,1.0145,19.4597,19.1819,118,24,False
120011,KAISER FOUNDATION HOSPITAL,HONOLULU,HI,Acute Care Hospitals,hospital_info,PN,Pneumonia,1.0508,15.9694,15.1974,,,True
120014,WILCOX MEMORIAL HOSPITAL,LIHUE,HI,Acute Care Hospitals,hospital_info,HF,Heart failure,1.1564,20.2485,17.5095,126,36,False
120019,KONA COMMUNITY HOSPITAL,KEALAKEKUA,HI,Acute Care Hospitals,hospital_info,HF,Heart failure,1.0107,15.8003,15.6333,65,11,False
120019,KONA COMMUNITY HOSPITAL,KEALAKEKUA,HI,Acute Care Hospitals,hospital_info,PN,Pneumonia,1.0033,12.7892,12.7472,100,13,False
120022,STRAUB CLINIC AND HOSPITAL,HONOLULU,HI,Acute Care Hospitals,hospital_info,AMI,Heart attack,1.0328,13.6053,13.1737,157,23,False
120022,STRAUB CLINIC AND HOSPITAL,HONOLULU,HI,Acute Care Hospitals,hospital_info,COPD,Chronic obstructive pulmonary disease,1.0138,16.3021,16.0801,,,True
120026,PALI MOMI MEDICAL CENTER,AIEA,HI,Acute Care Hospitals,hospital_info,HF,Heart failure,1.0948,20.1138,18.372,231,53,False
130007,SAINT ALPHONSUS REGIONAL MEDICAL CENTER,BOISE,ID,Acute Care Hospitals,hospital_info,CABG,Coronary artery bypass graft surgery,1.0222,9.7897,9.5768,,,True
130007,SAINT ALPHONSUS REGIONAL MEDICAL CENTER,BOISE,ID,Acute Care Hospitals,hospital_info,HIP-KNEE,Hip/knee replacement,1.0389,6.7135,6.4621,,,True
130013,SAINT ALPHONSUS MEDICAL CENTER - NAMPA,NAMPA,ID,Acute Care Hospitals,hospital_info,AMI,Heart attack,1.0006,11.4977,11.4902,,,True
130013,SAINT ALPHONSUS MEDICAL CENTER - NAMPA,NAMPA,ID,Acute Care Hospitals,hospital_info,HIP-KNEE,Hip/knee replacement,1.0765,6.3083,5.8598,,,True
130013,SAINT ALPHONSUS MEDICAL CENTER - NAMPA,NAMPA,ID,Acute Care Hospitals,hospital_info,PN,Pneumonia,1.0242,14.9004,14.5486,117,19,False
130018,EASTERN IDAHO REGIONAL MEDICAL CENTER,IDAHO FALLS,ID,Acute Care Hospitals,hospital_info,CABG,Coronary artery bypass graft surgery,1.039,9.7153,9.3505,,,True
130018,EASTERN IDAHO REGIONAL MEDICAL CENTER,IDAHO FALLS,ID,Acute Care Hospitals,hospital_info,HIP-KNEE,Hip/knee replacement,1.1411,5.9533,5.2172,,,True
130025,MADISON MEMORIAL HOSPITAL,REXBURG,ID,Acute Care Hospitals,hospital_info,HF,Heart failure,1.0081,17.075,16.9383,,,True
130028,PORTNEUF MEDICAL CENTER,POCATELLO,ID,Acute Care Hospitals,hospital_info,CABG,Coronary artery bypass graft surgery,1.0561,12.399,11.7406,,,True
130028,PORTNEUF MEDICAL CENTER,POCATELLO,ID,Acute Care Hospitals,hospital_info,PN,Pneumonia,1.0161,14.9606,14.7243,247,38,False
130071,ST LUKE'S NAMPA MEDICAL CENTER,NAMPA,ID,Acute Care Hospitals,hospital_info,COPD,Chronic obstructive pulmonary disease,1.0133,16.8101,16.59,,,True
140001,GRAHAM HOSPITAL ASSOCIATION,CANTON,IL,Acute Care Hospitals,hospital_info,HF,Heart failure,1.0344,18.1615,17.5576,86,18,False
140002,ALTON MEMORIAL HOSPITAL,ALTON,IL,Acute Care Hospitals,hospital_info,AMI,Heart attack,1.0064,11.9947,11.9182,,,True
140002,ALTON MEMORIAL HOSPITAL,ALTON,IL,Acute Care Hospitals,hospital_info,HF,Heart failure,1.1182,22.8634,20.4467,331,84,False
140002,ALTON MEMORIAL HOSPITAL,ALTON,IL,Acute Care Hospitals,hospital_info,HIP-KNEE,Hip/knee replacement,1.1287,6.1154,5.4181,,,True
140002,ALTON MEMORIAL HOSPITAL,ALTON,IL,Acute Care Hospitals,hospital_info,PN,Pneumonia,1.0957,17.3008,15.7891,317,61,False
140007,SAINT JOSEPH MEDICAL CENTER,JOLIET,IL,Acute Care Hospitals,hospital_info,AMI,Heart attack,1.0537,15.7399,14.938,192,33,False
140007,SAINT JOSEPH MEDICAL CENTER,JOLIET,IL,Acute Care Hospitals,hospital_info,COPD,Chronic obstructive pulmonary disease,1.008,18.5365,18.3888,164,31,False
140007,SAINT JOSEPH MEDICAL CENTER,JOLIET,IL,Acute Care Hospitals,hospital_info,HF,Heart failure,1.0503,21.516,20.4846,657,145,False
140007,SAINT JOSEPH MEDICAL CENTER,JOLIET,IL,Acute Care Hospitals,hospital_info,HIP-KNEE,Hip/knee replacement,1.0272,5.0531,4.9195,,,True
140007,SAINT JOSEPH MEDICAL CENTER,JOLIET,IL,Acute Care Hospitals,hospital_info,PN,Pneumonia,1.0258,17.5061,17.0662,607,108,False
140008,LOYOLA GOTTLIEB MEMORIAL HOSPITAL,MELROSE PARK,IL,Acute Care Hospitals,hospital_info,AMI,Heart attack,1.1074,17.0592,15.4049,80,19,False
140008,LOYOLA GOTTLIEB MEMORIAL HOSPITAL,MELROSE PARK,IL,Acute Care Hospitals,hospital_info,HF,Heart failure,1.0499,20.4331,19.4628,335,72,False
140008,LOYOLA GOTTLIEB MEMORIAL HOSPITAL,MELROSE PARK,IL,Acute Care Hospitals,hospital_info,PN,Pneumonia,1.0898,17.1759,15.7611,199,40,False
140010,NORTHSHORE UNIVERSITY HEALTHSYSTEM - EVANSTON HOSPITAL,EVANSTON,IL,Acute Care Hospitals,hospital_info,HF,Heart failure,1.0574,20.3434,19.2389,2138,439,False
140010,NORTHSHORE UNIVERSITY HEALTHSYSTEM - EVANSTON HOSPITAL,EVANSTON,IL,Acute Care Hospitals,hospital_info,PN,Pneumonia,1.0428,16.2222,15.5565,2245,367,False
140011,HERRIN HOSPITAL,HERRIN,IL,Acute Care Hospitals,hospital_info,COPD,Chronic obstructive pulmonary disease,1.0679,19.197,17.9761,204,44,False
140011,HERRIN HOSPITAL,HERRIN,IL,Acute Care Hospitals,hospital_info,HF,Heart failure,1.0005,20.6759,20.6659,261,54,False
140011,HERRIN HOSPITAL,HERRIN,IL,Acute Care Hospitals,hospital_info,HIP-KNEE,Hip/knee replacement,1.3418,7.9027,5.8896,108,12,False
140011,HERRIN HOSPITAL,HERRIN,IL,Acute Care Hospitals,hospital_info,PN,Pneumonia,1.0679,16.6445,15.5858,346,62,False
140012,OSF SAINT KATHARINE MEDICAL CENTER,DIXON,IL,Acute Care Hospitals,hospital_info,HF,Heart failure,1.0265,18.8251,18.34,176,35,False
140015,BLESSING HOSPITAL,QUINCY,IL,Acute Care Hospitals,hospital_info,HIP-KNEE,Hip/knee replacement,1.1167,8.6002,7.7014,,,True
140018,MT SINAI HOSPITAL MEDICAL CENTER,CHICAGO,IL,Acute Care Hospitals,hospital_info,COPD,Chronic obstructive pulmonary disease,1.0437,21.5062,20.6063,36,11,False
140018,MT SINAI HOSPITAL MEDICAL CENTER,CHICAGO,IL,Acute Care Hospitals,hospital_info,PN,Pneumonia,1.0193,17.0642,16.7407,,,True
140029,COPLEY MEMORIAL HOSPITAL,AURORA,IL,Acute Care Hospitals,hospital_info,AMI,Heart attack,1.0503,13.6824,13.0271,157,24,False
140029,COPLEY MEMORIAL HOSPITAL,AURORA,IL,Acute Care Hospitals,hospital_info,CABG,Coronary artery bypass graft surgery,1.0232,10.3992,10.1633,,,True
140030,ADVOCATE SHERMAN HOSPITAL,ELGIN,IL,Acute Care Hospitals,hospital_info,AMI,Heart attack,1.0607,13.4627,12.6924,156,24,False
140030,ADVOCATE SHERMAN HOSPITAL,ELGIN,IL,Acute Care Hospitals,hospital_info,CABG,Coronary artery bypass graft surgery,1.1528,12.2456,10.6222,,,True
140030,ADVOCATE SHERMAN HOSPITAL,ELGIN,IL,Acute Care Hospitals,hospital_info,HF,Heart failure,1.0347,20.0456,19.3741,721,147,False
140030,ADVOCATE SHERMAN HOSPITAL,ELGIN,IL,Acute Care Hospitals,hospital_info,PN,Pneumonia,1.0392,16.3466,15.7295,547,92,False
140032,ST ANTHONYS MEMORIAL HOSPITAL,EFFINGHAM,IL,Acute Care Hospitals,hospital_info,HF,Heart failure,1.054,20.6633,19.604,296,65,False
140032,ST ANTHONYS MEMORIAL HOSPITAL,EFFINGHAM,IL,Acute Care Hospitals,hospital_info,PN,Pneumonia,1.0118,15.6735,15.4901,314,50,False
140034,SSM HEALTH ST MARY'S HOSPITAL -CENTRALIA,CENTRALIA,IL,Acute Care Hospitals,hospital_info,COPD,Chronic obstructive pulmonary disease,1.0934,18.5988,17.0096,110,27,False
140034,SSM HEALTH ST MARY'S HOSPITAL -CENTRALIA,CENTRALIA,IL,Acute Care Hospitals,hospital_info,PN,Pneumonia,1.1036,17.6551,15.9981,342,67,False
140043,CGH MEDICAL CENTER,STERLING,IL,Acute Care Hospitals,hospital_info,AMI,Heart attack,1.1346,14.6092,12.8761,93,20,False
140043,CGH MEDICAL CENTER,STERLING,IL,Acute Care Hospitals,hospital_info,HF,Heart failure,1.0471,19.5839,18.7027,218,46,False
140043,CGH MEDICAL CENTER,STERLING,IL,Acute Care Hospitals,hospital_info,PN,Pneumonia,1.0866,15.2588,14.0427,233,41,False
140046,GOOD SAMARITAN REGIONAL HLTH CENTER,MOUNT VERNON,IL,Acute Care Hospitals,hospital_info,AMI,Heart attack,1.0826,14.1226,13.0446,212,34,False
140046,GOOD SAMARITAN REGIONAL HLTH CENTER,MOUNT VERNON,IL,Acute Care Hospitals,hospital_info,COPD,Chronic obstructive pulmonary disease,1.0199,19.0427,18.6703,134,27,False
140048,ADVOCATE TRINITY HOSPITAL,CHICAGO,IL,Acute Care Hospitals,hospital_info,COPD,Chronic obstructive pulmonary disease,1.1376,21.6256,19.0106,144,41,False
140048,ADVOCATE TRINITY HOSPITAL,CHICAGO,IL,Acute Care Hospitals,hospital_info,HF,Heart failure,1.0381,22.3735,21.5528,640,146,False
140048,ADVOCATE TRINITY HOSPITAL,CHICAGO,IL,Acute Care Hospitals,hospital_info,HIP-KNEE,Hip/knee replacement,1.0184,6.6075,6.488,,,True
140048,ADVOCATE TRINITY HOSPITAL,CHICAGO,IL,Acute Care Hospitals,hospital_info,PN,Pneumonia,1.0845,18.7469,17.2868,269,56,False
140049,WEST SUBURBAN MEDICAL CENTER,OAK PARK,IL,Acute Care Hospitals,hospital_info,COPD,Chronic obstructive pulmonary disease,1.0092,16.1974,16.0491,,,True
140049,WEST SUBURBAN MEDICAL CENTER,OAK PARK,IL,Acute Care Hospitals,hospital_info,HF,Heart failure,1.1003,23.694,21.5335,130,38,False
140049,WEST SUBURBAN MEDICAL CENTER,OAK PARK,IL,Acute Care Hospitals,hospital_info,PN,Pneumonia,1.0004,17.469,17.4627,80,14,False
140052,OSF SAINT ANTHONY'S HEALTH CENTER,ALTON,IL,Acute Care Hospitals,hospital_info,AMI,Heart attack,1.025,14.3699,14.0197,,,True
140052,OSF SAINT ANTHONY'S HEALTH CENTER,ALTON,IL,Acute Care Hospitals,hospital_info,HF,Heart failure,1.0103,17.5253,17.3472,110,20,False
140054,MACNEAL  HOSPITAL,BERWYN,IL,Acute Care Hospitals,hospital_info,AMI,Heart attack,1.0804,15.8364,14.6584,63,14,False
140054,MACNEAL  HOSPITAL,BERWYN,IL,Acute Care Hospitals,hospital_info,COPD,Chronic obstructive pulmonary disease,1.0693,21.6497,20.2473,119,31,False
140054,MACNEAL  HOSPITAL,BERWYN,IL,Acute Care Hospitals,hospital_info,HF,Heart failure,1.0609,20.6882,19.5008,269,60,False
140054,MACNEAL  HOSPITAL,BERWYN,IL,Acute Care Hospitals,hospital_info,PN,Pneumonia,1.0399,16.5432,15.9091,238,42,False
140059,JERSEY COMMUNITY HOSPITAL,JERSEYVILLE,IL,Acute Care Hospitals,hospital_info,HIP-KNEE,Hip/knee replacement,1.0587,4.3779,4.1353,,,True
140059,JERSEY COMMUNITY HOSPITAL,JERSEYVILLE,IL,Acute Care Hospitals,hospital_info,PN,Pneumonia,1.028,15.5048,15.083,85,15,False
140062,PALOS COMMUNITY HOSPITAL,PALOS HEIGHTS,IL,Acute Care Hospitals,hospital_info,AMI,Heart attack,1.048,15.9901,15.2575,341,57,False
140062,PALOS COMMUNITY HOSPITAL,PALOS HEIGHTS,IL,Acute Care Hospitals,hospital_info,COPD,Chronic obstructive pulmonary disease,1.0277,19.5926,19.0637,459,92,False
140062,PALOS COMMUNITY HOSPITAL,PALOS HEIGHTS,IL,Acute Care Hospitals,hospital_info,HF,Heart failure,1.0614,21.6608,20.4079,1360,299,False
140062,PALOS COMMUNITY HOSPITAL,PALOS HEIGHTS,IL,Acute Care Hospitals,hospital_info,HIP-KNEE,Hip/knee replacement,1.2957,6.7641,5.2203,281,22,False
140062,PALOS COMMUNITY HOSPITAL,PALOS HEIGHTS,IL,Acute Care Hospitals,hospital_info,PN,Pneumonia,1.0938,18.6327,17.035,1432,273,False
140063,RUSH OAK PARK HOSPITAL,OAK PARK,IL,Acute Care Hospitals,hospital_info,AMI,Heart attack,1.0003,15.3387,15.3334,,,True
140063,RUSH OAK PARK HOSPITAL,OAK PARK,IL,Acute Care Hospitals,hospital_info,HF,Heart failure,1.0148,20.3499,20.0531,265,55,False
140063,RUSH OAK PARK HOSPITAL,OAK PARK,IL,Acute Care Hospitals,hospital_info,PN,Pneumonia,1.0554,16.2355,15.3829,224,40,False
140064,ST MARY MEDICAL CENTER,GALESBURG,IL,Acute Care Hospitals,hospital_info,HF,Heart failure,1.0612,18.4791,17.4135,237,48,False
140064,ST MARY MEDICAL CENTER,GALESBURG,IL,Acute Care Hospitals,hospital_info,PN,Pneumonia,1.0168,14.7338,14.4904,298,45,False
140065,UCHICAGO MEDICINE ADVENTHEALTH LA GRANGE,LA GRANGE,IL,Acute Care Hospitals,hospital_info,HIP-KNEE,Hip/knee replacement,1.097,7.0237,6.4028,255,19,False
140067,SAINT FRANCIS MEDICAL CENTER,PEORIA,IL,Acute Care Hospitals,hospital_info,CABG,Coronary artery bypass graft surgery,1.0917,10.4683,9.5891,160,19,False
140067,SAINT FRANCIS MEDICAL CENTER,PEORIA,IL,Acute Care Hospitals,hospital_info,PN,Pneumonia,1.1165,17.2284,15.4307,822,149,False
140068,ROSELAND COMMUNITY HOSPITAL,CHICAGO,IL,Acute Care Hospitals,hospital_info,COPD,Chronic obstructive pulmonary disease,1.0249,19.3025,18.8326,,,True
140068,ROSELAND COMMUNITY HOSPITAL,CHICAGO,IL,Acute Care Hospitals,hospital_info,HF,Heart failure,1.0052,23.7675,23.6437,53,13,False
140068,ROSELAND COMMUNITY HOSPITAL,CHICAGO,IL,Acute Care Hospitals,hospital_info,PN,Pneumonia,1.0088,16.4497,16.3065,,,True
140080,SAINT FRANCIS HOSPITAL-EVANSTON,EVANSTON,IL,Acute Care Hospitals,hospital_info,AMI,Heart attack,1.0446,12.3722,11.8437,,,True
140080,SAINT FRANCIS HOSPITAL-EVANSTON,EVANSTON,IL,Acute Care Hospitals,hospital_info,COPD,Chronic obstructive pulmonary disease,1.0534,22.7369,21.585,48,15,False
140080,SAINT FRANCIS HOSPITAL-EVANSTON,EVANSTON,IL,Acute Care Hospitals,hospital_info,HF,Heart failure,1.0941,21.945,20.0573,152,40,False
140080,SAINT FRANCIS HOSPITAL-EVANSTON,EVANSTON,IL,Acute Care Hospitals,hospital_info,PN,Pneumonia,1.0405,17.3407,16.666,267,49,False
140082,LOUIS A WEISS MEMORIAL HOSPITAL,CHICAGO,IL,Acute Care Hospitals,hospital_info,COPD,Chronic obstructive pulmonary disease,1.0419,25.4654,24.4406,42,14,False
140082,LOUIS A WEISS MEMORIAL HOSPITAL,CHICAGO,IL,Acute Care Hospitals,hospital_info,HF,Heart failure,1.0441,22.6174,21.6614,105,27,False
140082,LOUIS A WEISS MEMORIAL HOSPITAL,CHICAGO,IL,Acute Care Hospitals,hospital_info,HIP-KNEE,Hip/knee replacement,1.4155,6.64,4.691,106,11,False
140082,LOUIS A WEISS MEMORIAL HOSPITAL,CHICAGO,IL,Acute Care Hospitals,hospital_info,PN,Pneumonia,1.0581,20.1184,19.013,169,38,False
140083,LORETTO HOSPITAL,CHICAGO,IL,Acute Care Hospitals,hospital_info,HF,Heart failure,1.0206,21.9931,21.5496,,,True
140084,VISTA MEDICAL CENTER EAST,WAUKEGAN,IL,Acute Care Hospitals,hospital_info,COPD,Chronic obstructive pulmonary disease,1.0186,19.2266,18.8764,81,17,False
140084,VISTA MEDICAL CENTER EAST,WAUKEGAN,IL,Acute Care Hospitals,hospital_info,PN,Pneumonia,1.0343,17.8392,17.2476,228,43,False
140088,THE UNIVERSITY OF CHICAGO MEDICAL CENTER,CHICAGO,IL,Acute Care Hospitals,hospital_info,AMI,Heart attack,1.0432,18.2249,17.4701,141,28,False
140088,THE UNIVERSITY OF CHICAGO MEDICAL CENTER,CHICAGO,IL,Acute Care Hospitals,hospital_info,COPD,Chronic obstructive pulmonary disease,1.0066,19.7111,19.5823,241,48,False
140088,THE UNIVERSITY OF CHICAGO MEDICAL CENTER,CHICAGO,IL,Acute Care Hospitals,hospital_info,HF,Heart failure,1.036,22.6025,21.8163,705,162,False
140088,THE UNIVERSITY OF CHICAGO MEDICAL CENTER,CHICAGO,IL,Acute Care Hospitals,hospital_info,PN,Pneumonia,1.1233,19.2162,17.107,291,64,False
140089,MC DONOUGH DISTRICT HOSPITAL,MACOMB,IL,Acute Care Hospitals,hospital_info,PN,Pneumonia,1.1684,18.8785,16.1579,145,38,False
140091,CARLE FOUNDATION HOSPITAL,URBANA,IL,Acute Care Hospitals,hospital_info,AMI,Heart attack,1.0311,14.4656,14.0287,314,47,False
140091,CARLE FOUNDATION HOSPITAL,URBANA,IL,Acute Care Hospitals,hospital_info,CABG,Coronary artery bypass graft surgery,1.05,11.4983,10.9511,102,13,False
140091,CARLE FOUNDATION HOSPITAL,URBANA,IL,Acute Care Hospitals,hospital_info,COPD,Chronic obstructive pulmonary disease,1.0501,20.1714,19.2089,180,40,False
140091,CARLE FOUNDATION HOSPITAL,URBANA,IL,Acute Care Hospitals,hospital_info,HF,Heart failure,1.1525,24.3728,21.1474,838,215,False
140091,CARLE FOUNDATION HOSPITAL,URBANA,IL,Acute Care Hospitals,hospital_info,PN,Pneumonia,1.089,17.7927,16.3389,552,104,False
140093,OSF SACRED HEART MEDICAL CENTER,DANVILLE,IL,Acute Care Hospitals,hospital_info,COPD,Chronic obstructive pulmonary disease,1.0849,20.0599,18.4902,109,28,False
140093,OSF SACRED HEART MEDICAL CENTER,DANVILLE,IL,Acute Care Hospitals,hospital_info,HF,Heart failure,1.1278,21.7107,19.25,185,49,False
140093,OSF SACRED HEART MEDICAL CENTER,DANVILLE,IL,Acute Care Hospitals,hospital_info,HIP-KNEE,Hip/knee replacement,1.0133,4.3207,4.264,,,True
140095,SAINT ANTHONY HOSPITAL,CHICAGO,IL,Acute Care Hospitals,hospital_info,HF,Heart failure,1.0233,19.0169,18.5839,,,True
140101,MORRIS HOSPITAL & HEALTHCARE CENTERS,MORRIS,IL,Acute Care Hospitals,hospital_info,HF,Heart failure,1.0662,20.9612,19.6589,283,64,False
140101,MORRIS HOSPITAL & HEALTHCARE CENTERS,MORRIS,IL,Acute Care Hospitals,hospital_info,HIP-KNEE,Hip/knee replacement,1.0798,7.3072,6.7671,,,True
140101,MORRIS HOSPITAL & HEALTHCARE CENTERS,MORRIS,IL,Acute Care Hospitals,hospital_info,PN,Pneumonia,1.0312,16.6441,16.1404,282,49,False
140103,ST BERNARD HOSPITAL,CHICAGO,IL,Acute Care Hospitals,hospital_info,COPD,Chronic obstructive pulmonary disease,1.0969,27.7543,25.303,34,17,False
140103,ST BERNARD HOSPITAL,CHICAGO,IL,Acute Care Hospitals,hospital_info,HF,Heart failure,1.0441,27.7973,26.6233,34,13,False
140113,OSF HEART OF MARY MEDICAL CENTER,URBANA,IL,Acute Care Hospitals,hospital_info,AMI,Heart attack,1.0443,12.9859,12.4352,114,17,False
140113,OSF HEART OF MARY MEDICAL CENTER,URBANA,IL,Acute Care Hospitals,hospital_info,CABG,Coronary artery bypass graft surgery,1.0841,11.7533,10.8415,,,True
140113,OSF HEART OF MARY MEDICAL CENTER,URBANA,IL,Acute Care Hospitals,hospital_info,COPD,Chronic obstructive pulmonary disease,1.0055,15.736,15.6491,,,True
140113,OSF HEART OF MARY MEDICAL CENTER,URBANA,IL,Acute Care Hospitals,hospital_info,HF,Heart failure,1.0316,18.6762,18.1036,154,31,False
140114,SWEDISH HOSPITAL,CHICAGO,IL,Acute Care Hospitals,hospital_info,AMI,Heart attack,1.0254,14.4766,14.1185,143,22,False
140114,SWEDISH HOSPITAL,CHICAGO,IL,Acute Care Hospitals,hospital_info,PN,Pneumonia,1.019,17.1994,16.8786,353,62,False
140115,THOREK MEMORIAL HOSPITAL,CHICAGO,IL,Acute Care Hospitals,hospital_info,PN,Pneumonia,1.0175,17.4854,17.1843,,,True
140116,NORTHWESTERN MEDICINE MCHENRY,MCHENRY,IL,Acute Care Hospitals,hospital_info,AMI,Heart attack,1.0632,14.0248,13.191,327,49,False
140116,NORTHWESTERN MEDICINE MCHENRY,MCHENRY,IL,Acute Care Hospitals,hospital_info,CABG,Coronary artery bypass graft surgery,1.1516,11.6058,10.0783,115,17,False
140116,NORTHWESTERN MEDICINE MCHENRY,MCHENRY,IL,Acute Care Hospitals,hospital_info,HIP-KNEE,Hip/knee replacement,1.079,6.6997,6.2091,330,23,False
140116,NORTHWESTERN MEDICINE MCHENRY,MCHENRY,IL,Acute Care Hospitals,hospital_info,PN,Pneumonia,1.0154,16.9709,16.7134,1137,194,False
140117,AMITA HEALTH RESURRECTION MEDICAL CENTER,CHICAGO,IL,Acute Care Hospitals,hospital_info,AMI,Heart attack,1.0193,15.2994,15.0091,170,27,False
140117,AMITA HEALTH RESURRECTION MEDICAL CENTER,CHICAGO,IL,Acute Care Hospitals,hospital_info,CABG,Coronary artery bypass graft surgery,1.0415,12.5811,12.0801,,,True
140117,AMITA HEALTH RESURRECTION MEDICAL CENTER,CHICAGO,IL,Acute Care Hospitals,hospital_info,HIP-KNEE,Hip/knee replacement,1.0617,7.1574,6.7417,,,True
140119,RUSH UNIVERSITY MEDICAL CENTER,CHICAGO,IL,Acute Care Hospitals,hospital_info,AMI,Heart attack,1.0783,19.0503,17.6674,141,31,False
140119,RUSH UNIVERSITY MEDICAL CENTER,CHICAGO,IL,Acute Care Hospitals,hospital_info,HF,Heart failure,1.0088,23.1518,22.9508,658,153,False
140120,CARLE HEALTH PEKIN HOSPITAL,PEKIN,IL,Acute Care Hospitals,hospital_info,HF,Heart failure,1.0057,18.1535,18.0512,130,24,False
140122,UCHICAGO MEDICINE ADVENTHEALTH HINSDALE,HINSDALE,IL,Acute Care Hospitals,hospital_info,COPD,Chronic obstructive pulmonary disease,1.004,18.4812,18.4068,112,21,False
140124,JOHN H STROGER JR HOSPITAL,CHICAGO,IL,Acute Care Hospitals,hospital_info,COPD,Chronic obstructive pulmonary disease,1.0356,23.4481,22.6429,52,15,False
140124,JOHN H STROGER JR HOSPITAL,CHICAGO,IL,Acute Care Hospitals,hospital_info,PN,Pneumonia,1.0489,17.5179,16.7015,50,12,False
140125,GATEWAY REGIONAL MEDICAL CENTER,GRANITE CITY,IL,Acute Care Hospitals,hospital_info,COPD,Chronic obstructive pulmonary disease,1.0066,16.7249,16.6149,,,True
140125,GATEWAY REGIONAL MEDICAL CENTER,GRANITE CITY,IL,Acute Care Hospitals,hospital_info,PN,Pneumonia,1.0043,14.8369,14.774,79,12,False
140127,CARLE BROMENN MEDICAL CENTER,NORMAL,IL,Acute Care Hospitals,hospital_info,AMI,Heart attack,1.0492,13.8172,13.1688,98,16,False
140127,CARLE BROMENN MEDICAL CENTER,NORMAL,IL,Acute Care Hospitals,hospital_info,CABG,Coronary artery bypass graft surgery,1.1807,12.8662,10.8968,,,True
140127,CARLE BROMENN MEDICAL CENTER,NORMAL,IL,Acute Care Hospitals,hospital_info,HF,Heart failure,1.035,20.3786,19.6885,341,72,False
140127,CARLE BROMENN MEDICAL CENTER,NORMAL,IL,Acute Care Hospitals,hospital_info,HIP-KNEE,Hip/knee replacement,1.5827,7.4284,4.6936,292,27,False
140127,CARLE BROMENN MEDICAL CENTER,NORMAL,IL,Acute Care Hospitals,hospital_info,PN,Pneumonia,1.0262,15.9192,15.513,297,49,False
140130,NORTHWESTERN LAKE FOREST HOSPITAL,LAKE FOREST,IL,Acute Care Hospitals,hospital_info,AMI,Heart attack,1.0561,14.1969,13.4423,100,17,False
140130,NORTHWESTERN LAKE FOREST HOSPITAL,LAKE FOREST,IL,Acute Care Hospitals,hospital_info,PN,Pneumonia,1.0336,17.2903,16.7277,467,83,False
140133,HOLY CROSS HOSPITAL,CHICAGO,IL,Acute Care Hospitals,hospital_info,COPD,Chronic obstructive pulmonary disease,1.0643,21.3773,20.0862,66,19,False
140135,DECATUR MEMORIAL HOSPITAL,DECATUR,IL,Acute Care Hospitals,hospital_info,COPD,Chronic obstructive pulmonary disease,1.0033,21.0108,20.9414,232,49,False
140148,MEMORIAL MEDICAL CENTER,SPRINGFIELD,IL,Acute Care Hospitals,hospital_info,AMI,Heart attack,1.0334,13.9195,13.4702,419,60,False
140148,MEMORIAL MEDICAL CENTER,SPRINGFIELD,IL,Acute Care Hospitals,hospital_info,HF,Heart failure,1.0456,20.4703,19.5779,585,123,False
140150,UNIVERSITY OF ILLINOIS HOSPITAL AND CLINICS,CHICAGO,IL,Acute Care Hospitals,hospital_info,AMI,Heart attack,1.0123,14.8904,14.7097,,,True
140150,UNIVERSITY OF ILLINOIS HOSPITAL AND CLINICS,CHICAGO,IL,Acute Care Hospitals,hospital_info,HF,Heart failure,1.0594,22.1065,20.8662,175,43,False
140150,UNIVERSITY OF ILLINOIS HOSPITAL AND CLINICS,CHICAGO,IL,Acute Care Hospitals,hospital_info,HIP-KNEE,Hip/knee replacement,1.1239,5.7194,5.0888,,,True
140158,INSIGHT HOSPITAL AND MEDICAL CENTER CHICAGO,CHICAGO,IL,Acute Care Hospitals,hospital_info,HF,Heart failure,1.0208,19.7763,19.3737,,,True
140158,INSIGHT HOSPITAL AND MEDICAL CENTER CHICAGO,CHICAGO,IL,Acute Care Hospitals,hospital_info,PN,Pneumonia,1.0218,16.709,16.3518,57,11,False
140160,FHN MEMORIAL HOSPITAL,FREEPORT,IL,Acute Care Hospitals,hospital_info,COPD,Chronic obstructive pulmonary disease,1.0012,16.5129,16.4939,,,True
140161,SAINT JAMES HOSPITAL,PONTIAC,IL,Acute Care Hospitals,hospital_info,HF,Heart failure,1.048,16.5976,15.8374,107,21,False
140161,SAINT JAMES HOSPITAL,PONTIAC,IL,Acute Care Hospitals,hospital_info,HIP-KNEE,Hip/knee replacement,1.0426,4.2525,4.0785,,,True
140162,ST JOSEPH MEDICAL CENTER,BLOOMINGTON,IL,Acute Care Hospitals,hospital_info,AMI,Heart attack,1.0035,10.9924,10.9544,144,16,False
140162,ST JOSEPH MEDICAL CENTER,BLOOMINGTON,IL,Acute Care Hospitals,hospital_info,COPD,Chronic obstructive pulmonary disease,1.0045,14.5779,14.5119,87,13,False
140162,ST JOSEPH MEDICAL CENTER,BLOOMINGTON,IL,Acute Care Hospitals,hospital_info,HF,Heart failure,1.104,18.9121,17.1308,386,80,False
140162,ST JOSEPH MEDICAL CENTER,BLOOMINGTON,IL,Acute Care Hospitals,hospital_info,HIP-KNEE,Hip/knee replacement,1.0983,5.2289,4.7607,,,True
140162,ST JOSEPH MEDICAL CENTER,BLOOMINGTON,IL,Acute Care Hospitals,hospital_info,PN,Pneumonia,1.0312,14.58,14.1391,336,51,False
140164,MEMORIAL HOSPITAL OF CARBONDALE,CARBONDALE,IL,Acute Care Hospitals,hospital_info,AMI,Heart attack,1.0711,13.783,12.8675,214,33,False
140164,MEMORIAL HOSPITAL OF CARBONDALE,CARBONDALE,IL,Acute Care Hospitals,hospital_info,CABG,Coronary artery bypass graft surgery,1.0349,9.5059,9.1856,,,True
140164,MEMORIAL HOSPITAL OF CARBONDALE,CARBONDALE,IL,Acute Care Hospitals,hospital_info,HF,Heart failure,1.0652,22.9106,21.5083,311,76,False
140166,ST MARYS HOSPITAL,DECATUR,IL,Acute Care Hospitals,hospital_info,AMI,Heart attack,1.019,14.1369,13.8735,78,12,False
140166,ST MARYS HOSPITAL,DECATUR,IL,Acute Care Hospitals,hospital_info,COPD,Chronic obstructive pulmonary disease,1.0467,20.1905,19.2904,97,23,False
140166,ST MARYS HOSPITAL,DECATUR,IL,Acute Care Hospitals,hospital_info,HF,Heart failure,1.0375,21.2766,20.5078,368,81,False
140166,ST MARYS HOSPITAL,DECATUR,IL,Acute Care Hospitals,hospital_info,PN,Pneumonia,1.1273,18.6315,16.5277,332,70,False
140172,FRANCISCAN HEALTH OLYMPIA & CHICAGO HEIGHTS,OLYMPIA FIELDS,IL,Acute Care Hospitals,hospital_info,AMI,Heart attack,1.0142,14.5366,14.3337,112,17,False
140172,FRANCISCAN HEALTH OLYMPIA & CHICAGO HEIGHTS,OLYMPIA FIELDS,IL,Acute Care Hospitals,hospital_info,COPD,Chronic obstructive pulmonary disease,1.0539,20.612,19.5584,126,30,False
140172,FRANCISCAN HEALTH OLYMPIA & CHICAGO HEIGHTS,OLYMPIA FIELDS,IL,Acute Care Hospitals,hospital_info,HF,Heart failure,1.0567,22.2428,21.0491,485,112,False
140172,FRANCISCAN HEALTH OLYMPIA & CHICAGO HEIGHTS,OLYMPIA FIELDS,IL,Acute Care Hospitals,hospital_info,HIP-KNEE,Hip/knee replacement,1.012,6.0073,5.9359,,,True
140172,FRANCISCAN HEALTH OLYMPIA & CHICAGO HEIGHTS,OLYMPIA FIELDS,IL,Acute Care Hospitals,hospital_info,PN,Pneumonia,1.0215,17.8811,17.505,305,56,False
140174,PRESENCE MERCY MEDICAL CENTER,AURORA,IL,Acute Care Hospitals,hospital_info,AMI,Heart attack,1.0591,15.5168,14.6506,71,14,False
140174,PRESENCE MERCY MEDICAL CENTER,AURORA,IL,Acute Care Hospitals,hospital_info,COPD,Chronic obstructive pulmonary disease,1.0883,19.0864,17.5381,51,16,False
140174,PRESENCE MERCY MEDICAL CENTER,AURORA,IL,Acute Care Hospitals,hospital_info,HF,Heart failure,1.0896,22.0302,20.2191,198,50,False
140177,JACKSON PARK HOSPITAL,CHICAGO,IL,Acute Care Hospitals,hospital_info,COPD,Chronic obstructive pulmonary disease,1.0474,28.001,26.7339,29,12,False
140177,JACKSON PARK HOSPITAL,CHICAGO,IL,Acute Care Hospitals,hospital_info,HF,Heart failure,1.0346,25.7291,24.8685,40,13,False
140179,OSF LITTLE COMPANY OF MARY MEDICAL CENTER,EVERGREEN PARK,IL,Acute Care Hospitals,hospital_info,AMI,Heart attack,1.1116,16.9259,15.226,91,21,False
140179,OSF LITTLE COMPANY OF MARY MEDICAL CENTER,EVERGREEN PARK,IL,Acute Care Hospitals,hospital_info,COPD,Chronic obstructive pulmonary disease,1.071,21.5163,20.0903,152,38,False
140179,OSF LITTLE COMPANY OF MARY MEDICAL CENTER,EVERGREEN PARK,IL,Acute Care Hospitals,hospital_info,HF,Heart failure,1.118,23.4025,20.9319,511,128,False
140179,OSF LITTLE COMPANY OF MARY MEDICAL CENTER,EVERGREEN PARK,IL,Acute Care Hospitals,hospital_info,PN,Pneumonia,1.0921,18.5357,16.9719,404,81,False
140180,PRESENCE SAINTS MARY AND ELIZABETH MEDICAL CENTER,CHICAGO,IL,Acute Care Hospitals,hospital_info,AMI,Heart attack,1.1225,17.9193,15.9639,32,12,False
140180,PRESENCE SAINTS MARY AND ELIZABETH MEDICAL CENTER,CHICAGO,IL,Acute Care Hospitals,hospital_info,COPD,Chronic obstructive pulmonary disease,1.0481,19.7906,18.8831,53,14,False
140180,PRESENCE SAINTS MARY AND ELIZABETH MEDICAL CENTER,CHICAGO,IL,Acute Care Hospitals,hospital_info,HF,Heart failure,1.0714,25.2457,23.5629,161,46,False
140181,SOUTH SHORE HOSPITAL,CHICAGO,IL,Acute Care Hospitals,hospital_info,PN,Pneumonia,1.0569,18.8173,17.8042,,,True
140182,ADVOCATE ILLINOIS MASONIC MEDICAL CENTER,CHICAGO,IL,Acute Care Hospitals,hospital_info,COPD,Chronic obstructive pulmonary disease,1.071,23.5663,22.005,45,16,False
140182,ADVOCATE ILLINOIS MASONIC MEDICAL CENTER,CHICAGO,IL,Acute Care Hospitals,hospital_info,HF,Heart failure,1.087,22.1097,20.3407,275,67,False
140184,HEARTLAND REGIONAL MEDICAL CENTER,MARION,IL,Acute Care Hospitals,hospital_info,COPD,Chronic obstructive pulmonary disease,1.0676,22.2118,20.8052,58,18,False
140184,HEARTLAND REGIONAL MEDICAL CENTER,MARION,IL,Acute Care Hospitals,hospital_info,HF,Heart failure,1.0795,22.0126,20.3911,115,31,False
140184,HEARTLAND REGIONAL MEDICAL CENTER,MARION,IL,Acute Care Hospitals,hospital_info,PN,Pneumonia,1.0589,16.65,15.7231,145,28,False
140185,MEMORIAL HOSPITAL,BELLEVILLE,IL,Acute Care Hospitals,hospital_info,AMI,Heart attack,1.0557,15.9867,15.1426,151,27,False
140185,MEMORIAL HOSPITAL,BELLEVILLE,IL,Acute Care Hospitals,hospital_info,CABG,Coronary artery bypass graft surgery,1.0754,13.0679,12.1521,,,True
140185,MEMORIAL HOSPITAL,BELLEVILLE,IL,Acute Care Hospitals,hospital_info,HIP-KNEE,Hip/knee replacement,1.0539,5.5944,5.3084,,,True
140185,MEMORIAL HOSPITAL,BELLEVILLE,IL,Acute Care Hospitals,hospital_info,PN,Pneumonia,1.0045,17.6192,17.5406,685,121,False
140186,RIVERSIDE MEDICAL CENTER,KANKAKEE,IL,Acute Care Hospitals,hospital_info,AMI,Heart attack,1.0113,14.2834,14.1235,115,17,False
140186,RIVERSIDE MEDICAL CENTER,KANKAKEE,IL,Acute Care Hospitals,hospital_info,CABG,Coronary artery bypass graft surgery,1.0218,10.8891,10.6566,,,True
140187,HSHS ST ELIZABETH'S HOSPITAL,O FALLON,IL,Acute Care Hospitals,hospital_info,AMI,Heart attack,1.0033,14.5561,14.5076,253,37,False
140187,HSHS ST ELIZABETH'S HOSPITAL,O FALLON,IL,Acute Care Hospitals,hospital_info,CABG,Coronary artery bypass graft surgery,1.0727,11.2482,10.4856,,,True
140187,HSHS ST ELIZABETH'S HOSPITAL,O FALLON,IL,Acute Care Hospitals,hospital_info,COPD,Chronic obstructive pulmonary disease,1.0145,19.6609,19.3795,86,18,False
140187,HSHS ST ELIZABETH'S HOSPITAL,O FALLON,IL,Acute Care Hospitals,hospital_info,HIP-KNEE,Hip/knee replacement,1.0493,6.7797,6.461,,,True
140189,SARAH BUSH LINCOLN HEALTH CENTER,MATTOON,IL,Acute Care Hospitals,hospital_info,HIP-KNEE,Hip/knee replacement,1.2592,7.0839,5.6259,301,24,False
140191,INGALLS MEMORIAL HOSPITAL,HARVEY,IL,Acute Care Hospitals,hospital_info,AMI,Heart attack,1.0176,12.8535,12.6314,,,True
140191,INGALLS MEMORIAL HOSPITAL,HARVEY,IL,Acute Care Hospitals,hospital_info,COPD,Chronic obstructive pulmonary disease,1.0108,18.407,18.211,88,17,False
140191,INGALLS MEMORIAL HOSPITAL,HARVEY,IL,Acute Care Hospitals,hospital_info,HF,Heart failure,1.1602,22.8411,19.6872,503,126,False
140191,INGALLS MEMORIAL HOSPITAL,HARVEY,IL,Acute Care Hospitals,hospital_info,HIP-KNEE,Hip/knee replacement,1.0527,6.4677,6.1436,,,True
140191,INGALLS MEMORIAL HOSPITAL,HARVEY,IL,Acute Care Hospitals,hospital_info,PN,Pneumonia,1.0243,18.4327,17.9959,170,33,False
140200,ELMHURST MEMORIAL HOSPITAL,ELMHURST,IL,Acute Care Hospitals,hospital_info,AMI,Heart attack,1.0617,14.3234,13.4908,181,29,False
140200,ELMHURST MEMORIAL HOSPITAL,ELMHURST,IL,Acute Care Hospitals,hospital_info,CABG,Coronary artery bypass graft surgery,1.0553,11.0409,10.4619,96,12,False
140200,ELMHURST MEMORIAL HOSPITAL,ELMHURST,IL,Acute Care Hospitals,hospital_info,HF,Heart failure,1.0958,20.6721,18.8646,1124,239,False
140200,ELMHURST MEMORIAL HOSPITAL,ELMHURST,IL,Acute Care Hospitals,hospital_info,HIP-KNEE,Hip/knee replacement,1.0717,5.0574,4.7193,894,46,False
140200,ELMHURST MEMORIAL HOSPITAL,ELMHURST,IL,Acute Care Hospitals,hospital_info,PN,Pneumonia,1.0571,16.8947,15.9815,759,132,False
140202,ADVOCATE CONDELL MEDICAL CENTER,LIBERTYVILLE,IL,Acute Care Hospitals,hospital_info,COPD,Chronic obstructive pulmonary disease,1.0198,18.93,18.5617,267,52,False
140202,ADVOCATE CONDELL MEDICAL CENTER,LIBERTYVILLE,IL,Acute Care Hospitals,hospital_info,PN,Pneumonia,1.1126,18.4188,16.5541,970,186,False
140206,HUMBOLDT PARK HEALTH,CHICAGO,IL,Acute Care Hospitals,hospital_info,COPD,Chronic obstructive pulmonary disease,1.0381,20.7001,19.9409,,,True
140206,HUMBOLDT PARK HEALTH,CHICAGO,IL,Acute Care Hospitals,hospital_info,HF,Heart failure,1.0385,23.6057,22.7308,47,14,False
140206,HUMBOLDT PARK HEALTH,CHICAGO,IL,Acute Care Hospitals,hospital_info,PN,Pneumonia,1.0431,17.1033,16.396,71,15,False
140208,ADVOCATE CHRIST HOSPITAL & MEDICAL CENTER,OAK LAWN,IL,Acute Care Hospitals,hospital_info,AMI,Heart attack,1.0854,17.3592,15.993,309,58,False
140208,ADVOCATE CHRIST HOSPITAL & MEDICAL CENTER,OAK LAWN,IL,Acute Care Hospitals,hospital_info,CABG,Coronary artery bypass graft surgery,1.1633,15.3363,13.1831,175,31,False
140208,ADVOCATE CHRIST HOSPITAL & MEDICAL CENTER,OAK LAWN,IL,Acute Care Hospitals,hospital_info,COPD,Chronic obstructive pulmonary disease,1.0502,21.4823,20.4548,243,56,False
140208,ADVOCATE CHRIST HOSPITAL & MEDICAL CENTER,OAK LAWN,IL,Acute Care Hospitals,hospital_info,HIP-KNEE,Hip/knee replacement,1.3511,7.9656,5.8958,169,17,False
140208,ADVOCATE CHRIST HOSPITAL & MEDICAL CENTER,OAK LAWN,IL,Acute Care Hospitals,hospital_info,PN,Pneumonia,1.1074,19.392,17.5111,572,118,False
140209,CARLE HEALTH METHODIST HOSPITAL,PEORIA,IL,Acute Care Hospitals,hospital_info,CABG,Coronary artery bypass graft surgery,1.0265,9.8721,9.6172,,,True
140209,CARLE HEALTH METHODIST HOSPITAL,PEORIA,IL,Acute Care Hospitals,hospital_info,COPD,Chronic obstructive pulmonary disease,1.0304,19.5834,19.0054,111,24,False
140209,CARLE HEALTH METHODIST HOSPITAL,PEORIA,IL,Acute Care Hospitals,hospital_info,HF,Heart failure,1.0891,21.6588,19.8867,345,81,False
140209,CARLE HEALTH METHODIST HOSPITAL,PEORIA,IL,Acute Care Hospitals,hospital_info,PN,Pneumonia,1.038,17.1999,16.5702,340,61,False
140210,HARRISBURG MEDICAL CENTER,HARRISBURG,IL,Acute Care Hospitals,hospital_info,PN,Pneumonia,1.0029,15.6661,15.6215,,,True
140211,NORTHWESTERN MEDICINE DELNOR COMMUNITY HOSPITAL,GENEVA,IL,Acute Care Hospitals,hospital_info,AMI,Heart attack,1.0379,12.2366,11.7898,132,18,False
140211,NORTHWESTERN MEDICINE DELNOR COMMUNITY HOSPITAL,GENEVA,IL,Acute Care Hospitals,hospital_info,COPD,Chronic obstructive pulmonary disease,1.01,17.6777,17.5036,126,23,False
140211,NORTHWESTERN MEDICINE DELNOR COMMUNITY HOSPITAL,GENEVA,IL,Acute Care Hospitals,hospital_info,HIP-KNEE,Hip/knee replacement,1.0701,8.1645,7.6297,,,True
140211,NORTHWESTERN MEDICINE DELNOR COMMUNITY HOSPITAL,GENEVA,IL,Acute Care Hospitals,hospital_info,PN,Pneumonia,1.004,15.751,15.6877,430,68,False
140213,SILVER CROSS HOSPITAL  AND MEDICAL CENTERS,NEW LENOX,IL,Acute Care Hospitals,hospital_info,COPD,Chronic obstructive pulmonary disease,1.0107,17.6623,17.4754,307,55,False
140213,SILVER CROSS HOSPITAL  AND MEDICAL CENTERS,NEW LENOX,IL,Acute Care Hospitals,hospital_info,HF,Heart failure,1.08,21.4202,19.8338,1136,249,False
140213,SILVER CROSS HOSPITAL  AND MEDICAL CENTERS,NEW LENOX,IL,Acute Care Hospitals,hospital_info,PN,Pneumonia,1.1266,18.3648,16.3015,1110,212,False
140217,SAINT JOSEPH HOSPITAL-ELGIN,ELGIN,IL,Acute Care Hospitals,hospital_info,AMI,Heart attack,1.0598,14.0316,13.2404,,,True
140217,SAINT JOSEPH HOSPITAL-ELGIN,ELGIN,IL,Acute Care Hospitals,hospital_info,HIP-KNEE,Hip/knee replacement,1.0288,6.9152,6.7219,,,True
140223,ADVOCATE LUTHERAN GENERAL HOSPITAL,PARK RIDGE,IL,Acute Care Hospitals,hospital_info,CABG,Coronary artery bypass graft surgery,1.1092,11.0492,9.961,75,11,False
140223,ADVOCATE LUTHERAN GENERAL HOSPITAL,PARK RIDGE,IL,Acute Care Hospitals,hospital_info,COPD,Chronic obstructive pulmonary disease,1.0067,19.7091,19.5777,175,35,False
140223,ADVOCATE LUTHERAN GENERAL HOSPITAL,PARK RIDGE,IL,Acute Care Hospitals,hospital_info,HIP-KNEE,Hip/knee replacement,1.1491,7.2137,6.2776,,,True
140223,ADVOCATE LUTHERAN GENERAL HOSPITAL,PARK RIDGE,IL,Acute Care Hospitals,hospital_info,PN,Pneumonia,1.0675,19.1477,17.9376,1099,215,False
140224,PRESENCE SAINT JOSEPH HOSPITAL - CHICAGO,CHICAGO,IL,Acute Care Hospitals,hospital_info,PN,Pneumonia,1.0152,16.649,16.3991,102,18,False
140228,UW HEALTH,ROCKFORD,IL,Acute Care Hospitals,hospital_info,AMI,Heart attack,1.1322,14.2086,12.5499,167,30,False
140228,UW HEALTH,ROCKFORD,IL,Acute Care Hospitals,hospital_info,CABG,Coronary artery bypass graft surgery,1.1145,12.5273,11.2401,65,11,False
140228,UW HEALTH,ROCKFORD,IL,Acute Care Hospitals,hospital_info,COPD,Chronic obstructive pulmonary disease,1.0235,18.478,18.0543,153,30,False
140228,UW HEALTH,ROCKFORD,IL,Acute Care Hospitals,hospital_info,HF,Heart failure,1.1372,22.8594,20.1006,435,109,False
140228,UW HEALTH,ROCKFORD,IL,Acute Care Hospitals,hospital_info,PN,Pneumonia,1.0209,16.3837,16.0482,492,82,False
140231,EDWARD HOSPITAL,NAPERVILLE,IL,Acute Care Hospitals,hospital_info,AMI,Heart attack,1.0982,14.1698,12.9026,213,35,False
140231,EDWARD HOSPITAL,NAPERVILLE,IL,Acute Care Hospitals,hospital_info,CABG,Coronary artery bypass graft surgery,1.0747,10.2938,9.5781,118,14,False
140231,EDWARD HOSPITAL,NAPERVILLE,IL,Acute Care Hospitals,hospital_info,COPD,Chronic obstructive pulmonary disease,1.0681,20.0781,18.7988,294,64,False
140231,EDWARD HOSPITAL,NAPERVILLE,IL,Acute Care Hospitals,hospital_info,HF,Heart failure,1.0381,20.682,19.9232,1065,223,False
140231,EDWARD HOSPITAL,NAPERVILLE,IL,Acute Care Hospitals,hospital_info,HIP-KNEE,Hip/knee replacement,1.1499,5.634,4.8995,309,19,False
140233,SAINT ANTHONY MEDICAL CENTER,ROCKFORD,IL,Acute Care Hospitals,hospital_info,AMI,Heart attack,1.0095,13.4237,13.297,205,28,False
140233,SAINT ANTHONY MEDICAL CENTER,ROCKFORD,IL,Acute Care Hospitals,hospital_info,CABG,Coronary artery bypass graft surgery,1.1934,13.1183,10.9926,79,15,False
140233,SAINT ANTHONY MEDICAL CENTER,ROCKFORD,IL,Acute Care Hospitals,hospital_info,HF,Heart failure,1.0249,19.5031,19.0287,519,103,False
140233,SAINT ANTHONY MEDICAL CENTER,ROCKFORD,IL,Acute Care Hospitals,hospital_info,HIP-KNEE,Hip/knee replacement,1.3518,6.9935,5.1734,150,14,False
140233,SAINT ANTHONY MEDICAL CENTER,ROCKFORD,IL,Acute Care Hospitals,hospital_info,PN,Pneumonia,1.0897,17.7986,16.3329,484,92,False
140242,NORTHWESTERN MEDICINE CENTRAL DUPAGE HOSPITAL,WINFIELD,IL,Acute Care Hospitals,hospital_info,COPD,Chronic obstructive pulmonary disease,1.0129,16.9673,16.7516,189,33,False
140242,NORTHWESTERN MEDICINE CENTRAL DUPAGE HOSPITAL,WINFIELD,IL,Acute Care Hospitals,hospital_info,PN,Pneumonia,1.0594,17.2388,16.2725,685,122,False
140251,COMMUNITY FIRST MEDICAL CENTER,CHICAGO,IL,Acute Care Hospitals,hospital_info,HF,Heart failure,1.0346,22.2223,21.479,191,45,False
140252,NORTHWEST COMMUNITY HOSPITAL 1,ARLINGTON HEIGHTS,IL,Acute Care Hospitals,hospital_info,AMI,Heart attack,1.1094,14.0104,12.6284,312,49,False
140252,NORTHWEST COMMUNITY HOSPITAL 1,ARLINGTON HEIGHTS,IL,Acute Care Hospitals,hospital_info,CABG,Coronary artery bypass graft surgery,1.0657,10.5209,9.8726,127,15,False
140252,NORTHWEST COMMUNITY HOSPITAL 1,ARLINGTON HEIGHTS,IL,Acute Care Hospitals,hospital_info,COPD,Chronic obstructive pulmonary disease,1.0155,17.7993,17.528,297,54,False
140258,ALEXIAN BROTHERS MEDICAL CENTER 1,ELK GROVE VILLAGE,IL,Acute Care Hospitals,hospital_info,AMI,Heart attack,1.0179,13.7676,13.5251,175,25,False
140258,ALEXIAN BROTHERS MEDICAL CENTER 1,ELK GROVE VILLAGE,IL,Acute Care Hospitals,hospital_info,COPD,Chronic obstructive pulmonary disease,1.081,19.2221,17.7814,136,32,False
140258,ALEXIAN BROTHERS MEDICAL CENTER 1,ELK GROVE VILLAGE,IL,Acute Care Hospitals,hospital_info,HF,Heart failure,1.032,20.6934,20.0513,791,166,False
140258,ALEXIAN BROTHERS MEDICAL CENTER 1,ELK GROVE VILLAGE,IL,Acute Care Hospitals,hospital_info,HIP-KNEE,Hip/knee replacement,1.0648,5.5184,5.1824,295,17,False
140258,ALEXIAN BROTHERS MEDICAL CENTER 1,ELK GROVE VILLAGE,IL,Acute Care Hospitals,hospital_info,PN,Pneumonia,1.0148,16.8974,16.6512,580,99,False
140276,LOYOLA UNIVERSITY MEDICAL CENTER,MAYWOOD,IL,Acute Care Hospitals,hospital_info,AMI,Heart attack,1.0697,17.0399,15.9293,149,29,False
140276,LOYOLA UNIVERSITY MEDICAL CENTER,MAYWOOD,IL,Acute Care Hospitals,hospital_info,CABG,Coronary artery bypass graft surgery,1.0641,12.0913,11.3625,127,17,False
140276,LOYOLA UNIVERSITY MEDICAL CENTER,MAYWOOD,IL,Acute Care Hospitals,hospital_info,COPD,Chronic obstructive pulmonary disease,1.1036,21.2224,19.2295,82,25,False
140276,LOYOLA UNIVERSITY MEDICAL CENTER,MAYWOOD,IL,Acute Care Hospitals,hospital_info,HIP-KNEE,Hip/knee replacement,1.0243,6.0294,5.8864,,,True
140276,LOYOLA UNIVERSITY MEDICAL CENTER,MAYWOOD,IL,Acute Care Hospitals,hospital_info,PN,Pneumonia,1.0261,16.9003,16.4709,250,44,False
140280,TRINITY ROCK ISLAND,ROCK ISLAND,IL,Acute Care Hospitals,hospital_info,AMI,Heart attack,1.0146,11.2975,11.1352,215,25,False
140280,TRINITY ROCK ISLAND,ROCK ISLAND,IL,Acute Care Hospitals,hospital_info,COPD,Chronic obstructive pulmonary disease,1.0076,16.5088,16.3843,136,23,False
140280,TRINITY ROCK ISLAND,ROCK ISLAND,IL,Acute Care Hospitals,hospital_info,HIP-KNEE,Hip/knee replacement,1.107,4.9966,4.5136,,,True
140280,TRINITY ROCK ISLAND,ROCK ISLAND,IL,Acute Care Hospitals,hospital_info,PN,Pneumonia,1.1355,17.0853,15.0465,436,83,False
140281,NORTHWESTERN MEMORIAL HOSPITAL,CHICAGO,IL,Acute Care Hospitals,hospital_info,COPD,Chronic obstructive pulmonary disease,1.0843,23.2836,21.4724,174,47,False
140281,NORTHWESTERN MEMORIAL HOSPITAL,CHICAGO,IL,Acute Care Hospitals,hospital_info,HIP-KNEE,Hip/knee replacement,1.0332,5.7315,5.5474,482,28,False
140281,NORTHWESTERN MEMORIAL HOSPITAL,CHICAGO,IL,Acute Care Hospitals,hospital_info,PN,Pneumonia,1.0415,18.7412,17.9948,796,152,False
140286,NORTHWESTERN MEDICINE KISHWAUKEE HOSPITAL,DEKALB,IL,Acute Care Hospitals,hospital_info,COPD,Chronic obstructive pulmonary disease,1.0364,19.4529,18.7691,125,27,False
140288,ADVOCATE GOOD SAMARITAN HOSPITAL,DOWNERS GROVE,IL,Acute Care Hospitals,hospital_info,CABG,Coronary artery bypass graft surgery,1.0624,10.9617,10.3181,159,19,False
140288,ADVOCATE GOOD SAMARITAN HOSPITAL,DOWNERS GROVE,IL,Acute Care Hospitals,hospital_info,HF,Heart failure,1.0494,20.5386,19.5711,942,197,False
140288,ADVOCATE GOOD SAMARITAN HOSPITAL,DOWNERS GROVE,IL,Acute Care Hospitals,hospital_info,HIP-KNEE,Hip/knee replacement,1.0514,6.2276,5.9231,,,True
140289,ANDERSON HOSPITAL,MARYVILLE,IL,Acute Care Hospitals,hospital_info,AMI,Heart attack,1.0316,12.805,12.4127,,,True
140289,ANDERSON HOSPITAL,MARYVILLE,IL,Acute Care Hospitals,hospital_info,COPD,Chronic obstructive pulmonary disease,1.0629,18.8739,17.7568,98,23,False
140289,ANDERSON HOSPITAL,MARYVILLE,IL,Acute Care Hospitals,hospital_info,HIP-KNEE,Hip/knee replacement,1.0142,6.3326,6.2439,,,True
140289,ANDERSON HOSPITAL,MARYVILLE,IL,Acute Care Hospitals,hospital_info,PN,Pneumonia,1.0639,16.5761,15.5811,337,60,False
140290,ST ALEXIUS MEDICAL CENTER,HOFFMAN ESTATES,IL,Acute Care Hospitals,hospital_info,PN,Pneumonia,1.0605,19.3821,18.2771,443,90,False
140291,ADVOCATE GOOD SHEPHERD HOSPITAL,BARRINGTON,IL,Acute Care Hospitals,hospital_info,CABG,Coronary artery bypass graft surgery,1.1049,11.9518,10.8173,112,16,False
140291,ADVOCATE GOOD SHEPHERD HOSPITAL,BARRINGTON,IL,Acute Care Hospitals,hospital_info,COPD,Chronic obstructive pulmonary disease,1.0318,18.7137,18.1365,180,36,False
140291,ADVOCATE GOOD SHEPHERD HOSPITAL,BARRINGTON,IL,Acute Care Hospitals,hospital_info,HIP-KNEE,Hip/knee replacement,1.1967,6.8512,5.725,,,True
140291,ADVOCATE GOOD SHEPHERD HOSPITAL,BARRINGTON,IL,Acute Care Hospitals,hospital_info,PN,Pneumonia,1.0502,17.3887,16.558,740,132,False
140292,UCHICAGO MEDICINE ADVENTHEALTH GLENOAKS,GLENDALE HEIGHTS,IL,Acute Care Hospitals,hospital_info,AMI,Heart attack,1.0217,15.5253,15.1959,,,True
140292,UCHICAGO MEDICINE ADVENTHEALTH GLENOAKS,GLENDALE HEIGHTS,IL,Acute Care Hospitals,hospital_info,COPD,Chronic obstructive pulmonary disease,1.0278,21.9026,21.3107,45,12,False
140292,UCHICAGO MEDICINE ADVENTHEALTH GLENOAKS,GLENDALE HEIGHTS,IL,Acute Care Hospitals,hospital_info,HF,Heart failure,1.0313,19.9407,19.3352,89,20,False
140292,UCHICAGO MEDICINE ADVENTHEALTH GLENOAKS,GLENDALE HEIGHTS,IL,Acute Care Hospitals,hospital_info,PN,Pneumonia,1.0159,16.2711,16.0167,141,24,False
140294,DEACONESS ILLINOIS CROSSROADS,MOUNT VERNON,IL,Acute Care Hospitals,hospital_info,PN,Pneumonia,1.0384,14.7122,14.1679,58,11,False
140304,UCHICAGO MEDICINE ADVENTHEALTH BOLINGBROOK,BOLINGBROOK,IL,Acute Care Hospitals,hospital_info,COPD,Chronic obstructive pulmonary disease,1.0608,19.6858,18.5581,69,18,False
140304,UCHICAGO MEDICINE ADVENTHEALTH BOLINGBROOK,BOLINGBROOK,IL,Acute Care Hospitals,hospital_info,HF,Heart failure,1.0177,21.4166,21.0451,204,45,False
140304,UCHICAGO MEDICINE ADVENTHEALTH BOLINGBROOK,BOLINGBROOK,IL,Acute Care Hospitals,hospital_info,PN,Pneumonia,1.0049,16.8408,16.7593,194,33,False
150001,JOHNSON MEMORIAL HOSPITAL,FRANKLIN,IN,Acute Care Hospitals,hospital_info,HF,Heart failure,1.0198,16.8929,16.5653,128,23,False
150002,METHODIST HOSPITALS INC,GARY,IN,Acute Care Hospitals,hospital_info,AMI,Heart attack,1.1299,17.7543,15.7137,93,23,False
150002,METHODIST HOSPITALS INC,GARY,IN,Acute Care Hospitals,hospital_info,COPD,Chronic obstructive pulmonary disease,1.0492,18.9183,18.0313,145,31,False
150002,METHODIST HOSPITALS INC,GARY,IN,Acute Care Hospitals,hospital_info,HF,Heart failure,1.1072,22.2562,20.1014,402,97,False
150002,METHODIST HOSPITALS INC,GARY,IN,Acute Care Hospitals,hospital_info,PN,Pneumonia,1.0551,18.2588,17.3054,303,59,False
150005,HENDRICKS REGIONAL HEALTH,DANVILLE,IN,Acute Care Hospitals,hospital_info,HF,Heart failure,1.0066,18.8102,18.687,258,49,False
150005,HENDRICKS REGIONAL HEALTH,DANVILLE,IN,Acute Care Hospitals,hospital_info,HIP-KNEE,Hip/knee replacement,1.0263,6.7276,6.5554,,,True
150006,NORTHWEST HEALTH-LA PORTE,LA PORTE,IN,Acute Care Hospitals,hospital_info,COPD,Chronic obstructive pulmonary disease,1.0419,19.2673,18.4933,114,25,False
150006,NORTHWEST HEALTH-LA PORTE,LA PORTE,IN,Acute Care Hospitals,hospital_info,HF,Heart failure,1.0631,20.3905,19.1809,248,55,False
150006,NORTHWEST HEALTH-LA PORTE,LA PORTE,IN,Acute Care Hospitals,hospital_info,PN,Pneumonia,1.1262,17.623,15.648,312,63,False
150008,ST CATHERINE HOSPITAL INC,EAST CHICAGO,IN,Acute Care Hospitals,hospital_info,COPD,Chronic obstructive pulmonary disease,1.0845,21.2983,19.6384,65,20,False
150009,NORTON CLARK HOSPITAL,JEFFERSONVILLE,IN,Acute Care Hospitals,hospital_info,COPD,Chronic obstructive pulmonary disease,1.0199,20.905,20.4976,141,31,False
150010,ASCENSION ST VINCENT KOKOMO,KOKOMO,IN,Acute Care Hospitals,hospital_info,HIP-KNEE,Hip/knee replacement,1.1001,5.9576,5.4155,,,True
150010,ASCENSION ST VINCENT KOKOMO,KOKOMO,IN,Acute Care Hospitals,hospital_info,PN,Pneumonia,1.0316,16.0677,15.5753,180,31,False
150011,MARION GENERAL HOSPITAL,MARION,IN,Acute Care Hospitals,hospital_info,COPD,Chronic obstructive pulmonary disease,1.0828,18.9573,17.507,101,25,False
150011,MARION GENERAL HOSPITAL,MARION,IN,Acute Care Hospitals,hospital_info,HF,Heart failure,1.0166,18.54,18.2375,231,44,False
150012,SAINT JOSEPH REGIONAL MEDICAL CENTER,MISHAWAKA,IN,Acute Care Hospitals,hospital_info,HF,Heart failure,1.0549,19.6848,18.6608,458,94,False
150012,SAINT JOSEPH REGIONAL MEDICAL CENTER,MISHAWAKA,IN,Acute Care Hospitals,hospital_info,HIP-KNEE,Hip/knee replacement,1.033,6.588,6.3777,,,True
150015,FRANCISCAN HEALTH MICHIGAN CITY,MICHIGAN CITY,IN,Acute Care Hospitals,hospital_info,AMI,Heart attack,1.1842,15.4396,13.0376,125,28,False
150015,FRANCISCAN HEALTH MICHIGAN CITY,MICHIGAN CITY,IN,Acute Care Hospitals,hospital_info,COPD,Chronic obstructive pulmonary disease,1.0274,18.2467,17.7606,93,19,False
150015,FRANCISCAN HEALTH MICHIGAN CITY,MICHIGAN CITY,IN,Acute Care Hospitals,hospital_info,HF,Heart failure,1.0378,20.5032,19.7567,333,71,False
150015,FRANCISCAN HEALTH MICHIGAN CITY,MICHIGAN CITY,IN,Acute Care Hospitals,hospital_info,HIP-KNEE,Hip/knee replacement,1.1242,6.3045,5.608,,,True
150015,FRANCISCAN HEALTH MICHIGAN CITY,MICHIGAN CITY,IN,Acute Care Hospitals,hospital_info,PN,Pneumonia,1.0541,16.9765,16.1057,362,65,False
150017,LUTHERAN HOSPITAL OF INDIANA,FORT WAYNE,IN,Acute Care Hospitals,hospital_info,CABG,Coronary artery bypass graft surgery,1.0566,10.7278,10.1533,,,True
150018,ELKHART GENERAL HOSPITAL,ELKHART,IN,Acute Care Hospitals,hospital_info,CABG,Coronary artery bypass graft surgery,1.0319,10.9738,10.6346,111,13,False
150018,ELKHART GENERAL HOSPITAL,ELKHART,IN,Acute Care Hospitals,hospital_info,HF,Heart failure,1.0517,19.5972,18.6332,303,63,False
150018,ELKHART GENERAL HOSPITAL,ELKHART,IN,Acute Care Hospitals,hospital_info,HIP-KNEE,Hip/knee replacement,1.0031,6.05,6.0313,,,True
150021,PARKVIEW REGIONAL MEDICAL CENTER,FORT WAYNE,IN,Acute Care Hospitals,hospital_info,CABG,Coronary artery bypass graft surgery,1.0355,10.1535,9.8053,129,14,False
150021,PARKVIEW REGIONAL MEDICAL CENTER,FORT WAYNE,IN,Acute Care Hospitals,hospital_info,COPD,Chronic obstructive pulmonary disease,1.0904,19.6502,18.0214,247,55,False
150021,PARKVIEW REGIONAL MEDICAL CENTER,FORT WAYNE,IN,Acute Care Hospitals,hospital_info,HF,Heart failure,1.0275,20.4967,19.9475,727,151,False
150022,FRANCISCAN HEALTH CRAWFORDSVILLE,CRAWFORDSVILLE,IN,Acute Care Hospitals,hospital_info,PN,Pneumonia,1.0408,16.7998,16.1419,103,20,False
150023,UNION HOSPITAL INC,TERRE HAUTE,IN,Acute Care Hospitals,hospital_info,HF,Heart failure,1.1008,23.3843,21.2427,803,195,False
150023,UNION HOSPITAL INC,TERRE HAUTE,IN,Acute Care Hospitals,hospital_info,HIP-KNEE,Hip/knee replacement,1.3349,9.5595,7.1612,,,True
150023,UNION HOSPITAL INC,TERRE HAUTE,IN,Acute Care Hospitals,hospital_info,PN,Pneumonia,1.0877,18.6535,17.1497,934,180,False
150024,ESKENAZI HEALTH,INDIANAPOLIS,IN,Acute Care Hospitals,hospital_info,AMI,Heart attack,1.0242,15.1557,14.797,,,True
150024,ESKENAZI HEALTH,INDIANAPOLIS,IN,Acute Care Hospitals,hospital_info,COPD,Chronic obstructive pulmonary disease,1.024,20.2486,19.7731,90,20,False
150024,ESKENAZI HEALTH,INDIANAPOLIS,IN,Acute Care Hospitals,hospital_info,HF,Heart failure,1.0196,20.7039,20.3058,167,36,False
150024,ESKENAZI HEALTH,INDIANAPOLIS,IN,Acute Care Hospitals,hospital_info,PN,Pneumonia,1.0681,19.933,18.6618,92,23,False
150026,GOSHEN HOSPITAL,GOSHEN,IN,Acute Care Hospitals,hospital_info,AMI,Heart attack,1.0304,12.3674,12.0025,85,12,False
150030,HENRY COUNTY MEMORIAL HOSPITAL,NEW CASTLE,IN,Acute Care Hospitals,hospital_info,COPD,Chronic obstructive pulmonary disease,1.0599,19.7734,18.6556,89,22,False
150030,HENRY COUNTY MEMORIAL HOSPITAL,NEW CASTLE,IN,Acute Care Hospitals,hospital_info,PN,Pneumonia,1.0486,13.5272,12.9007,155,24,False
150034,ST MARY MEDICAL CENTER INC,HOBART,IN,Acute Care Hospitals,hospital_info,AMI,Heart attack,1.0022,13.2914,13.2617,112,15,False
150034,ST MARY MEDICAL CENTER INC,HOBART,IN,Acute Care Hospitals,hospital_info,CABG,Coronary artery bypass graft surgery,1.18,14.04,11.8987,61,13,False
150034,ST MARY MEDICAL CENTER INC,HOBART,IN,Acute Care Hospitals,hospital_info,HF,Heart failure,1.0165,21.0752,20.7325,464,99,False
150035,NORTHWEST HEALTH - PORTER,VALPARAISO,IN,Acute Care Hospitals,hospital_info,HF,Heart failure,1.0894,22.5248,20.6764,611,144,False
150035,NORTHWEST HEALTH - PORTER,VALPARAISO,IN,Acute Care Hospitals,hospital_info,HIP-KNEE,Hip/knee replacement,1.209,7.1595,5.9218,,,True
150037,HANCOCK REGIONAL HOSPITAL,GREENFIELD,IN,Acute Care Hospitals,hospital_info,COPD,Chronic obstructive pulmonary disease,1.0356,19.0157,18.3624,144,30,False
150037,HANCOCK REGIONAL HOSPITAL,GREENFIELD,IN,Acute Care Hospitals,hospital_info,HF,Heart failure,1.0154,17.3553,17.0918,86,16,False
150042,GOOD SAMARITAN HOSPITAL,VINCENNES,IN,Acute Care Hospitals,hospital_info,HF,Heart failure,1.0809,19.3955,17.9434,322,68,False
150042,GOOD SAMARITAN HOSPITAL,VINCENNES,IN,Acute Care Hospitals,hospital_info,PN,Pneumonia,1.0677,15.286,14.3169,397,65,False
150044,BAPTIST HEALTH FLOYD,NEW ALBANY,IN,Acute Care Hospitals,hospital_info,COPD,Chronic obstructive pulmonary disease,1.0262,20.864,20.3308,326,70,False
150044,BAPTIST HEALTH FLOYD,NEW ALBANY,IN,Acute Care Hospitals,hospital_info,PN,Pneumonia,1.059,18.3289,17.3075,835,157,False
150045,PARKVIEW DEKALB HOSPITAL,AUBURN,IN,Acute Care Hospitals,hospital_info,COPD,Chronic obstructive pulmonary disease,1.0437,15.7846,15.1239,,,True
150045,PARKVIEW DEKALB HOSPITAL,AUBURN,IN,Acute Care Hospitals,hospital_info,HF,Heart failure,1.0469,18.9395,18.0916,62,15,False
150045,PARKVIEW DEKALB HOSPITAL,AUBURN,IN,Acute Care Hospitals,hospital_info,PN,Pneumonia,1.0042,13.8993,13.8412,,,True
150046,TERRE HAUTE REGIONAL HOSPITAL,TERRE HAUTE,IN,Acute Care Hospitals,hospital_info,AMI,Heart attack,1.0374,13.8179,13.3201,124,19,False
150046,TERRE HAUTE REGIONAL HOSPITAL,TERRE HAUTE,IN,Acute Care Hospitals,hospital_info,CABG,Coronary artery bypass graft surgery,1.0583,15.172,14.3358,,,True
150046,TERRE HAUTE REGIONAL HOSPITAL,TERRE HAUTE,IN,Acute Care Hospitals,hospital_info,COPD,Chronic obstructive pulmonary disease,1.0787,17.5236,16.2457,66,17,False
150046,TERRE HAUTE REGIONAL HOSPITAL,TERRE HAUTE,IN,Acute Care Hospitals,hospital_info,HF,Heart failure,1.087,21.9985,20.2384,172,44,False
150046,TERRE HAUTE REGIONAL HOSPITAL,TERRE HAUTE,IN,Acute Care Hospitals,hospital_info,PN,Pneumonia,1.074,18.3178,17.0557,219,45,False
150047,"ST JOSEPH HEALTH SYSTEM, LLC",FORT WAYNE,IN,Acute Care Hospitals,hospital_info,PN,Pneumonia,1.0084,15.7301,15.5992,,,True
150048,REID HEALTH,RICHMOND,IN,Acute Care Hospitals,hospital_info,AMI,Heart attack,1.0561,14.365,13.6017,245,38,False
150048,REID HEALTH,RICHMOND,IN,Acute Care Hospitals,hospital_info,HIP-KNEE,Hip/knee replacement,1.2592,10.4707,8.3153,,,True
150048,REID HEALTH,RICHMOND,IN,Acute Care Hospitals,hospital_info,PN,Pneumonia,1.0584,17.0754,16.1339,651,115,False
150056,INDIANA UNIVERSITY HEALTH,INDIANAPOLIS,IN,Acute Care Hospitals,hospital_info,CABG,Coronary artery bypass graft surgery,1.1148,11.2115,10.0571,82,12,False
150057,FRANCISCAN HEALTH MOORESVILLE,MOORESVILLE,IN,Acute Care Hospitals,hospital_info,COPD,Chronic obstructive pulmonary disease,1.0189,16.2467,15.9446,,,True
150057,FRANCISCAN HEALTH MOORESVILLE,MOORESVILLE,IN,Acute Care Hospitals,hospital_info,PN,Pneumonia,1.0439,14.8858,14.2599,176,29,False
150058,MEMORIAL HOSPITAL OF SOUTH BEND,SOUTH BEND,IN,Acute Care Hospitals,hospital_info,COPD,Chronic obstructive pulmonary disease,1.103,19.2929,17.4907,206,47,False
150059,RIVERVIEW HEALTH,NOBLESVILLE,IN,Acute Care Hospitals,hospital_info,COPD,Chronic obstructive pulmonary disease,1.0429,18.2646,17.5125,109,23,False
150059,RIVERVIEW HEALTH,NOBLESVILLE,IN,Acute Care Hospitals,hospital_info,PN,Pneumonia,1.0469,14.9945,14.3224,200,33,False
150069,NORTON-KING'S DAUGHTERS' HEALTH,MADISON,IN,Acute Care Hospitals,hospital_info,COPD,Chronic obstructive pulmonary disease,1.0192,16.1657,15.8611,72,13,False
150069,NORTON-KING'S DAUGHTERS' HEALTH,MADISON,IN,Acute Care Hospitals,hospital_info,HF,Heart failure,1.0175,18.922,18.5971,115,23,False
150074,COMMUNITY HOSPITAL EAST,INDIANAPOLIS,IN,Acute Care Hospitals,hospital_info,AMI,Heart attack,1.1367,13.932,12.2565,291,47,False
150074,COMMUNITY HOSPITAL EAST,INDIANAPOLIS,IN,Acute Care Hospitals,hospital_info,COPD,Chronic obstructive pulmonary disease,1.0161,18.7991,18.5005,132,26,False
150074,COMMUNITY HOSPITAL EAST,INDIANAPOLIS,IN,Acute Care Hospitals,hospital_info,HF,Heart failure,1.0814,20.6803,19.1229,577,125,False
150075,BLUFFTON REGIONAL MEDICAL CENTER,BLUFFTON,IN,Acute Care Hospitals,hospital_info,COPD,Chronic obstructive pulmonary disease,1.0167,18.3563,18.0553,,,True
150076,SAINT JOSEPH REGIONAL MEDICAL CENTER - PLYMOUTH,PLYMOUTH,IN,Acute Care Hospitals,hospital_info,COPD,Chronic obstructive pulmonary disease,1.0022,16.7049,16.6688,,,True
150082,DEACONESS HOSPITAL INC,EVANSVILLE,IN,Acute Care Hospitals,hospital_info,CABG,Coronary artery bypass graft surgery,1.1139,9.9064,8.8931,164,19,False
150082,DEACONESS HOSPITAL INC,EVANSVILLE,IN,Acute Care Hospitals,hospital_info,HF,Heart failure,1.0949,21.0854,19.2579,1472,317,False
150082,DEACONESS HOSPITAL INC,EVANSVILLE,IN,Acute Care Hospitals,hospital_info,HIP-KNEE,Hip/knee replacement,1.2025,8.4125,6.996,188,18,False
150084,ASCENSION ST VINCENT HOSPITAL,INDIANAPOLIS,IN,Acute Care Hospitals,hospital_info,AMI,Heart attack,1.0345,14.8769,14.3808,116,19,False
150084,ASCENSION ST VINCENT HOSPITAL,INDIANAPOLIS,IN,Acute Care Hospitals,hospital_info,CABG,Coronary artery bypass graft surgery,1.006,9.6953,9.6374,,,True
150084,ASCENSION ST VINCENT HOSPITAL,INDIANAPOLIS,IN,Acute Care Hospitals,hospital_info,HF,Heart failure,1.0425,21.3655,20.4945,566,124,False
150084,ASCENSION ST VINCENT HOSPITAL,INDIANAPOLIS,IN,Acute Care Hospitals,hospital_info,HIP-KNEE,Hip/knee replacement,1.0879,9.8348,9.0398,,,True
150086,ST ELIZABETH DEARBORN HOSPITAL,LAWRENCEBURG,IN,Acute Care Hospitals,hospital_info,COPD,Chronic obstructive pulmonary disease,1.0501,21.4069,20.3847,99,25,False
150086,ST ELIZABETH DEARBORN HOSPITAL,LAWRENCEBURG,IN,Acute Care Hospitals,hospital_info,HF,Heart failure,1.0142,20.9531,20.6592,143,31,False
150088,ASCENSION ST VINCENT ANDERSON,ANDERSON,IN,Acute Care Hospitals,hospital_info,COPD,Chronic obstructive pulmonary disease,1.0217,22.3652,21.8892,55,14,False
150088,ASCENSION ST VINCENT ANDERSON,ANDERSON,IN,Acute Care Hospitals,hospital_info,HF,Heart failure,1.0832,20.8102,19.2109,116,30,False
150088,ASCENSION ST VINCENT ANDERSON,ANDERSON,IN,Acute Care Hospitals,hospital_info,PN,Pneumonia,1.0289,16.2027,15.7476,198,34,False
150089,INDIANA UNIVERSITY HEALTH BALL MEMORIAL HOSPITAL,MUNCIE,IN,Acute Care Hospitals,hospital_info,AMI,Heart attack,1.0911,14.6181,13.3978,195,33,False
150089,INDIANA UNIVERSITY HEALTH BALL MEMORIAL HOSPITAL,MUNCIE,IN,Acute Care Hospitals,hospital_info,HF,Heart failure,1.1092,21.8577,19.7062,665,153,False
150090,FRANCISCAN HEALTH DYER,DYER,IN,Acute Care Hospitals,hospital_info,AMI,Heart attack,1.0515,16.4881,15.6805,99,19,False
150090,FRANCISCAN HEALTH DYER,DYER,IN,Acute Care Hospitals,hospital_info,COPD,Chronic obstructive pulmonary disease,1.0087,20.9486,20.7685,78,17,False
150090,FRANCISCAN HEALTH DYER,DYER,IN,Acute Care Hospitals,hospital_info,HF,Heart failure,1.0383,22.9921,22.1435,341,81,False
150091,PARKVIEW HUNTINGTON HOSPITAL,HUNTINGTON,IN,Acute Care Hospitals,hospital_info,PN,Pneumonia,1.1131,15.0983,13.5638,73,18,False
150097,MAJOR HOSPITAL,SHELBYVILLE,IN,Acute Care Hospitals,hospital_info,COPD,Chronic obstructive pulmonary disease,1.0301,20.1877,19.5973,78,18,False
150097,MAJOR HOSPITAL,SHELBYVILLE,IN,Acute Care Hospitals,hospital_info,HF,Heart failure,1.0276,22.2847,21.6857,103,25,False
150100,ASCENSION ST VINCENT EVANSVILLE,EVANSVILLE,IN,Acute Care Hospitals,hospital_info,AMI,Heart attack,1.0399,13.4242,12.9095,179,26,False
150100,ASCENSION ST VINCENT EVANSVILLE,EVANSVILLE,IN,Acute Care Hospitals,hospital_info,PN,Pneumonia,1.0042,16.8364,16.7665,325,55,False
150101,PARKVIEW WHITLEY HOSPITAL,COLUMBIA CITY,IN,Acute Care Hospitals,hospital_info,HF,Heart failure,1.0002,17.4837,17.4805,80,14,False
150102,NORTHWEST HEALTH - STARKE,KNOX,IN,Acute Care Hospitals,hospital_info,COPD,Chronic obstructive pulmonary disease,1.0181,13.073,12.8411,,,True
150102,NORTHWEST HEALTH - STARKE,KNOX,IN,Acute Care Hospitals,hospital_info,HF,Heart failure,1.0533,22.7293,21.5798,31,11,False
150102,NORTHWEST HEALTH - STARKE,KNOX,IN,Acute Care Hospitals,hospital_info,PN,Pneumonia,1.0481,15.8003,15.0751,,,True
150104,WITHAM HEALTH SERVICES,LEBANON,IN,Acute Care Hospitals,hospital_info,AMI,Heart attack,1.0025,16.3127,16.2728,,,True
150104,WITHAM HEALTH SERVICES,LEBANON,IN,Acute Care Hospitals,hospital_info,HIP-KNEE,Hip/knee replacement,1.1613,5.7542,4.9548,,,True
150104,WITHAM HEALTH SERVICES,LEBANON,IN,Acute Care Hospitals,hospital_info,PN,Pneumonia,1.0502,15.3778,14.6428,135,24,False
150109,FRANCISCAN HEALTH LAFAYETTE,LAFAYETTE,IN,Acute Care Hospitals,hospital_info,CABG,Coronary artery bypass graft surgery,1.0527,11.1333,10.5757,,,True
150109,FRANCISCAN HEALTH LAFAYETTE,LAFAYETTE,IN,Acute Care Hospitals,hospital_info,COPD,Chronic obstructive pulmonary disease,1.0385,20.1192,19.3726,90,21,False
150112,COLUMBUS REGIONAL HOSPITAL,COLUMBUS,IN,Acute Care Hospitals,hospital_info,AMI,Heart attack,1.0138,13.4182,13.2351,196,27,False
150112,COLUMBUS REGIONAL HOSPITAL,COLUMBUS,IN,Acute Care Hospitals,hospital_info,CABG,Coronary artery bypass graft surgery,1.0517,10.5362,10.0184,,,True
150112,COLUMBUS REGIONAL HOSPITAL,COLUMBUS,IN,Acute Care Hospitals,hospital_info,COPD,Chronic obstructive pulmonary disease,1.0702,20.6615,19.3061,164,39,False
150112,COLUMBUS REGIONAL HOSPITAL,COLUMBUS,IN,Acute Care Hospitals,hospital_info,HIP-KNEE,Hip/knee replacement,1.0591,6.7695,6.3916,,,True
150113,COMMUNITY HOSPITAL OF ANDERSON AND MADISON COUNTY,ANDERSON,IN,Acute Care Hospitals,hospital_info,COPD,Chronic obstructive pulmonary disease,1.0356,19.3624,18.6976,95,21,False
150115,MEMORIAL HOSPITAL AND HEALTH CARE CENTER,JASPER,IN,Acute Care Hospitals,hospital_info,AMI,Heart attack,1.0006,10.5076,10.5015,152,16,False
150125,COMMUNITY HOSPITAL,MUNSTER,IN,Acute Care Hospitals,hospital_info,COPD,Chronic obstructive pulmonary disease,1.0648,20.0276,18.8095,326,70,False
150125,COMMUNITY HOSPITAL,MUNSTER,IN,Acute Care Hospitals,hospital_info,HF,Heart failure,1.1138,23.1645,20.7978,1122,268,False
150125,COMMUNITY HOSPITAL,MUNSTER,IN,Acute Care Hospitals,hospital_info,HIP-KNEE,Hip/knee replacement,1.1492,6.9968,6.0886,,,True
150125,COMMUNITY HOSPITAL,MUNSTER,IN,Acute Care Hospitals,hospital_info,PN,Pneumonia,1.0668,18.4304,17.2761,730,139,False
150126,FRANCISCAN HEALTH CROWN POINT,CROWN POINT,IN,Acute Care Hospitals,hospital_info,HF,Heart failure,1.0096,19.7548,19.5665,528,105,False
150126,FRANCISCAN HEALTH CROWN POINT,CROWN POINT,IN,Acute Care Hospitals,hospital_info,HIP-KNEE,Hip/knee replacement,1.2117,6.8525,5.6553,,,True
150126,FRANCISCAN HEALTH CROWN POINT,CROWN POINT,IN,Acute Care Hospitals,hospital_info,PN,Pneumonia,1.004,16.3826,16.3174,505,83,False
150128,"COMMUNITY HOSPITAL SOUTH, INC.",INDIANAPOLIS,IN,Acute Care Hospitals,hospital_info,COPD,Chronic obstructive pulmonary disease,1.0158,19.5451,19.2419,127,26,False
150128,"COMMUNITY HOSPITAL SOUTH, INC.",INDIANAPOLIS,IN,Acute Care Hospitals,hospital_info,PN,Pneumonia,1.0643,15.9781,15.0133,287,50,False
150133,KOSCIUSKO COMMUNITY HOSPITAL,WARSAW,IN,Acute Care Hospitals,hospital_info,COPD,Chronic obstructive pulmonary disease,1.0364,16.5985,16.016,57,12,False
150133,KOSCIUSKO COMMUNITY HOSPITAL,WARSAW,IN,Acute Care Hospitals,hospital_info,PN,Pneumonia,1.032,16.1738,15.6722,191,33,False
150146,PARKVIEW NOBLE HOSPITAL,KENDALLVILLE,IN,Acute Care Hospitals,hospital_info,HF,Heart failure,1.012,18.5588,18.3378,87,17,False
150146,PARKVIEW NOBLE HOSPITAL,KENDALLVILLE,IN,Acute Care Hospitals,hospital_info,PN,Pneumonia,1.0843,16.3397,15.069,83,19,False
150150,DUPONT HOSPITAL LLC,FORT WAYNE,IN,Acute Care Hospitals,hospital_info,PN,Pneumonia,1.1035,16.3214,14.7899,70,18,False
150157,ASCENSION ST VINCENT CARMEL,CARMEL,IN,Acute Care Hospitals,hospital_info,PN,Pneumonia,1.0072,15.3706,15.2613,114,18,False
150158,IU HEALTH WEST HOSPITAL,AVON,IN,Acute Care Hospitals,hospital_info,HIP-KNEE,Hip/knee replacement,1.2676,8.4248,6.6464,,,True
150161,INDIANA UNIVERSITY HEALTH NORTH HOSPITAL,CARMEL,IN,Acute Care Hospitals,hospital_info,AMI,Heart attack,1.0043,11.399,11.35,,,True
150161,INDIANA UNIVERSITY HEALTH NORTH HOSPITAL,CARMEL,IN,Acute Care Hospitals,hospital_info,COPD,Chronic obstructive pulmonary disease,1.0033,17.0031,16.947,,,True
150161,INDIANA UNIVERSITY HEALTH NORTH HOSPITAL,CARMEL,IN,Acute Care Hospitals,hospital_info,HF,Heart failure,1.044,19.763,18.9299,212,45,False
150162,FRANCISCAN HEALTH INDIANAPOLIS,INDIANAPOLIS,IN,Acute Care Hospitals,hospital_info,AMI,Heart attack,1.0283,13.2813,12.9156,283,39,False
150162,FRANCISCAN HEALTH INDIANAPOLIS,INDIANAPOLIS,IN,Acute Care Hospitals,hospital_info,CABG,Coronary artery bypass graft surgery,1.0758,10.5461,9.8033,115,14,False
150162,FRANCISCAN HEALTH INDIANAPOLIS,INDIANAPOLIS,IN,Acute Care Hospitals,hospital_info,COPD,Chronic obstructive pulmonary disease,1.0067,18.9427,18.8161,161,31,False
150162,FRANCISCAN HEALTH INDIANAPOLIS,INDIANAPOLIS,IN,Acute Care Hospitals,hospital_info,PN,Pneumonia,1.0302,17.5201,17.0067,1033,183,False
150165,FRANCISCAN HEALTH MUNSTER,MUNSTER,IN,Acute Care Hospitals,hospital_info,AMI,Heart attack,1.0608,14.5798,13.7441,,,True
150165,FRANCISCAN HEALTH MUNSTER,MUNSTER,IN,Acute Care Hospitals,hospital_info,COPD,Chronic obstructive pulmonary disease,1.0003,18.8865,18.8804,74,14,False
150165,FRANCISCAN HEALTH MUNSTER,MUNSTER,IN,Acute Care Hospitals,hospital_info,HF,Heart failure,1.0966,22.6711,20.674,243,62,False
150165,FRANCISCAN HEALTH MUNSTER,MUNSTER,IN,Acute Care Hospitals,hospital_info,PN,Pneumonia,1.0573,16.9445,16.0265,149,29,False
150169,COMMUNITY HOSPITAL NORTH,INDIANAPOLIS,IN,Acute Care Hospitals,hospital_info,HF,Heart failure,1.0578,20.579,19.455,262,58,False
150173,INDIANA UNIVERSITY HEALTH ARNETT HOSPITAL,LAFAYETTE,IN,Acute Care Hospitals,hospital_info,AMI,Heart attack,1.0261,13.2783,12.9403,186,26,False
150173,INDIANA UNIVERSITY HEALTH ARNETT HOSPITAL,LAFAYETTE,IN,Acute Care Hospitals,hospital_info,HIP-KNEE,Hip/knee replacement,1.0502,5.5917,5.3244,,,True
150181,ASCENSION ST VINCENT FISHERS,FISHERS,IN,Acute Care Hospitals,hospital_info,HF,Heart failure,1.0014,18.6511,18.6254,,,True
160001,UNITYPOINT HEALTH - MARSHALLTOWN,MARSHALLTOWN,IA,Acute Care Hospitals,hospital_info,HF,Heart failure,1.034,16.669,16.1201,88,17,False
160028,CHI HEALTH MERCY COUNCIL BLUFFS,COUNCIL BLUFFS,IA,Acute Care Hospitals,hospital_info,AMI,Heart attack,1.0079,11.7083,11.6163,,,True
160028,CHI HEALTH MERCY COUNCIL BLUFFS,COUNCIL BLUFFS,IA,Acute Care Hospitals,hospital_info,HF,Heart failure,1.0304,20.4296,19.8275,146,32,False
160029,UNIVERSITY OF IOWA HEALTH CARE MEDICAL CENTER DOWN,IOWA CITY,IA,Acute Care Hospitals,hospital_info,AMI,Heart attack,1.0135,10.9287,10.7831,177,20,False
160029,UNIVERSITY OF IOWA HEALTH CARE MEDICAL CENTER DOWN,IOWA CITY,IA,Acute Care Hospitals,hospital_info,COPD,Chronic obstructive pulmonary disease,1.0109,17.8093,17.6165,91,17,False
160029,UNIVERSITY OF IOWA HEALTH CARE MEDICAL CENTER DOWN,IOWA CITY,IA,Acute Care Hospitals,hospital_info,HF,Heart failure,1.0729,19.1225,17.8239,366,75,False
160030,MARY GREELEY MEDICAL CENTER,AMES,IA,Acute Care Hospitals,hospital_info,HF,Heart failure,1.014,17.7213,17.477,508,91,False
160033,GENESIS MEDICAL CENTER-DAVENPORT,DAVENPORT,IA,Acute Care Hospitals,hospital_info,CABG,Coronary artery bypass graft surgery,1.082,10.0011,9.243,,,True
160033,GENESIS MEDICAL CENTER-DAVENPORT,DAVENPORT,IA,Acute Care Hospitals,hospital_info,COPD,Chronic obstructive pulmonary disease,1.139,19.3034,16.9472,246,57,False
160033,GENESIS MEDICAL CENTER-DAVENPORT,DAVENPORT,IA,Acute Care Hospitals,hospital_info,HF,Heart failure,1.1371,21.9698,19.3217,658,154,False
160033,GENESIS MEDICAL CENTER-DAVENPORT,DAVENPORT,IA,Acute Care Hospitals,hospital_info,HIP-KNEE,Hip/knee replacement,1.072,6.0361,5.6305,202,13,False
160045,ST LUKES HOSPITAL,CEDAR RAPIDS,IA,Acute Care Hospitals,hospital_info,COPD,Chronic obstructive pulmonary disease,1.0687,17.7861,16.6428,153,32,False
160045,ST LUKES HOSPITAL,CEDAR RAPIDS,IA,Acute Care Hospitals,hospital_info,PN,Pneumonia,1.0827,15.9701,14.7503,493,84,False
160047,METHODIST JENNIE EDMUNDSON,COUNCIL BLUFFS,IA,Acute Care Hospitals,hospital_info,HIP-KNEE,Hip/knee replacement,1.0308,5.6735,5.5039,,,True
160057,SOUTHEAST IOWA REGIONAL MEDICAL CENTER,WEST BURLINGTON,IA,Acute Care Hospitals,hospital_info,HIP-KNEE,Hip/knee replacement,1.1068,5.8168,5.2553,,,True
160064,MERCYONE NORTH IOWA MEDICAL CENTER,MASON CITY,IA,Acute Care Hospitals,hospital_info,AMI,Heart attack,1.1019,13.3536,12.1184,263,40,False
160064,MERCYONE NORTH IOWA MEDICAL CENTER,MASON CITY,IA,Acute Care Hospitals,hospital_info,HIP-KNEE,Hip/knee replacement,1.0967,7.0477,6.4264,155,12,False
160069,MERCYONE DUBUQUE MEDICAL CENTER,DUBUQUE,IA,Acute Care Hospitals,hospital_info,HF,Heart failure,1.082,18.6077,17.1977,201,43,False
160079,MERCY MEDICAL CENTER - CEDAR RAPIDS,CEDAR RAPIDS,IA,Acute Care Hospitals,hospital_info,AMI,Heart attack,1.0463,13.348,12.7573,170,25,False
160080,MERCYONE CLINTON MEDICAL CENTER,CLINTON,IA,Acute Care Hospitals,hospital_info,COPD,Chronic obstructive pulmonary disease,1.0245,19.9742,19.4958,106,23,False
160082,UNITYPOINT HEALTH - DES MOINES IOWA METHODIST MEDI,DES MOINES,IA,Acute Care Hospitals,hospital_info,AMI,Heart attack,1.0948,12.3588,11.2886,619,81,False
160083,MERCYONE DES MOINES MEDICAL CENTER,DES MOINES,IA,Acute Care Hospitals,hospital_info,CABG,Coronary artery bypass graft surgery,1.0539,10.6186,10.0755,364,40,False
160104,TRINITY - BETTENDORF,BETTENDORF,IA,Acute Care Hospitals,hospital_info,AMI,Heart attack,1.0315,11.4375,11.0885,,,True
160104,TRINITY - BETTENDORF,BETTENDORF,IA,Acute Care Hospitals,hospital_info,HIP-KNEE,Hip/knee replacement,1.0565,5.7385,5.4315,,,True
160110,ALLEN HOSPITAL,WATERLOO,IA,Acute Care Hospitals,hospital_info,AMI,Heart attack,1.0557,13.2222,12.524,176,26,False
160110,ALLEN HOSPITAL,WATERLOO,IA,Acute Care Hospitals,hospital_info,HIP-KNEE,Hip/knee replacement,1.0869,5.8527,5.385,,,True
160112,SPENCER MUNICIPAL HOSPITAL,SPENCER,IA,Acute Care Hospitals,hospital_info,HF,Heart failure,1.0097,18.1431,17.9684,123,23,False
160112,SPENCER MUNICIPAL HOSPITAL,SPENCER,IA,Acute Care Hospitals,hospital_info,PN,Pneumonia,1.0329,14.5435,14.08,178,28,False
160117,FINLEY HOSPITAL,DUBUQUE,IA,Acute Care Hospitals,hospital_info,COPD,Chronic obstructive pulmonary disease,1.0014,15.0102,14.9898,,,True
160117,FINLEY HOSPITAL,DUBUQUE,IA,Acute Care Hospitals,hospital_info,HIP-KNEE,Hip/knee replacement,1.0064,5.0737,5.0416,,,True
160117,FINLEY HOSPITAL,DUBUQUE,IA,Acute Care Hospitals,hospital_info,PN,Pneumonia,1.0373,13.249,12.7726,171,25,False
160124,LAKES REGIONAL HEALTHCARE,SPIRIT LAKE,IA,Acute Care Hospitals,hospital_info,HF,Heart failure,1.0601,17.2366,16.2598,75,17,False
160124,LAKES REGIONAL HEALTHCARE,SPIRIT LAKE,IA,Acute Care Hospitals,hospital_info,HIP-KNEE,Hip/knee replacement,1.194,5.8164,4.8712,,,True
160124,LAKES REGIONAL HEALTHCARE,SPIRIT LAKE,IA,Acute Care Hospitals,hospital_info,PN,Pneumonia,1.0518,13.9039,13.2194,142,23,False
160153,MERCYONE SIOUXLAND MEDICAL CENTER,SIOUX CITY,IA,Acute Care Hospitals,hospital_info,CABG,Coronary artery bypass graft surgery,1.0316,12.9203,12.5247,,,True
160153,MERCYONE SIOUXLAND MEDICAL CENTER,SIOUX CITY,IA,Acute Care Hospitals,hospital_info,HF,Heart failure,1.0015,21.9239,21.8916,223,49,False
160153,MERCYONE SIOUXLAND MEDICAL CENTER,SIOUX CITY,IA,Acute Care Hospitals,hospital_info,PN,Pneumonia,1.0556,18.1551,17.1988,310,60,False
170006,"MERCY HOSPITAL PITTSBURG, INC",PITTSBURG,KS,Acute Care Hospitals,hospital_info,HIP-KNEE,Hip/knee replacement,1.041,3.776,3.6271,,,True
170009,SAINT JOHN HOSPITAL,LEAVENWORTH,KS,Acute Care Hospitals,hospital_info,HF,Heart failure,1.0567,20.9119,19.7906,81,21,False
170013,HAYS MEDICAL CENTER,HAYS,KS,Acute Care Hospitals,hospital_info,PN,Pneumonia,1.0345,17.6854,17.0953,411,75,False
170014,ADVENTHEALTH OTTAWA,OTTAWA,KS,Acute Care Hospitals,hospital_info,HF,Heart failure,1.084,20.7531,19.1458,73,21,False
170014,ADVENTHEALTH OTTAWA,OTTAWA,KS,Acute Care Hospitals,hospital_info,PN,Pneumonia,1.091,16.395,15.027,154,31,False
170016,UNIVERSITY OF KANSAS HEALTH SYSTEM - ST FRANCIS CAMPUS,TOPEKA,KS,Acute Care Hospitals,hospital_info,CABG,Coronary artery bypass graft surgery,1.1122,11.6778,10.5001,,,True
170016,UNIVERSITY OF KANSAS HEALTH SYSTEM - ST FRANCIS CAMPUS,TOPEKA,KS,Acute Care Hospitals,hospital_info,COPD,Chronic obstructive pulmonary disease,1.0523,18.3502,17.4381,83,19,False
170017,SUSAN B ALLEN MEMORIAL HOSPITAL,EL DORADO,KS,Acute Care Hospitals,hospital_info,PN,Pneumonia,1.0112,12.8366,12.6941,,,True
170020,HUTCHINSON REGIONAL MEDICAL CENTER INC,HUTCHINSON,KS,Acute Care Hospitals,hospital_info,CABG,Coronary artery bypass graft surgery,1.0128,9.7423,9.6197,,,True
170020,HUTCHINSON REGIONAL MEDICAL CENTER INC,HUTCHINSON,KS,Acute Care Hospitals,hospital_info,COPD,Chronic obstructive pulmonary disease,1.0277,19.1706,18.6535,125,26,False
170020,HUTCHINSON REGIONAL MEDICAL CENTER INC,HUTCHINSON,KS,Acute Care Hospitals,hospital_info,HIP-KNEE,Hip/knee replacement,1.1778,7.253,6.158,,,True
170023,ST. CATHERINE HOSPITAL - GARDEN CITY,GARDEN CITY,KS,Acute Care Hospitals,hospital_info,AMI,Heart attack,1.0029,11.9523,11.9176,,,True
170023,ST. CATHERINE HOSPITAL - GARDEN CITY,GARDEN CITY,KS,Acute Care Hospitals,hospital_info,PN,Pneumonia,1.0094,15.2604,15.1185,127,20,False
170040,UNIVERSITY OF KANSAS HOSPITAL,KANSAS CITY,KS,Acute Care Hospitals,hospital_info,COPD,Chronic obstructive pulmonary disease,1.01,20.5177,20.3142,162,34,False
170040,UNIVERSITY OF KANSAS HOSPITAL,KANSAS CITY,KS,Acute Care Hospitals,hospital_info,PN,Pneumonia,1.0663,19.8725,18.6367,551,114,False
170049,UNIVERSITY OF KANSAS HEALTH SYSTEM OLATHE HOSPITAL,OLATHE,KS,Acute Care Hospitals,hospital_info,CABG,Coronary artery bypass graft surgery,1.0293,10.2714,9.9795,,,True
170068,SOUTHWEST MEDICAL CENTER,LIBERAL,KS,Acute Care Hospitals,hospital_info,COPD,Chronic obstructive pulmonary disease,1.0019,17.1568,17.1246,,,True
170068,SOUTHWEST MEDICAL CENTER,LIBERAL,KS,Acute Care Hospitals,hospital_info,HIP-KNEE,Hip/knee replacement,1.284,6.7395,5.2487,,,True
170068,SOUTHWEST MEDICAL CENTER,LIBERAL,KS,Acute Care Hospitals,hospital_info,PN,Pneumonia,1.0568,15.7692,14.9209,129,24,False
170074,"STORMONT VAIL HEALTH FLINT HILLS, LLC",JUNCTION CITY,KS,Acute Care Hospitals,hospital_info,COPD,Chronic obstructive pulmonary disease,1.0066,17.3763,17.2617,,,True
170074,"STORMONT VAIL HEALTH FLINT HILLS, LLC",JUNCTION CITY,KS,Acute Care Hospitals,hospital_info,PN,Pneumonia,1.0747,14.7429,13.718,70,15,False
170086,STORMONT VAIL HOSPITAL,TOPEKA,KS,Acute Care Hospitals,hospital_info,COPD,Chronic obstructive pulmonary disease,1.014,17.5129,17.2705,234,42,False
170086,STORMONT VAIL HOSPITAL,TOPEKA,KS,Acute Care Hospitals,hospital_info,HF,Heart failure,1.0153,19.9344,19.6331,767,154,False
170086,STORMONT VAIL HOSPITAL,TOPEKA,KS,Acute Care Hospitals,hospital_info,HIP-KNEE,Hip/knee replacement,1.0267,6.0597,5.9018,226,14,False
170103,NMC HEALTH,NEWTON,KS,Acute Care Hospitals,hospital_info,PN,Pneumonia,1.0398,15.0957,14.5185,142,24,False
170104,ADVENTHEALTH SHAWNEE MISSION,SHAWNEE MISSION,KS,Acute Care Hospitals,hospital_info,CABG,Coronary artery bypass graft surgery,1.0386,10.9248,10.5187,,,True
170104,ADVENTHEALTH SHAWNEE MISSION,SHAWNEE MISSION,KS,Acute Care Hospitals,hospital_info,HIP-KNEE,Hip/knee replacement,1.1839,6.1638,5.2062,147,11,False
170122,"ASCENSION VIA CHRISTI HOSPITALS WICHITA, INC.",WICHITA,KS,Acute Care Hospitals,hospital_info,COPD,Chronic obstructive pulmonary disease,1.0557,18.3365,17.3682,120,26,False
170137,LMH,LAWRENCE,KS,Acute Care Hospitals,hospital_info,AMI,Heart attack,1.0336,12.3531,11.9514,108,15,False
170146,PROVIDENCE MEDICAL CENTER,KANSAS CITY,KS,Acute Care Hospitals,hospital_info,AMI,Heart attack,1.0191,14.8019,14.5239,88,14,False
170146,PROVIDENCE MEDICAL CENTER,KANSAS CITY,KS,Acute Care Hospitals,hospital_info,COPD,Chronic obstructive pulmonary disease,1.032,18.0355,17.4767,48,11,False
170146,PROVIDENCE MEDICAL CENTER,KANSAS CITY,KS,Acute Care Hospitals,hospital_info,PN,Pneumonia,1.0886,17.8391,16.3866,343,67,False
170175,CENTURA ST. CATHERINE-DODGE CITY,DODGE CITY,KS,Acute Care Hospitals,hospital_info,PN,Pneumonia,1.0297,14.065,13.6594,79,13,False
170176,OVERLAND PARK REG MED CTR,OVERLAND PARK,KS,Acute Care Hospitals,hospital_info,AMI,Heart attack,1.1093,15.7953,14.239,105,22,False
170176,OVERLAND PARK REG MED CTR,OVERLAND PARK,KS,Acute Care Hospitals,hospital_info,HIP-KNEE,Hip/knee replacement,1.3044,5.5394,4.2467,,,True
170176,OVERLAND PARK REG MED CTR,OVERLAND PARK,KS,Acute Care Hospitals,hospital_info,PN,Pneumonia,1.0594,17.116,16.156,316,58,False
170182,MENORAH MEDICAL CENTER,OVERLAND PARK,KS,Acute Care Hospitals,hospital_info,COPD,Chronic obstructive pulmonary disease,1.0103,18.3812,18.1942,,,True
170182,MENORAH MEDICAL CENTER,OVERLAND PARK,KS,Acute Care Hospitals,hospital_info,HF,Heart failure,1.0388,21.6734,20.8634,190,44,False
170182,MENORAH MEDICAL CENTER,OVERLAND PARK,KS,Acute Care Hospitals,hospital_info,HIP-KNEE,Hip/knee replacement,1.221,5.8407,4.7835,577,36,False
170185,SAINT LUKE'S SOUTH HOSPITAL,OVERLAND PARK,KS,Acute Care Hospitals,hospital_info,COPD,Chronic obstructive pulmonary disease,1.0226,18.8258,18.4094,108,22,False
170185,SAINT LUKE'S SOUTH HOSPITAL,OVERLAND PARK,KS,Acute Care Hospitals,hospital_info,HIP-KNEE,Hip/knee replacement,1.4205,10.5517,7.4279,,,True
170191,UNIVERSITY  OF KS HLTH SYSTEM GREAT BEND CAMPUS,GREAT BEND,KS,Acute Care Hospitals,hospital_info,HF,Heart failure,1.0019,18.2398,18.2043,76,14,False
170197,KANSAS MEDICAL CENTER LLC,ANDOVER,KS,Acute Care Hospitals,hospital_info,CABG,Coronary artery bypass graft surgery,1.0284,10.3863,10.0998,176,19,False
170197,KANSAS MEDICAL CENTER LLC,ANDOVER,KS,Acute Care Hospitals,hospital_info,PN,Pneumonia,1.0091,12.938,12.8208,96,13,False
170203,MERCY SPECIALTY HOSPITAL SOUTHEAST KANSAS,GALENA,KS,Acute Care Hospitals,hospital_info,HIP-KNEE,Hip/knee replacement,1.0701,5.7556,5.3786,,,True
170208,"ADVENTHEALTH SOUTH OVERLAND PARK, INC",OVERLAND PARK,KS,Acute Care Hospitals,hospital_info,HF,Heart failure,1.0016,20.4458,20.4126,63,13,False
170208,"ADVENTHEALTH SOUTH OVERLAND PARK, INC",OVERLAND PARK,KS,Acute Care Hospitals,hospital_info,PN,Pneumonia,1.0489,15.4479,14.7272,57,12,False
180001,ST ELIZABETH FT THOMAS,FORT THOMAS,KY,Acute Care Hospitals,hospital_info,COPD,Chronic obstructive pulmonary disease,1.077,21.5717,20.0291,150,38,False
180001,ST ELIZABETH FT THOMAS,FORT THOMAS,KY,Acute Care Hospitals,hospital_info,HF,Heart failure,1.1132,22.1101,19.8614,213,55,False
180001,ST ELIZABETH FT THOMAS,FORT THOMAS,KY,Acute Care Hospitals,hospital_info,PN,Pneumonia,1.0188,16.2352,15.9363,251,42,False
180002,WHITESBURG ARH HOSPITAL,WHITESBURG,KY,Acute Care Hospitals,hospital_info,COPD,Chronic obstructive pulmonary disease,1.0455,20.5132,19.6212,81,20,False
180002,WHITESBURG ARH HOSPITAL,WHITESBURG,KY,Acute Care Hospitals,hospital_info,PN,Pneumonia,1.0041,17.9676,17.8933,132,24,False
180004,OWENSBORO HEALTH MUHLENBERG COMMUNITY HOSPITAL,GREENVILLE,KY,Acute Care Hospitals,hospital_info,COPD,Chronic obstructive pulmonary disease,1.0239,18.9449,18.503,,,True
180004,OWENSBORO HEALTH MUHLENBERG COMMUNITY HOSPITAL,GREENVILLE,KY,Acute Care Hospitals,hospital_info,HF,Heart failure,1.045,20.4325,19.5521,53,14,False
180005,HIGHLANDS ARH REGIONAL MEDICAL CENTER,PRESTONSBURG,KY,Acute Care Hospitals,hospital_info,HF,Heart failure,1.0319,21.1354,20.4812,60,15,False
180005,HIGHLANDS ARH REGIONAL MEDICAL CENTER,PRESTONSBURG,KY,Acute Care Hospitals,hospital_info,PN,Pneumonia,1.0618,17.4916,16.4729,114,24,False
180009,KING'S DAUGHTERS' MEDICAL CENTER,ASHLAND,KY,Acute Care Hospitals,hospital_info,COPD,Chronic obstructive pulmonary disease,1.0191,20.4216,20.0382,321,67,False
180009,KING'S DAUGHTERS' MEDICAL CENTER,ASHLAND,KY,Acute Care Hospitals,hospital_info,HIP-KNEE,Hip/knee replacement,1.1379,6.7817,5.9601,,,True
180009,KING'S DAUGHTERS' MEDICAL CENTER,ASHLAND,KY,Acute Care Hospitals,hospital_info,PN,Pneumonia,1.1033,19.0636,17.2791,704,141,False
180010,SAINT JOSEPH HOSPITAL,LEXINGTON,KY,Acute Care Hospitals,hospital_info,AMI,Heart attack,1.0416,13.6997,13.1531,182,27,False
180010,SAINT JOSEPH HOSPITAL,LEXINGTON,KY,Acute Care Hospitals,hospital_info,COPD,Chronic obstructive pulmonary disease,1.0123,21.3644,21.1048,47,11,False
180010,SAINT JOSEPH HOSPITAL,LEXINGTON,KY,Acute Care Hospitals,hospital_info,HF,Heart failure,1.1035,22.7779,20.642,319,80,False
180010,SAINT JOSEPH HOSPITAL,LEXINGTON,KY,Acute Care Hospitals,hospital_info,HIP-KNEE,Hip/knee replacement,1.0822,8.2527,7.6261,,,True
180010,SAINT JOSEPH HOSPITAL,LEXINGTON,KY,Acute Care Hospitals,hospital_info,PN,Pneumonia,1.0625,18.4268,17.3436,368,72,False
180011,SAINT JOSEPH LONDON,LONDON,KY,Acute Care Hospitals,hospital_info,COPD,Chronic obstructive pulmonary disease,1.0179,19.2026,18.8648,,,True
180011,SAINT JOSEPH LONDON,LONDON,KY,Acute Care Hospitals,hospital_info,HF,Heart failure,1.0887,23.0786,21.1978,228,59,False
180011,SAINT JOSEPH LONDON,LONDON,KY,Acute Care Hospitals,hospital_info,HIP-KNEE,Hip/knee replacement,1.1094,7.148,6.443,,,True
180012,BAPTIST HEALTH HARDIN,ELIZABETHTOWN,KY,Acute Care Hospitals,hospital_info,COPD,Chronic obstructive pulmonary disease,1.0315,18.2232,17.6669,229,44,False
180012,BAPTIST HEALTH HARDIN,ELIZABETHTOWN,KY,Acute Care Hospitals,hospital_info,PN,Pneumonia,1.1169,18.0403,16.1518,740,141,False
180013,THE MEDICAL CENTER (BOWLING GREEN),BOWLING GREEN,KY,Acute Care Hospitals,hospital_info,AMI,Heart attack,1.0946,14.8102,13.5304,340,55,False
180016,UOFL HEALTH - SHELBYVILLE HOSPITAL,SHELBYVILLE,KY,Acute Care Hospitals,hospital_info,HF,Heart failure,1.0011,19.7642,19.7419,,,True
180017,T J SAMSON COMMUNITY HOSPITAL,GLASGOW,KY,Acute Care Hospitals,hospital_info,HF,Heart failure,1.0319,19.9026,19.287,280,58,False
180017,T J SAMSON COMMUNITY HOSPITAL,GLASGOW,KY,Acute Care Hospitals,hospital_info,PN,Pneumonia,1.0269,15.3368,14.9357,282,45,False
180018,ST CLAIRE REGIONAL MEDICAL CENTER,MOREHEAD,KY,Acute Care Hospitals,hospital_info,AMI,Heart attack,1.0127,13.8204,13.6474,,,True
180018,ST CLAIRE REGIONAL MEDICAL CENTER,MOREHEAD,KY,Acute Care Hospitals,hospital_info,COPD,Chronic obstructive pulmonary disease,1.0177,19.6725,19.3305,,,True
180018,ST CLAIRE REGIONAL MEDICAL CENTER,MOREHEAD,KY,Acute Care Hospitals,hospital_info,HF,Heart failure,1.0217,21.1144,20.6662,163,36,False
180018,ST CLAIRE REGIONAL MEDICAL CENTER,MOREHEAD,KY,Acute Care Hospitals,hospital_info,PN,Pneumonia,1.1067,19.343,17.4773,238,53,False
180019,MEADOWVIEW REGIONAL MEDICAL CENTER,MAYSVILLE,KY,Acute Care Hospitals,hospital_info,COPD,Chronic obstructive pulmonary disease,1.005,18.5171,18.4251,,,True
180020,MIDDLESBORO ARH HOSPITAL,MIDDLESBORO,KY,Acute Care Hospitals,hospital_info,COPD,Chronic obstructive pulmonary disease,1.0528,16.5637,15.7325,,,True
180020,MIDDLESBORO ARH HOSPITAL,MIDDLESBORO,KY,Acute Care Hospitals,hospital_info,HF,Heart failure,1.0026,20.6348,20.5809,,,True
180020,MIDDLESBORO ARH HOSPITAL,MIDDLESBORO,KY,Acute Care Hospitals,hospital_info,PN,Pneumonia,1.0517,16.4364,15.6285,77,16,False
180025,CHI SAINT JOSEPH FLAGET MEMORIAL HOSPITAL,BARDSTOWN,KY,Acute Care Hospitals,hospital_info,HF,Heart failure,1.0228,20.8756,20.4098,107,24,False
180027,MURRAY-CALLOWAY COUNTY HOSPITAL,MURRAY,KY,Acute Care Hospitals,hospital_info,HF,Heart failure,1.0951,20.0318,18.2914,122,31,False
180027,MURRAY-CALLOWAY COUNTY HOSPITAL,MURRAY,KY,Acute Care Hospitals,hospital_info,HIP-KNEE,Hip/knee replacement,1.0121,5.4002,5.3355,,,True
180027,MURRAY-CALLOWAY COUNTY HOSPITAL,MURRAY,KY,Acute Care Hospitals,hospital_info,PN,Pneumonia,1.0298,14.7866,14.3594,244,38,False
180029,HAZARD ARH REGIONAL MEDICAL CENTER,HAZARD,KY,Acute Care Hospitals,hospital_info,AMI,Heart attack,1.087,15.8389,14.5716,80,17,False
180029,HAZARD ARH REGIONAL MEDICAL CENTER,HAZARD,KY,Acute Care Hospitals,hospital_info,COPD,Chronic obstructive pulmonary disease,1.0553,22.9956,21.7906,73,21,False
180029,HAZARD ARH REGIONAL MEDICAL CENTER,HAZARD,KY,Acute Care Hospitals,hospital_info,PN,Pneumonia,1.0786,20.2776,18.8004,260,58,False
180035,ST ELIZABETH EDGEWOOD,EDGEWOOD,KY,Acute Care Hospitals,hospital_info,AMI,Heart attack,1.1605,15.6301,13.4687,386,68,False
180035,ST ELIZABETH EDGEWOOD,EDGEWOOD,KY,Acute Care Hospitals,hospital_info,COPD,Chronic obstructive pulmonary disease,1.0777,22.1125,20.5183,322,77,False
180035,ST ELIZABETH EDGEWOOD,EDGEWOOD,KY,Acute Care Hospitals,hospital_info,PN,Pneumonia,1.0627,17.6613,16.6196,588,108,False
180038,OWENSBORO HEALTH REGIONAL HOSPITAL,OWENSBORO,KY,Acute Care Hospitals,hospital_info,COPD,Chronic obstructive pulmonary disease,1.0707,18.1508,16.952,193,40,False
180038,OWENSBORO HEALTH REGIONAL HOSPITAL,OWENSBORO,KY,Acute Care Hospitals,hospital_info,PN,Pneumonia,1.0652,17.8308,16.7392,604,112,False
180040,UOFL HEALTH - JEWISH HOSPITAL and Mary & Elizabeth Hospital,LOUISVILLE,KY,Acute Care Hospitals,hospital_info,AMI,Heart attack,1.0378,13.9234,13.4162,288,42,False
180040,UOFL HEALTH - JEWISH HOSPITAL and Mary & Elizabeth Hospital,LOUISVILLE,KY,Acute Care Hospitals,hospital_info,HF,Heart failure,1.1152,22.6275,20.2905,552,133,False
180043,AdventHealthManchester,MANCHESTER,KY,Acute Care Hospitals,hospital_info,HF,Heart failure,1.0654,22.4257,21.0489,68,20,False
180044,PIKEVILLE MEDICAL CENTER,PIKEVILLE,KY,Acute Care Hospitals,hospital_info,AMI,Heart attack,1.0662,14.2805,13.3934,166,27,False
180044,PIKEVILLE MEDICAL CENTER,PIKEVILLE,KY,Acute Care Hospitals,hospital_info,CABG,Coronary artery bypass graft surgery,1.082,12.0401,11.1276,,,True
180044,PIKEVILLE MEDICAL CENTER,PIKEVILLE,KY,Acute Care Hospitals,hospital_info,COPD,Chronic obstructive pulmonary disease,1.0384,20.3187,19.5674,168,37,False
180044,PIKEVILLE MEDICAL CENTER,PIKEVILLE,KY,Acute Care Hospitals,hospital_info,HF,Heart failure,1.024,21.9377,21.4229,270,61,False
180044,PIKEVILLE MEDICAL CENTER,PIKEVILLE,KY,Acute Care Hospitals,hospital_info,PN,Pneumonia,1.0899,18.7946,17.2446,458,92,False
180045,ST ELIZABETH FLORENCE,FLORENCE,KY,Acute Care Hospitals,hospital_info,COPD,Chronic obstructive pulmonary disease,1.0168,18.4198,18.1152,167,32,False
180045,ST ELIZABETH FLORENCE,FLORENCE,KY,Acute Care Hospitals,hospital_info,PN,Pneumonia,1.0577,17.5194,16.5629,315,59,False
180048,EPHRAIM MCDOWELL REGIONAL MEDICAL CENTER,DANVILLE,KY,Acute Care Hospitals,hospital_info,AMI,Heart attack,1.085,11.3281,10.4409,115,17,False
180048,EPHRAIM MCDOWELL REGIONAL MEDICAL CENTER,DANVILLE,KY,Acute Care Hospitals,hospital_info,PN,Pneumonia,1.0242,15.3088,14.947,362,57,False
180049,BAPTIST HEALTH RICHMOND,RICHMOND,KY,Acute Care Hospitals,hospital_info,COPD,Chronic obstructive pulmonary disease,1.0411,19.4264,18.6589,77,18,False
180050,HARLAN ARH HOSPITAL,HARLAN,KY,Acute Care Hospitals,hospital_info,COPD,Chronic obstructive pulmonary disease,1.0322,20.7318,20.0859,56,14,False
180050,HARLAN ARH HOSPITAL,HARLAN,KY,Acute Care Hospitals,hospital_info,HF,Heart failure,1.0694,22.0628,20.631,50,16,False
180050,HARLAN ARH HOSPITAL,HARLAN,KY,Acute Care Hospitals,hospital_info,PN,Pneumonia,1.0991,19.8964,18.1022,168,40,False
180051,JENNIE STUART MEDICAL CENTER,HOPKINSVILLE,KY,Acute Care Hospitals,hospital_info,PN,Pneumonia,1.0653,15.3834,14.4406,233,40,False
180056,DEACONESS HENDERSON HOSPITAL,HENDERSON,KY,Acute Care Hospitals,hospital_info,HF,Heart failure,1.075,20.6757,19.2336,173,41,False
180064,SAINT JOSEPH MOUNT STERLING,MOUNT STERLING,KY,Acute Care Hospitals,hospital_info,HF,Heart failure,1.0116,20.2399,20.0081,65,14,False
180066,The Medical Center at Russellville,RUSSELLVILLE,KY,Acute Care Hospitals,hospital_info,HF,Heart failure,1.0298,17.6498,17.1393,,,True
180069,TUG VALLEY ARH REGIONAL MEDICAL CENTER,SOUTH WILLIAMSON,KY,Acute Care Hospitals,hospital_info,COPD,Chronic obstructive pulmonary disease,1.05,20.4829,19.5077,99,24,False
180069,TUG VALLEY ARH REGIONAL MEDICAL CENTER,SOUTH WILLIAMSON,KY,Acute Care Hospitals,hospital_info,HF,Heart failure,1.0431,20.9797,20.1137,71,18,False
180069,TUG VALLEY ARH REGIONAL MEDICAL CENTER,SOUTH WILLIAMSON,KY,Acute Care Hospitals,hospital_info,PN,Pneumonia,1.1823,23.3288,19.7316,128,42,False
180070,OWENSBORO HEALTH TWIN LAKES MEDICAL CENTER,LEITCHFIELD,KY,Acute Care Hospitals,hospital_info,COPD,Chronic obstructive pulmonary disease,1.0049,16.6266,16.5461,,,True
180070,OWENSBORO HEALTH TWIN LAKES MEDICAL CENTER,LEITCHFIELD,KY,Acute Care Hospitals,hospital_info,HF,Heart failure,1.0484,20.2066,19.2743,87,21,False
180078,PAINTSVILLE ARH HOSPITAL,PAINTSVILLE,KY,Acute Care Hospitals,hospital_info,COPD,Chronic obstructive pulmonary disease,1.0258,19.334,18.847,,,True
180078,PAINTSVILLE ARH HOSPITAL,PAINTSVILLE,KY,Acute Care Hospitals,hospital_info,HF,Heart failure,1.0419,20.607,19.7785,,,True
180078,PAINTSVILLE ARH HOSPITAL,PAINTSVILLE,KY,Acute Care Hospitals,hospital_info,PN,Pneumonia,1.1367,18.4065,16.1933,132,33,False
180079,HARRISON MEMORIAL HOSPITAL,CYNTHIANA,KY,Acute Care Hospitals,hospital_info,PN,Pneumonia,1.0348,13.5262,13.071,102,16,False
180088,"NORTON HOSPITALS, INC",LOUISVILLE,KY,Acute Care Hospitals,hospital_info,AMI,Heart attack,1.1967,16.445,13.7421,642,115,False
180088,"NORTON HOSPITALS, INC",LOUISVILLE,KY,Acute Care Hospitals,hospital_info,CABG,Coronary artery bypass graft surgery,1.0031,11.074,11.04,216,24,False
180088,"NORTON HOSPITALS, INC",LOUISVILLE,KY,Acute Care Hospitals,hospital_info,COPD,Chronic obstructive pulmonary disease,1.0902,19.5341,17.9175,474,99,False
180088,"NORTON HOSPITALS, INC",LOUISVILLE,KY,Acute Care Hospitals,hospital_info,HF,Heart failure,1.0261,20.8695,20.3383,1668,350,False
180088,"NORTON HOSPITALS, INC",LOUISVILLE,KY,Acute Care Hospitals,hospital_info,HIP-KNEE,Hip/knee replacement,1.118,7.5277,6.7329,,,True
180088,"NORTON HOSPITALS, INC",LOUISVILLE,KY,Acute Care Hospitals,hospital_info,PN,Pneumonia,1.0224,16.3025,15.9456,1690,277,False
180092,CLARK REGIONAL MEDICAL CENTER,WINCHESTER,KY,Acute Care Hospitals,hospital_info,AMI,Heart attack,1.0503,14.1517,13.4745,60,11,False
180092,CLARK REGIONAL MEDICAL CENTER,WINCHESTER,KY,Acute Care Hospitals,hospital_info,PN,Pneumonia,1.0364,15.999,15.4374,135,24,False
180093,BAPTIST HEALTH DEACONESS MADISONVILLE,MADISONVILLE,KY,Acute Care Hospitals,hospital_info,COPD,Chronic obstructive pulmonary disease,1.0051,19.7836,19.6838,84,17,False
180101,GEORGETOWN COMMUNITY HOSPITAL,GEORGETOWN,KY,Acute Care Hospitals,hospital_info,HF,Heart failure,1.0326,19.101,18.4982,56,13,False
180101,GEORGETOWN COMMUNITY HOSPITAL,GEORGETOWN,KY,Acute Care Hospitals,hospital_info,PN,Pneumonia,1.0432,13.9859,13.4068,59,11,False
180102,MERCY HEALTH - LOURDES HOSPITAL,PADUCAH,KY,Acute Care Hospitals,hospital_info,AMI,Heart attack,1.1693,16.5904,14.1879,162,35,False
180102,MERCY HEALTH - LOURDES HOSPITAL,PADUCAH,KY,Acute Care Hospitals,hospital_info,CABG,Coronary artery bypass graft surgery,1.069,13.7826,12.8928,74,12,False
180102,MERCY HEALTH - LOURDES HOSPITAL,PADUCAH,KY,Acute Care Hospitals,hospital_info,COPD,Chronic obstructive pulmonary disease,1.0281,18.7414,18.2285,149,30,False
180102,MERCY HEALTH - LOURDES HOSPITAL,PADUCAH,KY,Acute Care Hospitals,hospital_info,HIP-KNEE,Hip/knee replacement,1.1803,6.856,5.8085,322,24,False
180103,BAPTIST HEALTH LEXINGTON,LEXINGTON,KY,Acute Care Hospitals,hospital_info,CABG,Coronary artery bypass graft surgery,1.1198,11.103,9.9154,181,23,False
180103,BAPTIST HEALTH LEXINGTON,LEXINGTON,KY,Acute Care Hospitals,hospital_info,HIP-KNEE,Hip/knee replacement,1.0593,7.9384,7.4943,,,True
180104,BAPTIST HEALTH PADUCAH,PADUCAH,KY,Acute Care Hospitals,hospital_info,PN,Pneumonia,1.0632,16.6463,15.6567,444,78,False
180105,MONROE COUNTY MEDICAL CENTER,TOMPKINSVILLE,KY,Acute Care Hospitals,hospital_info,COPD,Chronic obstructive pulmonary disease,1.0331,16.3532,15.8296,59,12,False
180105,MONROE COUNTY MEDICAL CENTER,TOMPKINSVILLE,KY,Acute Care Hospitals,hospital_info,HF,Heart failure,1.1101,18.4554,16.6251,74,21,False
180105,MONROE COUNTY MEDICAL CENTER,TOMPKINSVILLE,KY,Acute Care Hospitals,hospital_info,PN,Pneumonia,1.1648,16.5058,14.1701,133,32,False
180115,"ROCKCASTLE COUNTY HOSPITAL, INC.",MOUNT VERNON,KY,Acute Care Hospitals,hospital_info,HF,Heart failure,1.0128,19.5304,19.2832,,,True
180116,JACKSON PURCHASE MEDICAL CENTER,MAYFIELD,KY,Acute Care Hospitals,hospital_info,COPD,Chronic obstructive pulmonary disease,1.0512,18.7617,17.8475,87,20,False
180116,JACKSON PURCHASE MEDICAL CENTER,MAYFIELD,KY,Acute Care Hospitals,hospital_info,HF,Heart failure,1.0303,19.6016,19.026,137,29,False
180124,TRISTAR GREENVIEW REGIONAL HOSPITAL,BOWLING GREEN,KY,Acute Care Hospitals,hospital_info,AMI,Heart attack,1.0931,14.0022,12.8094,68,14,False
180124,TRISTAR GREENVIEW REGIONAL HOSPITAL,BOWLING GREEN,KY,Acute Care Hospitals,hospital_info,COPD,Chronic obstructive pulmonary disease,1.0494,16.8188,16.0264,80,17,False
180124,TRISTAR GREENVIEW REGIONAL HOSPITAL,BOWLING GREEN,KY,Acute Care Hospitals,hospital_info,HF,Heart failure,1.0715,19.3541,18.0634,176,39,False
180124,TRISTAR GREENVIEW REGIONAL HOSPITAL,BOWLING GREEN,KY,Acute Care Hospitals,hospital_info,HIP-KNEE,Hip/knee replacement,1.2853,6.7249,5.2322,,,True
180127,FRANKFORT REGIONAL MEDICAL CENTER,FRANKFORT,KY,Acute Care Hospitals,hospital_info,COPD,Chronic obstructive pulmonary disease,1.001,17.7236,17.7058,,,True
180127,FRANKFORT REGIONAL MEDICAL CENTER,FRANKFORT,KY,Acute Care Hospitals,hospital_info,HF,Heart failure,1.0684,20.8936,19.5552,130,32,False
180128,THREE RIVERS MEDICAL CENTER,LOUISA,KY,Acute Care Hospitals,hospital_info,PN,Pneumonia,1.0051,17.1462,17.06,68,12,False
180130,BAPTIST HEALTH LOUISVILLE,LOUISVILLE,KY,Acute Care Hospitals,hospital_info,COPD,Chronic obstructive pulmonary disease,1.048,19.1928,18.3142,357,72,False
180130,BAPTIST HEALTH LOUISVILLE,LOUISVILLE,KY,Acute Care Hospitals,hospital_info,HIP-KNEE,Hip/knee replacement,1.1552,7.1956,6.2287,199,16,False
180130,BAPTIST HEALTH LOUISVILLE,LOUISVILLE,KY,Acute Care Hospitals,hospital_info,PN,Pneumonia,1.0013,15.8051,15.7847,1132,179,False
180132,LAKE CUMBERLAND REGIONAL HOSPITAL,SOMERSET,KY,Acute Care Hospitals,hospital_info,AMI,Heart attack,1.0997,13.3181,12.1111,189,30,False
180132,LAKE CUMBERLAND REGIONAL HOSPITAL,SOMERSET,KY,Acute Care Hospitals,hospital_info,COPD,Chronic obstructive pulmonary disease,1.0223,20.0939,19.656,146,31,False
180132,LAKE CUMBERLAND REGIONAL HOSPITAL,SOMERSET,KY,Acute Care Hospitals,hospital_info,HF,Heart failure,1.0622,21.1702,19.9308,220,51,False
180138,BAPTIST HEALTH LAGRANGE,LA GRANGE,KY,Acute Care Hospitals,hospital_info,COPD,Chronic obstructive pulmonary disease,1.0178,19.5753,19.2324,,,True
180138,BAPTIST HEALTH LAGRANGE,LA GRANGE,KY,Acute Care Hospitals,hospital_info,PN,Pneumonia,1.0089,14.2716,14.1453,,,True
180141,UNIVERSITY OF LOUISVILLE HOSPITAL,LOUISVILLE,KY,Acute Care Hospitals,hospital_info,AMI,Heart attack,1.0451,18.5083,17.7096,,,True
180141,UNIVERSITY OF LOUISVILLE HOSPITAL,LOUISVILLE,KY,Acute Care Hospitals,hospital_info,COPD,Chronic obstructive pulmonary disease,1.0527,21.9991,20.8978,41,13,False
180141,UNIVERSITY OF LOUISVILLE HOSPITAL,LOUISVILLE,KY,Acute Care Hospitals,hospital_info,HF,Heart failure,1.0607,22.4207,21.1385,65,19,False
180141,UNIVERSITY OF LOUISVILLE HOSPITAL,LOUISVILLE,KY,Acute Care Hospitals,hospital_info,PN,Pneumonia,1.013,19.5535,19.3033,113,23,False
180143,SAINT JOSEPH EAST,LEXINGTON,KY,Acute Care Hospitals,hospital_info,HF,Heart failure,1.0358,20.2477,19.5483,101,23,False
180143,SAINT JOSEPH EAST,LEXINGTON,KY,Acute Care Hospitals,hospital_info,HIP-KNEE,Hip/knee replacement,1.3861,9.5143,6.8643,75,11,False
180143,SAINT JOSEPH EAST,LEXINGTON,KY,Acute Care Hospitals,hospital_info,PN,Pneumonia,1.0579,16.5971,15.6888,104,21,False
180154,"PINEVILLE COMMUNITY HEALTH CENTER, INC",PINEVILLE,KY,Acute Care Hospitals,hospital_info,HF,Heart failure,1.0124,18.3017,18.0784,,,True
180154,"PINEVILLE COMMUNITY HEALTH CENTER, INC",PINEVILLE,KY,Acute Care Hospitals,hospital_info,PN,Pneumonia,1.0329,16.6153,16.0857,,,True
190002,OCHSNER LAFAYETTE GENERAL MEDICAL CENTER,LAFAYETTE,LA,Acute Care Hospitals,hospital_info,AMI,Heart attack,1.0538,14.9221,14.1599,223,36,False
190002,OCHSNER LAFAYETTE GENERAL MEDICAL CENTER,LAFAYETTE,LA,Acute Care Hospitals,hospital_info,CABG,Coronary artery bypass graft surgery,1.2341,13.3439,10.8126,198,32,False
190004,THIBODAUX REGIONAL MEDICAL CENTER,THIBODAUX,LA,Acute Care Hospitals,hospital_info,AMI,Heart attack,1.0008,14.6018,14.5906,123,18,False
190005,UNIVERSITY MEDICAL CENTER NEW ORLEANS,NEW ORLEANS,LA,Acute Care Hospitals,hospital_info,HF,Heart failure,1.003,20.2466,20.1855,73,15,False
190006,OCHSNER UNIVERSITY HOSPITAL AND CLINICS,LAFAYETTE,LA,Acute Care Hospitals,hospital_info,HF,Heart failure,1.0738,22.6364,21.0801,65,20,False
190006,OCHSNER UNIVERSITY HOSPITAL AND CLINICS,LAFAYETTE,LA,Acute Care Hospitals,hospital_info,PN,Pneumonia,1.0722,18.0394,16.8252,57,15,False
190007,NATCHITOCHES REGIONAL MEDICAL CENTER,NATCHITOCHES,LA,Acute Care Hospitals,hospital_info,PN,Pneumonia,1.0294,17.0599,16.5733,94,18,False
190008,TERREBONNE GENERAL MEDICAL CENTER - PARISH,HOUMA,LA,Acute Care Hospitals,hospital_info,AMI,Heart attack,1.067,15.5202,14.5458,88,17,False
190008,TERREBONNE GENERAL MEDICAL CENTER - PARISH,HOUMA,LA,Acute Care Hospitals,hospital_info,CABG,Coronary artery bypass graft surgery,1.0277,9.7382,9.476,,,True
190014,OCHSNER ST MARY,MORGAN CITY,LA,Acute Care Hospitals,hospital_info,COPD,Chronic obstructive pulmonary disease,1.0312,18.6316,18.0683,,,True
190014,OCHSNER ST MARY,MORGAN CITY,LA,Acute Care Hospitals,hospital_info,HF,Heart failure,1.0057,18.1104,18.008,,,True
190014,OCHSNER ST MARY,MORGAN CITY,LA,Acute Care Hospitals,hospital_info,PN,Pneumonia,1.0195,13.2933,13.0393,81,12,False
190015,NORTH OAKS MEDICAL CENTER,HAMMOND,LA,Acute Care Hospitals,hospital_info,AMI,Heart attack,1.1129,15.7657,14.1658,111,23,False
190015,NORTH OAKS MEDICAL CENTER,HAMMOND,LA,Acute Care Hospitals,hospital_info,COPD,Chronic obstructive pulmonary disease,1.012,18.9614,18.7366,85,17,False
190015,NORTH OAKS MEDICAL CENTER,HAMMOND,LA,Acute Care Hospitals,hospital_info,HF,Heart failure,1.1447,22.386,19.5561,447,110,False
190015,NORTH OAKS MEDICAL CENTER,HAMMOND,LA,Acute Care Hospitals,hospital_info,PN,Pneumonia,1.1139,17.1449,15.3916,407,77,False
190017,OPELOUSAS GENERAL HEALTH SYSTEM,OPELOUSAS,LA,Acute Care Hospitals,hospital_info,AMI,Heart attack,1.091,12.4216,11.386,62,12,False
190017,OPELOUSAS GENERAL HEALTH SYSTEM,OPELOUSAS,LA,Acute Care Hospitals,hospital_info,HF,Heart failure,1.0158,20.685,20.3639,154,33,False
190017,OPELOUSAS GENERAL HEALTH SYSTEM,OPELOUSAS,LA,Acute Care Hospitals,hospital_info,HIP-KNEE,Hip/knee replacement,1.0242,6.387,6.2363,,,True
190017,OPELOUSAS GENERAL HEALTH SYSTEM,OPELOUSAS,LA,Acute Care Hospitals,hospital_info,PN,Pneumonia,1.0454,18.0429,17.2589,238,46,False
190019,CHRISTUS ST FRANCES CABRINI HOSPITAL,ALEXANDRIA,LA,Acute Care Hospitals,hospital_info,CABG,Coronary artery bypass graft surgery,1.0919,12.3599,11.3197,,,True
190019,CHRISTUS ST FRANCES CABRINI HOSPITAL,ALEXANDRIA,LA,Acute Care Hospitals,hospital_info,COPD,Chronic obstructive pulmonary disease,1.0018,18.0068,17.9747,127,23,False
190019,CHRISTUS ST FRANCES CABRINI HOSPITAL,ALEXANDRIA,LA,Acute Care Hospitals,hospital_info,HF,Heart failure,1.0205,20.4096,20.0001,468,97,False
190020,LANE REGIONAL MEDICAL CENTER,ZACHARY,LA,Acute Care Hospitals,hospital_info,HF,Heart failure,1.0274,18.3596,17.8694,104,21,False
190020,LANE REGIONAL MEDICAL CENTER,ZACHARY,LA,Acute Care Hospitals,hospital_info,HIP-KNEE,Hip/knee replacement,1.1201,5.7422,5.1265,,,True
190020,LANE REGIONAL MEDICAL CENTER,ZACHARY,LA,Acute Care Hospitals,hospital_info,PN,Pneumonia,1.0137,14.7704,14.5707,82,13,False
190026,RAPIDES REGIONAL MEDICAL CENTER,ALEXANDRIA,LA,Acute Care Hospitals,hospital_info,AMI,Heart attack,1.0518,13.0838,12.4399,164,24,False
190026,RAPIDES REGIONAL MEDICAL CENTER,ALEXANDRIA,LA,Acute Care Hospitals,hospital_info,PN,Pneumonia,1.1335,18.1228,15.989,444,89,False
190027,CHRISTUS OCHSNER ST PATRICK HOSPITAL,LAKE CHARLES,LA,Acute Care Hospitals,hospital_info,AMI,Heart attack,1.1042,14.2532,12.9076,126,23,False
190027,CHRISTUS OCHSNER ST PATRICK HOSPITAL,LAKE CHARLES,LA,Acute Care Hospitals,hospital_info,CABG,Coronary artery bypass graft surgery,1.0887,11.416,10.4858,,,True
190027,CHRISTUS OCHSNER ST PATRICK HOSPITAL,LAKE CHARLES,LA,Acute Care Hospitals,hospital_info,COPD,Chronic obstructive pulmonary disease,1.0095,17.4005,17.2373,65,12,False
190036,OCHSNER MEDICAL CENTER ACUTE,NEW ORLEANS,LA,Acute Care Hospitals,hospital_info,COPD,Chronic obstructive pulmonary disease,1.0655,21.524,20.2018,112,29,False
190036,OCHSNER MEDICAL CENTER ACUTE,NEW ORLEANS,LA,Acute Care Hospitals,hospital_info,PN,Pneumonia,1.0986,17.3518,15.7939,384,73,False
190039,WEST JEFFERSON MEDICAL CENTER,MARRERO,LA,Acute Care Hospitals,hospital_info,HF,Heart failure,1.041,20.2982,19.4995,232,50,False
190039,WEST JEFFERSON MEDICAL CENTER,MARRERO,LA,Acute Care Hospitals,hospital_info,PN,Pneumonia,1.037,17.5651,16.9379,77,16,False
190040,SLIDELL MEMORIAL HOSPITAL,SLIDELL,LA,Acute Care Hospitals,hospital_info,AMI,Heart attack,1.0725,13.7863,12.8544,105,18,False
190040,SLIDELL MEMORIAL HOSPITAL,SLIDELL,LA,Acute Care Hospitals,hospital_info,CABG,Coronary artery bypass graft surgery,1.0754,11.5996,10.7862,,,True
190040,SLIDELL MEMORIAL HOSPITAL,SLIDELL,LA,Acute Care Hospitals,hospital_info,COPD,Chronic obstructive pulmonary disease,1.0857,20.7469,19.1087,105,28,False
190040,SLIDELL MEMORIAL HOSPITAL,SLIDELL,LA,Acute Care Hospitals,hospital_info,HF,Heart failure,1.1517,23.3601,20.284,383,100,False
190040,SLIDELL MEMORIAL HOSPITAL,SLIDELL,LA,Acute Care Hospitals,hospital_info,PN,Pneumonia,1.0669,18.5752,17.4101,202,42,False
190041,CHRISTUS SHREVEPORT-BOSSIER HEALTH SYSTEM,SHREVEPORT,LA,Acute Care Hospitals,hospital_info,AMI,Heart attack,1.0558,14.1668,13.4187,192,30,False
190041,CHRISTUS SHREVEPORT-BOSSIER HEALTH SYSTEM,SHREVEPORT,LA,Acute Care Hospitals,hospital_info,CABG,Coronary artery bypass graft surgery,1.0336,10.4079,10.0691,136,15,False
190041,CHRISTUS SHREVEPORT-BOSSIER HEALTH SYSTEM,SHREVEPORT,LA,Acute Care Hospitals,hospital_info,COPD,Chronic obstructive pulmonary disease,1.0081,16.8248,16.6894,157,27,False
190041,CHRISTUS SHREVEPORT-BOSSIER HEALTH SYSTEM,SHREVEPORT,LA,Acute Care Hospitals,hospital_info,HF,Heart failure,1.0092,19.3674,19.1901,611,119,False
190041,CHRISTUS SHREVEPORT-BOSSIER HEALTH SYSTEM,SHREVEPORT,LA,Acute Care Hospitals,hospital_info,PN,Pneumonia,1.0998,17.0066,15.4631,415,77,False
190044,ACADIA GENERAL HOSPITAL,CROWLEY,LA,Acute Care Hospitals,hospital_info,HIP-KNEE,Hip/knee replacement,1.0236,5.2545,5.1334,,,True
190045,ST TAMMANY PARISH HOSPITAL,COVINGTON,LA,Acute Care Hospitals,hospital_info,CABG,Coronary artery bypass graft surgery,1.2217,12.7315,10.4211,69,14,False
190045,ST TAMMANY PARISH HOSPITAL,COVINGTON,LA,Acute Care Hospitals,hospital_info,COPD,Chronic obstructive pulmonary disease,1.0301,20.9683,20.3547,118,27,False
190045,ST TAMMANY PARISH HOSPITAL,COVINGTON,LA,Acute Care Hospitals,hospital_info,HIP-KNEE,Hip/knee replacement,1.0773,8.1516,7.5668,,,True
190046,TOURO INFIRMARY,NEW ORLEANS,LA,Acute Care Hospitals,hospital_info,CABG,Coronary artery bypass graft surgery,1.0034,10.4484,10.4125,,,True
190046,TOURO INFIRMARY,NEW ORLEANS,LA,Acute Care Hospitals,hospital_info,COPD,Chronic obstructive pulmonary disease,1.0022,18.997,18.9557,,,True
190046,TOURO INFIRMARY,NEW ORLEANS,LA,Acute Care Hospitals,hospital_info,HF,Heart failure,1.0183,19.4418,19.0919,127,26,False
190046,TOURO INFIRMARY,NEW ORLEANS,LA,Acute Care Hospitals,hospital_info,PN,Pneumonia,1.0996,17.7233,16.1177,116,27,False
190050,BEAUREGARD MEMORIAL HOSPITAL,DERIDDER,LA,Acute Care Hospitals,hospital_info,HF,Heart failure,1.0173,19.0457,18.7214,67,14,False
190053,OCHSNER AMERICAN LEGION HOSPITAL,JENNINGS,LA,Acute Care Hospitals,hospital_info,COPD,Chronic obstructive pulmonary disease,1.0167,18.0889,17.7915,54,11,False
190053,OCHSNER AMERICAN LEGION HOSPITAL,JENNINGS,LA,Acute Care Hospitals,hospital_info,HF,Heart failure,1.0831,19.8751,18.3495,127,31,False
190053,OCHSNER AMERICAN LEGION HOSPITAL,JENNINGS,LA,Acute Care Hospitals,hospital_info,PN,Pneumonia,1.0176,15.2767,15.0118,143,23,False
190054,IBERIA MEDICAL CENTER,NEW IBERIA,LA,Acute Care Hospitals,hospital_info,HIP-KNEE,Hip/knee replacement,1.0506,4.6964,4.4703,,,True
190060,LAKE CHARLES MEMORIAL HOSPITAL,LAKE CHARLES,LA,Acute Care Hospitals,hospital_info,CABG,Coronary artery bypass graft surgery,1.0418,10.3974,9.9803,,,True
190060,LAKE CHARLES MEMORIAL HOSPITAL,LAKE CHARLES,LA,Acute Care Hospitals,hospital_info,HF,Heart failure,1.0191,20.0068,19.6316,378,77,False
190065,BATON ROUGE GENERAL MEDICAL CENTER,BATON ROUGE,LA,Acute Care Hospitals,hospital_info,HIP-KNEE,Hip/knee replacement,1.2935,7.0276,5.4331,114,11,False
190065,BATON ROUGE GENERAL MEDICAL CENTER,BATON ROUGE,LA,Acute Care Hospitals,hospital_info,PN,Pneumonia,1.0185,16.2277,15.9329,356,59,False
190086,NORTHERN LOUISIANA MEDICAL CENTER,RUSTON,LA,Acute Care Hospitals,hospital_info,AMI,Heart attack,1.0233,13.182,12.882,,,True
190086,NORTHERN LOUISIANA MEDICAL CENTER,RUSTON,LA,Acute Care Hospitals,hospital_info,COPD,Chronic obstructive pulmonary disease,1.0118,16.6491,16.4556,,,True
190086,NORTHERN LOUISIANA MEDICAL CENTER,RUSTON,LA,Acute Care Hospitals,hospital_info,PN,Pneumonia,1.0247,14.3751,14.028,135,21,False
190090,WINN PARISH MEDICAL CENTER,WINNFIELD,LA,Acute Care Hospitals,hospital_info,PN,Pneumonia,1.022,14.4492,14.1381,94,15,False
190098,OCHSNER LSU HEALTH SHREVEPORT,SHREVEPORT,LA,Acute Care Hospitals,hospital_info,AMI,Heart attack,1.0147,17.3436,17.0919,,,True
190099,AVOYELLES HOSPITAL,MARKSVILLE,LA,Acute Care Hospitals,hospital_info,HF,Heart failure,1.0527,16.939,16.0918,,,True
190099,AVOYELLES HOSPITAL,MARKSVILLE,LA,Acute Care Hospitals,hospital_info,PN,Pneumonia,1.0617,13.6461,12.853,67,13,False
190102,"OUR LADY OF LOURDES REGIONAL MEDICAL CENTER, INC",LAFAYETTE,LA,Acute Care Hospitals,hospital_info,AMI,Heart attack,1.0347,13.3701,12.9221,376,52,False
190102,"OUR LADY OF LOURDES REGIONAL MEDICAL CENTER, INC",LAFAYETTE,LA,Acute Care Hospitals,hospital_info,CABG,Coronary artery bypass graft surgery,1.0899,10.1923,9.3518,204,23,False
190102,"OUR LADY OF LOURDES REGIONAL MEDICAL CENTER, INC",LAFAYETTE,LA,Acute Care Hospitals,hospital_info,COPD,Chronic obstructive pulmonary disease,1.052,17.8376,16.9558,153,31,False
190102,"OUR LADY OF LOURDES REGIONAL MEDICAL CENTER, INC",LAFAYETTE,LA,Acute Care Hospitals,hospital_info,HF,Heart failure,1.0417,19.5922,18.8079,771,154,False
190111,WILLIS KNIGHTON MEDICAL CENTER,SHREVEPORT,LA,Acute Care Hospitals,hospital_info,AMI,Heart attack,1.0439,13.5831,13.0125,352,50,False
190111,WILLIS KNIGHTON MEDICAL CENTER,SHREVEPORT,LA,Acute Care Hospitals,hospital_info,CABG,Coronary artery bypass graft surgery,1.1979,11.9584,9.9832,170,25,False
190111,WILLIS KNIGHTON MEDICAL CENTER,SHREVEPORT,LA,Acute Care Hospitals,hospital_info,HF,Heart failure,1.0191,20.6948,20.3079,1182,246,False
190111,WILLIS KNIGHTON MEDICAL CENTER,SHREVEPORT,LA,Acute Care Hospitals,hospital_info,PN,Pneumonia,1.0468,16.203,15.4788,1055,174,False
190114,CLAIBORNE MEMORIAL MEDICAL CENTER,HOMER,LA,Acute Care Hospitals,hospital_info,HF,Heart failure,1.0771,19.2433,17.8662,45,14,False
190114,CLAIBORNE MEMORIAL MEDICAL CENTER,HOMER,LA,Acute Care Hospitals,hospital_info,PN,Pneumonia,1.0247,14.5664,14.2153,147,23,False
190116,MOREHOUSE GENERAL HOSPITAL,BASTROP,LA,Acute Care Hospitals,hospital_info,HF,Heart failure,1.0158,17.2512,16.9827,,,True
190125,FMOL HEALTH ST FRANCIS,MONROE,LA,Acute Care Hospitals,hospital_info,HF,Heart failure,1.007,19.3664,19.2318,395,77,False
190140,FRANKLIN MEDICAL CENTER,WINNSBORO,LA,Acute Care Hospitals,hospital_info,PN,Pneumonia,1.0012,14.6826,14.6648,88,13,False
190144,MINDEN MEDICAL CENTER,MINDEN,LA,Acute Care Hospitals,hospital_info,COPD,Chronic obstructive pulmonary disease,1.0029,14.5218,14.4791,,,True
190144,MINDEN MEDICAL CENTER,MINDEN,LA,Acute Care Hospitals,hospital_info,PN,Pneumonia,1.069,16.6759,15.6002,141,28,False
190145,LASALLE GENERAL HOSPITAL,JENA,LA,Acute Care Hospitals,hospital_info,HF,Heart failure,1.0212,16.7949,16.4465,,,True
190145,LASALLE GENERAL HOSPITAL,JENA,LA,Acute Care Hospitals,hospital_info,PN,Pneumonia,1.0186,16.2664,15.9687,60,11,False
190160,GLENWOOD REGIONAL MEDICAL CENTER,WEST MONROE,LA,Acute Care Hospitals,hospital_info,AMI,Heart attack,1.1714,15.4214,13.1647,239,45,False
190160,GLENWOOD REGIONAL MEDICAL CENTER,WEST MONROE,LA,Acute Care Hospitals,hospital_info,COPD,Chronic obstructive pulmonary disease,1.0522,19.5579,18.588,93,22,False
190160,GLENWOOD REGIONAL MEDICAL CENTER,WEST MONROE,LA,Acute Care Hospitals,hospital_info,HF,Heart failure,1.1494,21.9313,19.08,423,103,False
190160,GLENWOOD REGIONAL MEDICAL CENTER,WEST MONROE,LA,Acute Care Hospitals,hospital_info,HIP-KNEE,Hip/knee replacement,1.0668,5.602,5.2513,,,True
190160,GLENWOOD REGIONAL MEDICAL CENTER,WEST MONROE,LA,Acute Care Hospitals,hospital_info,PN,Pneumonia,1.0115,15.6197,15.4414,296,47,False
190164,BYRD REGIONAL HOSPITAL,LEESVILLE,LA,Acute Care Hospitals,hospital_info,COPD,Chronic obstructive pulmonary disease,1.0465,19.9596,19.0732,93,22,False
190164,BYRD REGIONAL HOSPITAL,LEESVILLE,LA,Acute Care Hospitals,hospital_info,HF,Heart failure,1.0416,21.7192,20.8515,115,28,False
190164,BYRD REGIONAL HOSPITAL,LEESVILLE,LA,Acute Care Hospitals,hospital_info,PN,Pneumonia,1.0813,18.2454,16.8735,146,32,False
190167,MERCY REGIONAL MEDICAL CENTER,VILLE PLATTE,LA,Acute Care Hospitals,hospital_info,HF,Heart failure,1.0109,17.7423,17.551,,,True
190176,EAST JEFFERSON GENERAL HOSPITAL,METAIRIE,LA,Acute Care Hospitals,hospital_info,AMI,Heart attack,1.1203,16.2336,14.4901,142,29,False
190176,EAST JEFFERSON GENERAL HOSPITAL,METAIRIE,LA,Acute Care Hospitals,hospital_info,CABG,Coronary artery bypass graft surgery,1.0565,11.3757,10.7673,84,11,False
190176,EAST JEFFERSON GENERAL HOSPITAL,METAIRIE,LA,Acute Care Hospitals,hospital_info,PN,Pneumonia,1.0068,16.1993,16.0895,312,51,False
190183,LEONARD J CHABERT MEDICAL CENTER,HOUMA,LA,Acute Care Hospitals,hospital_info,PN,Pneumonia,1.0492,15.6094,14.8774,,,True
190184,CITIZENS MEDICAL CENTER,COLUMBIA,LA,Acute Care Hospitals,hospital_info,HF,Heart failure,1.0285,20.3407,19.7771,44,11,False
190184,CITIZENS MEDICAL CENTER,COLUMBIA,LA,Acute Care Hospitals,hospital_info,PN,Pneumonia,1.0647,16.2219,15.2355,42,11,False
190190,"CALDWELL MEMORIAL HOSPITAL, INC",COLUMBIA,LA,Acute Care Hospitals,hospital_info,HF,Heart failure,1.0226,20.4657,20.0128,,,True
190202,OCHSNER MEDICAL CENTER - BATON ROUGE,BATON ROUGE,LA,Acute Care Hospitals,hospital_info,HF,Heart failure,1.0133,20.3703,20.1037,226,47,False
190202,OCHSNER MEDICAL CENTER - BATON ROUGE,BATON ROUGE,LA,Acute Care Hospitals,hospital_info,PN,Pneumonia,1.0257,16.0315,15.63,108,19,False
190208,EAST CARROLL PARISH HOSPITAL,LAKE PROVIDENCE,LA,Acute Care Hospitals,hospital_info,COPD,Chronic obstructive pulmonary disease,1.1093,17.8292,16.072,48,16,False
190256,STERLING SURGICAL HOSPITAL,SLIDELL,LA,Acute Care Hospitals,hospital_info,HIP-KNEE,Hip/knee replacement,1.141,4.9508,4.3389,,,True
190274,OCHSNER MEDICAL CENTER-KENNER,KENNER,LA,Acute Care Hospitals,hospital_info,AMI,Heart attack,1.011,14.5799,14.4219,,,True
190278,SPECIALISTS HOSPITAL SHREVEPORT,SHREVEPORT,LA,Acute Care Hospitals,hospital_info,HIP-KNEE,Hip/knee replacement,1.1157,6.9649,6.2425,,,True
190298,CHRISTUS CENTRAL LOUISIANA SURGICAL HOSPITAL,ALEXANDRIA,LA,Acute Care Hospitals,hospital_info,HIP-KNEE,Hip/knee replacement,1.3037,7.2894,5.5913,177,16,False
190308,ST BERNARD PARISH HOSPITAL,CHALMETTE,LA,Acute Care Hospitals,hospital_info,HF,Heart failure,1.0217,20.1022,19.6743,,,True
190312,OUR LADY OF THE ANGELS HOSPITAL,BOGALUSA,LA,Acute Care Hospitals,hospital_info,HF,Heart failure,1.0306,20.5092,19.9003,,,True
190312,OUR LADY OF THE ANGELS HOSPITAL,BOGALUSA,LA,Acute Care Hospitals,hospital_info,PN,Pneumonia,1.0018,18.2926,18.2602,,,True
190316,THE GENERAL,BATON ROUGE,LA,Acute Care Hospitals,hospital_info,HF,Heart failure,1.0478,17.5662,16.7641,,,True
190318,ACADIAN MEDICAL CENTER,EUNICE,LA,Acute Care Hospitals,hospital_info,HF,Heart failure,1.025,18.8342,18.3756,49,11,False
200001,ST JOSEPH HOSPITAL,BANGOR,ME,Acute Care Hospitals,hospital_info,COPD,Chronic obstructive pulmonary disease,1.024,18.9643,18.5194,75,16,False
200001,ST JOSEPH HOSPITAL,BANGOR,ME,Acute Care Hospitals,hospital_info,PN,Pneumonia,1.1728,16.9634,14.464,273,57,False
200008,NORTHERN LIGHT MERCY HOSPITAL,PORTLAND,ME,Acute Care Hospitals,hospital_info,HF,Heart failure,1.0132,17.951,17.7176,123,23,False
200020,YORK HOSPITAL,YORK,ME,Acute Care Hospitals,hospital_info,PN,Pneumonia,1.0297,13.5337,13.1436,193,28,False
200021,MAINEHEALTH MID COAST HOSPITAL,BRUNSWICK,ME,Acute Care Hospitals,hospital_info,COPD,Chronic obstructive pulmonary disease,1.0213,14.4136,14.1125,,,True
200031,CARY MEDICAL CENTER,CARIBOU,ME,Acute Care Hospitals,hospital_info,COPD,Chronic obstructive pulmonary disease,1.0573,15.0838,14.2663,47,11,False
200031,CARY MEDICAL CENTER,CARIBOU,ME,Acute Care Hospitals,hospital_info,HF,Heart failure,1.0907,20.8541,19.1207,56,18,False
200050,NORTHERN LIGHT MAINE COAST HOSPITAL,ELLSWORTH,ME,Acute Care Hospitals,hospital_info,PN,Pneumonia,1.0222,16.156,15.8054,90,16,False
200063,MAINEHEALTH PEN BAY HOSPITAL,ROCKPORT,ME,Acute Care Hospitals,hospital_info,HF,Heart failure,1.0339,18.6225,18.0128,143,29,False
200063,MAINEHEALTH PEN BAY HOSPITAL,ROCKPORT,ME,Acute Care Hospitals,hospital_info,PN,Pneumonia,1.0266,13.2009,12.8589,116,17,False
210001,MERITUS MEDICAL CENTER,HAGERSTOWN,MD,Acute Care Hospitals,hospital_info,AMI,Heart attack,1.0361,14.495,13.9899,284,43,False
210001,MERITUS MEDICAL CENTER,HAGERSTOWN,MD,Acute Care Hospitals,hospital_info,PN,Pneumonia,1.2406,19.4437,15.6728,896,189,False
210002,UNIVERSITY OF MARYLAND MEDICAL CENTER,BALTIMORE,MD,Acute Care Hospitals,hospital_info,AMI,Heart attack,1.0251,16.0484,15.6557,210,35,False
210002,UNIVERSITY OF MARYLAND MEDICAL CENTER,BALTIMORE,MD,Acute Care Hospitals,hospital_info,COPD,Chronic obstructive pulmonary disease,1.0013,21.2354,21.2076,89,19,False
210003,UNIVERSITY OF MD CAPITAL REGION MEDICAL CENTER,UPPER MARLBORO,MD,Acute Care Hospitals,hospital_info,COPD,Chronic obstructive pulmonary disease,1.0407,22.6182,21.7331,110,28,False
210003,UNIVERSITY OF MD CAPITAL REGION MEDICAL CENTER,UPPER MARLBORO,MD,Acute Care Hospitals,hospital_info,HF,Heart failure,1.1122,23.2371,20.8928,211,57,False
210004,HOLY CROSS HOSPITAL,SILVER SPRING,MD,Acute Care Hospitals,hospital_info,AMI,Heart attack,1.0566,14.6908,13.9036,83,15,False
210005,FREDERICK HEALTH HOSPITAL,FREDERICK,MD,Acute Care Hospitals,hospital_info,AMI,Heart attack,1.0095,14.0196,13.8878,182,26,False
210005,FREDERICK HEALTH HOSPITAL,FREDERICK,MD,Acute Care Hospitals,hospital_info,COPD,Chronic obstructive pulmonary disease,1.064,20.6493,19.4063,379,83,False
210005,FREDERICK HEALTH HOSPITAL,FREDERICK,MD,Acute Care Hospitals,hospital_info,HIP-KNEE,Hip/knee replacement,1.001,5.2348,5.2298,,,True
210008,MERCY MEDICAL CENTER INC,BALTIMORE,MD,Acute Care Hospitals,hospital_info,COPD,Chronic obstructive pulmonary disease,1.0257,21.7549,21.2093,46,12,False
210008,MERCY MEDICAL CENTER INC,BALTIMORE,MD,Acute Care Hospitals,hospital_info,HF,Heart failure,1.1038,22.4112,20.3035,168,45,False
210008,MERCY MEDICAL CENTER INC,BALTIMORE,MD,Acute Care Hospitals,hospital_info,HIP-KNEE,Hip/knee replacement,1.2646,8.0741,6.3849,,,True
210008,MERCY MEDICAL CENTER INC,BALTIMORE,MD,Acute Care Hospitals,hospital_info,PN,Pneumonia,1.0485,17.7113,16.8918,72,16,False
210009,"JOHNS HOPKINS HOSPITAL, THE",BALTIMORE,MD,Acute Care Hospitals,hospital_info,AMI,Heart attack,1.0249,15.4362,15.0608,186,30,False
210011,SAINT AGNES HOSPITAL,BALTIMORE,MD,Acute Care Hospitals,hospital_info,COPD,Chronic obstructive pulmonary disease,1.027,19.5978,19.0834,255,52,False
210011,SAINT AGNES HOSPITAL,BALTIMORE,MD,Acute Care Hospitals,hospital_info,HIP-KNEE,Hip/knee replacement,1.2082,6.4818,5.3647,,,True
210011,SAINT AGNES HOSPITAL,BALTIMORE,MD,Acute Care Hospitals,hospital_info,PN,Pneumonia,1.0132,15.4512,15.2494,305,48,False
210012,SINAI HOSPITAL OF BALTIMORE,BALTIMORE,MD,Acute Care Hospitals,hospital_info,HF,Heart failure,1.0459,21.8376,20.8797,461,104,False
210015,MEDSTAR FRANKLIN SQUARE MEDICAL CENTER,ROSEDALE,MD,Acute Care Hospitals,hospital_info,AMI,Heart attack,1.0554,17.5931,16.6695,194,37,False
210016,ADVENTIST HEALTHCARE WHITE OAK MEDICAL CENTER,SILVER SPRING,MD,Acute Care Hospitals,hospital_info,AMI,Heart attack,1.038,13.8941,13.385,267,39,False
210016,ADVENTIST HEALTHCARE WHITE OAK MEDICAL CENTER,SILVER SPRING,MD,Acute Care Hospitals,hospital_info,CABG,Coronary artery bypass graft surgery,1.0994,11.4427,10.4081,223,28,False
210016,ADVENTIST HEALTHCARE WHITE OAK MEDICAL CENTER,SILVER SPRING,MD,Acute Care Hospitals,hospital_info,COPD,Chronic obstructive pulmonary disease,1.0242,19.6019,19.1387,149,31,False
210016,ADVENTIST HEALTHCARE WHITE OAK MEDICAL CENTER,SILVER SPRING,MD,Acute Care Hospitals,hospital_info,HIP-KNEE,Hip/knee replacement,1.0663,5.3847,5.05,,,True
210016,ADVENTIST HEALTHCARE WHITE OAK MEDICAL CENTER,SILVER SPRING,MD,Acute Care Hospitals,hospital_info,PN,Pneumonia,1.006,16.2635,16.1666,514,84,False
210018,MEDSTAR MONTGOMERY MEDICAL CENTER,OLNEY,MD,Acute Care Hospitals,hospital_info,COPD,Chronic obstructive pulmonary disease,1.0035,19.5639,19.4956,106,21,False
210019,"TIDALHEALTH PENINSULA REGIONAL, INC",SALISBURY,MD,Acute Care Hospitals,hospital_info,AMI,Heart attack,1.0142,14.166,13.9681,482,69,False
210022,SUBURBAN HOSPITAL,BETHESDA,MD,Acute Care Hospitals,hospital_info,AMI,Heart attack,1.0042,12.9843,12.9294,291,38,False
210022,SUBURBAN HOSPITAL,BETHESDA,MD,Acute Care Hospitals,hospital_info,HF,Heart failure,1.0287,18.4903,17.9742,849,159,False
210022,SUBURBAN HOSPITAL,BETHESDA,MD,Acute Care Hospitals,hospital_info,HIP-KNEE,Hip/knee replacement,1.0744,5.664,5.2716,,,True
210022,SUBURBAN HOSPITAL,BETHESDA,MD,Acute Care Hospitals,hospital_info,PN,Pneumonia,1.0293,14.8588,14.4362,640,97,False
210023,"LUMINIS HEALTH ANNE ARUNDEL MEDICAL CENTER, INC",ANNAPOLIS,MD,Acute Care Hospitals,hospital_info,AMI,Heart attack,1.0701,13.891,12.981,371,55,False
210023,"LUMINIS HEALTH ANNE ARUNDEL MEDICAL CENTER, INC",ANNAPOLIS,MD,Acute Care Hospitals,hospital_info,COPD,Chronic obstructive pulmonary disease,1.0214,19.4847,19.0771,541,107,False
210023,"LUMINIS HEALTH ANNE ARUNDEL MEDICAL CENTER, INC",ANNAPOLIS,MD,Acute Care Hospitals,hospital_info,HIP-KNEE,Hip/knee replacement,1.1052,5.9402,5.3749,250,16,False
210023,"LUMINIS HEALTH ANNE ARUNDEL MEDICAL CENTER, INC",ANNAPOLIS,MD,Acute Care Hospitals,hospital_info,PN,Pneumonia,1.0108,15.3458,15.1815,1253,193,False
210024,MEDSTAR UNION MEMORIAL HOSPITAL,BALTIMORE,MD,Acute Care Hospitals,hospital_info,COPD,Chronic obstructive pulmonary disease,1.0171,23.582,23.1845,168,41,False
210027,WESTERN MARYLAND REGIONAL MEDICAL CENTER,CUMBERLAND,MD,Acute Care Hospitals,hospital_info,AMI,Heart attack,1.0427,14.287,13.7014,209,32,False
210027,WESTERN MARYLAND REGIONAL MEDICAL CENTER,CUMBERLAND,MD,Acute Care Hospitals,hospital_info,COPD,Chronic obstructive pulmonary disease,1.0343,19.6165,18.9662,288,59,False
210028,MEDSTAR SAINT MARY'S HOSPITAL,LEONARDTOWN,MD,Acute Care Hospitals,hospital_info,HF,Heart failure,1.0307,20.747,20.1283,399,85,False
210029,JOHNS HOPKINS BAYVIEW MEDICAL CENTER,BALTIMORE,MD,Acute Care Hospitals,hospital_info,COPD,Chronic obstructive pulmonary disease,1.0156,22.422,22.0766,280,64,False
210032,UNION HOSPITAL OF CECIL COUNTY,ELKTON,MD,Acute Care Hospitals,hospital_info,COPD,Chronic obstructive pulmonary disease,1.0488,20.8447,19.8754,304,67,False
210032,UNION HOSPITAL OF CECIL COUNTY,ELKTON,MD,Acute Care Hospitals,hospital_info,HF,Heart failure,1.0007,19.6672,19.6542,315,62,False
210032,UNION HOSPITAL OF CECIL COUNTY,ELKTON,MD,Acute Care Hospitals,hospital_info,HIP-KNEE,Hip/knee replacement,1.0179,5.8404,5.7376,,,True
210032,UNION HOSPITAL OF CECIL COUNTY,ELKTON,MD,Acute Care Hospitals,hospital_info,PN,Pneumonia,1.0336,16.4996,15.9628,338,58,False
210033,CARROLL HOSPITAL CENTER,WESTMINSTER,MD,Acute Care Hospitals,hospital_info,COPD,Chronic obstructive pulmonary disease,1.0005,18.0242,18.0152,427,77,False
210033,CARROLL HOSPITAL CENTER,WESTMINSTER,MD,Acute Care Hospitals,hospital_info,HF,Heart failure,1.0133,20.1405,19.8767,740,150,False
210033,CARROLL HOSPITAL CENTER,WESTMINSTER,MD,Acute Care Hospitals,hospital_info,PN,Pneumonia,1.0468,16.0466,15.3298,922,151,False
210034,MEDSTAR HARBOR HOSPITAL,BALTIMORE,MD,Acute Care Hospitals,hospital_info,AMI,Heart attack,1.023,15.7381,15.3845,,,True
210035,UNIVERSITY OF MD CHARLES REGIONAL  MEDICAL CENTER,LA PLATA,MD,Acute Care Hospitals,hospital_info,HF,Heart failure,1.0309,21.2225,20.5866,258,57,False
210037,UNIVERSITY OF MD SHORE MEDICAL CENTER AT EASTON,EASTON,MD,Acute Care Hospitals,hospital_info,HIP-KNEE,Hip/knee replacement,1.1107,5.3277,4.7966,,,True
210039,CALVERTHEALTH MEDICAL CENTER,PRINCE FREDERICK,MD,Acute Care Hospitals,hospital_info,PN,Pneumonia,1.0168,15.9463,15.6833,432,70,False
210040,NORTHWEST HOSPITAL CENTER,RANDALLSTOWN,MD,Acute Care Hospitals,hospital_info,AMI,Heart attack,1.0422,17.2832,16.5826,51,11,False
210040,NORTHWEST HOSPITAL CENTER,RANDALLSTOWN,MD,Acute Care Hospitals,hospital_info,COPD,Chronic obstructive pulmonary disease,1.0075,20.0132,19.8642,187,38,False
210040,NORTHWEST HOSPITAL CENTER,RANDALLSTOWN,MD,Acute Care Hospitals,hospital_info,HF,Heart failure,1.0648,21.6172,20.3022,529,119,False
210040,NORTHWEST HOSPITAL CENTER,RANDALLSTOWN,MD,Acute Care Hospitals,hospital_info,PN,Pneumonia,1.0152,17.0552,16.7995,422,73,False
210043,UNIVERSITY OF MD BALTIMORE WASHINGTON MEDICAL CENTER,GLEN BURNIE,MD,Acute Care Hospitals,hospital_info,HIP-KNEE,Hip/knee replacement,1.011,6.9365,6.8608,,,True
210048,JOHNS HOPKINS HOWARD COUNTY MEDICAL CENTER,COLUMBIA,MD,Acute Care Hospitals,hospital_info,HF,Heart failure,1.084,19.7977,18.264,799,164,False
210048,JOHNS HOPKINS HOWARD COUNTY MEDICAL CENTER,COLUMBIA,MD,Acute Care Hospitals,hospital_info,HIP-KNEE,Hip/knee replacement,1.1964,6.1955,5.1784,,,True
210048,JOHNS HOPKINS HOWARD COUNTY MEDICAL CENTER,COLUMBIA,MD,Acute Care Hospitals,hospital_info,PN,Pneumonia,1.0487,15.4568,14.7395,730,116,False
210049,UMD UPPER CHESAPEAKE MEDICAL CENTER,BEL AIR,MD,Acute Care Hospitals,hospital_info,COPD,Chronic obstructive pulmonary disease,1.0483,18.6476,17.7876,330,65,False
210049,UMD UPPER CHESAPEAKE MEDICAL CENTER,BEL AIR,MD,Acute Care Hospitals,hospital_info,HIP-KNEE,Hip/knee replacement,1.0579,6.1915,5.8527,,,True
210051,"LUMINIS HEALTH DOCTORS COMMUNITY MEDICAL CTR, INC",LANHAM,MD,Acute Care Hospitals,hospital_info,COPD,Chronic obstructive pulmonary disease,1.0011,20.163,20.1404,193,39,False
210051,"LUMINIS HEALTH DOCTORS COMMUNITY MEDICAL CTR, INC",LANHAM,MD,Acute Care Hospitals,hospital_info,HIP-KNEE,Hip/knee replacement,1.3104,6.1409,4.6863,,,True
210056,MEDSTAR GOOD SAMARITAN HOSPITAL,BALTIMORE,MD,Acute Care Hospitals,hospital_info,AMI,Heart attack,1.006,18.325,18.2156,,,True
210056,MEDSTAR GOOD SAMARITAN HOSPITAL,BALTIMORE,MD,Acute Care Hospitals,hospital_info,COPD,Chronic obstructive pulmonary disease,1.0498,21.4816,20.4632,206,48,False
210056,MEDSTAR GOOD SAMARITAN HOSPITAL,BALTIMORE,MD,Acute Care Hospitals,hospital_info,HF,Heart failure,1.0167,23.342,22.9583,483,114,False
210057,ADVENTIST HEALTHCARE SHADY GROVE MEDICAL CENTER,ROCKVILLE,MD,Acute Care Hospitals,hospital_info,HIP-KNEE,Hip/knee replacement,1.3921,7.0884,5.0919,200,18,False
210057,ADVENTIST HEALTHCARE SHADY GROVE MEDICAL CENTER,ROCKVILLE,MD,Acute Care Hospitals,hospital_info,PN,Pneumonia,1.0473,16.162,15.4314,680,113,False
210060,ADVENTIST HEALTHCARE FORT WASHINGTON MEDICAL CTR,FORT WASHINGTON,MD,Acute Care Hospitals,hospital_info,PN,Pneumonia,1.0208,15.1491,14.8398,156,25,False
210061,ATLANTIC GENERAL HOSPITAL,BERLIN,MD,Acute Care Hospitals,hospital_info,PN,Pneumonia,1.0234,13.758,13.4433,338,48,False
210062,MEDSTAR SOUTHERN MARYLAND HOSPITAL CENTER,CLINTON,MD,Acute Care Hospitals,hospital_info,COPD,Chronic obstructive pulmonary disease,1.0491,21.3565,20.357,156,37,False
210062,MEDSTAR SOUTHERN MARYLAND HOSPITAL CENTER,CLINTON,MD,Acute Care Hospitals,hospital_info,HIP-KNEE,Hip/knee replacement,1.1314,5.2811,4.6676,,,True
210063,UNIVERSITY OF MD ST JOSEPH MEDICAL CENTER,TOWSON,MD,Acute Care Hospitals,hospital_info,CABG,Coronary artery bypass graft surgery,1.0027,10.8859,10.857,376,41,False
210063,UNIVERSITY OF MD ST JOSEPH MEDICAL CENTER,TOWSON,MD,Acute Care Hospitals,hospital_info,HIP-KNEE,Hip/knee replacement,1.1797,7.1954,6.0993,265,21,False
210065,HOLY CROSS GERMANTOWN HOSPITAL,GERMANTOWN,MD,Acute Care Hospitals,hospital_info,AMI,Heart attack,1.0224,15.4156,15.078,,,True
210065,HOLY CROSS GERMANTOWN HOSPITAL,GERMANTOWN,MD,Acute Care Hospitals,hospital_info,COPD,Chronic obstructive pulmonary disease,1.0491,20.5317,19.5703,109,26,False
210065,HOLY CROSS GERMANTOWN HOSPITAL,GERMANTOWN,MD,Acute Care Hospitals,hospital_info,HF,Heart failure,1.0687,20.5697,19.2476,171,40,False
210065,HOLY CROSS GERMANTOWN HOSPITAL,GERMANTOWN,MD,Acute Care Hospitals,hospital_info,HIP-KNEE,Hip/knee replacement,1.0473,5.4591,5.2125,,,True
210065,HOLY CROSS GERMANTOWN HOSPITAL,GERMANTOWN,MD,Acute Care Hospitals,hospital_info,PN,Pneumonia,1.1208,17.204,15.3497,211,44,False
220001,UMASS MEMORIAL HEALTHALLIANCE HOSPITALS,LEOMINSTER,MA,Acute Care Hospitals,hospital_info,AMI,Heart attack,1.0639,13.1616,12.3714,,,True
220001,UMASS MEMORIAL HEALTHALLIANCE HOSPITALS,LEOMINSTER,MA,Acute Care Hospitals,hospital_info,COPD,Chronic obstructive pulmonary disease,1.0207,20.7619,20.3409,214,46,False
220001,UMASS MEMORIAL HEALTHALLIANCE HOSPITALS,LEOMINSTER,MA,Acute Care Hospitals,hospital_info,HF,Heart failure,1.0464,22.0426,21.0662,393,90,False
220001,UMASS MEMORIAL HEALTHALLIANCE HOSPITALS,LEOMINSTER,MA,Acute Care Hospitals,hospital_info,PN,Pneumonia,1.1001,17.3712,15.7904,412,78,False
220002,MOUNT AUBURN HOSPITAL,CAMBRIDGE,MA,Acute Care Hospitals,hospital_info,PN,Pneumonia,1.1017,15.6407,14.1971,477,81,False
220008,STURDY MEMORIAL HOSPITAL,ATTLEBORO,MA,Acute Care Hospitals,hospital_info,COPD,Chronic obstructive pulmonary disease,1.0847,18.784,17.3169,298,62,False
220008,STURDY MEMORIAL HOSPITAL,ATTLEBORO,MA,Acute Care Hospitals,hospital_info,HF,Heart failure,1.1237,21.2669,18.9263,416,97,False
220008,STURDY MEMORIAL HOSPITAL,ATTLEBORO,MA,Acute Care Hospitals,hospital_info,HIP-KNEE,Hip/knee replacement,1.2872,5.3661,4.1688,189,13,False
220008,STURDY MEMORIAL HOSPITAL,ATTLEBORO,MA,Acute Care Hospitals,hospital_info,PN,Pneumonia,1.1319,16.676,14.7321,766,136,False
220010,MERRIMACK HEALTH LAWRENCE HOSPITAL,LAWRENCE,MA,Acute Care Hospitals,hospital_info,AMI,Heart attack,1.0935,14.2758,13.0548,108,20,False
220010,MERRIMACK HEALTH LAWRENCE HOSPITAL,LAWRENCE,MA,Acute Care Hospitals,hospital_info,HF,Heart failure,1.0254,19.7665,19.2774,522,105,False
220012,CAPE COD HOSPITAL,HYANNIS,MA,Acute Care Hospitals,hospital_info,AMI,Heart attack,1.0987,12.468,11.3481,652,86,False
220012,CAPE COD HOSPITAL,HYANNIS,MA,Acute Care Hospitals,hospital_info,CABG,Coronary artery bypass graft surgery,1.0438,8.9683,8.5921,,,True
220012,CAPE COD HOSPITAL,HYANNIS,MA,Acute Care Hospitals,hospital_info,COPD,Chronic obstructive pulmonary disease,1.0473,17.5412,16.7495,340,63,False
220012,CAPE COD HOSPITAL,HYANNIS,MA,Acute Care Hospitals,hospital_info,HF,Heart failure,1.1149,20.1322,18.0582,1188,247,False
220012,CAPE COD HOSPITAL,HYANNIS,MA,Acute Care Hospitals,hospital_info,HIP-KNEE,Hip/knee replacement,1.2925,6.1218,4.7363,,,True
220012,CAPE COD HOSPITAL,HYANNIS,MA,Acute Care Hospitals,hospital_info,PN,Pneumonia,1.0957,16.1452,14.7346,1548,256,False
220015,"COOLEY DICKINSON HOSPITAL INC,THE",NORTHAMPTON,MA,Acute Care Hospitals,hospital_info,COPD,Chronic obstructive pulmonary disease,1.0759,16.3565,15.2031,121,25,False
220015,"COOLEY DICKINSON HOSPITAL INC,THE",NORTHAMPTON,MA,Acute Care Hospitals,hospital_info,HF,Heart failure,1.1401,19.3094,16.9371,423,91,False
220015,"COOLEY DICKINSON HOSPITAL INC,THE",NORTHAMPTON,MA,Acute Care Hospitals,hospital_info,HIP-KNEE,Hip/knee replacement,1.0348,4.6888,4.531,,,True
220016,BAYSTATE FRANKLIN MEDICAL CENTER,GREENFIELD,MA,Acute Care Hospitals,hospital_info,COPD,Chronic obstructive pulmonary disease,1.0546,18.388,17.4363,142,30,False
220016,BAYSTATE FRANKLIN MEDICAL CENTER,GREENFIELD,MA,Acute Care Hospitals,hospital_info,HF,Heart failure,1.0293,18.3187,17.7978,300,57,False
220017,CARNEY HOSPITAL,BOSTON,MA,Acute Care Hospitals,hospital_info,PN,Pneumonia,1.0115,15.9851,15.8034,64,11,False
220019,UMASS MEMORIAL HEALTH - HARRINGTON HOSPITAL,SOUTHBRIDGE,MA,Acute Care Hospitals,hospital_info,COPD,Chronic obstructive pulmonary disease,1.0473,19.0756,18.214,134,29,False
220019,UMASS MEMORIAL HEALTH - HARRINGTON HOSPITAL,SOUTHBRIDGE,MA,Acute Care Hospitals,hospital_info,HF,Heart failure,1.1008,20.6523,18.7617,281,65,False
220019,UMASS MEMORIAL HEALTH - HARRINGTON HOSPITAL,SOUTHBRIDGE,MA,Acute Care Hospitals,hospital_info,PN,Pneumonia,1.1101,15.7221,14.1629,268,49,False
220020,SAINT ANNE'S HOSPITAL,FALL RIVER,MA,Acute Care Hospitals,hospital_info,AMI,Heart attack,1.0545,14.4848,13.7363,71,13,False
220020,SAINT ANNE'S HOSPITAL,FALL RIVER,MA,Acute Care Hospitals,hospital_info,COPD,Chronic obstructive pulmonary disease,1.0421,18.3915,17.6479,152,31,False
220020,SAINT ANNE'S HOSPITAL,FALL RIVER,MA,Acute Care Hospitals,hospital_info,HF,Heart failure,1.0479,20.2907,19.3627,343,73,False
220024,HOLYOKE MEDICAL CENTER,HOLYOKE,MA,Acute Care Hospitals,hospital_info,COPD,Chronic obstructive pulmonary disease,1.0486,17.2381,16.4389,102,21,False
220024,HOLYOKE MEDICAL CENTER,HOLYOKE,MA,Acute Care Hospitals,hospital_info,HF,Heart failure,1.0638,17.9399,16.8633,260,51,False
220024,HOLYOKE MEDICAL CENTER,HOLYOKE,MA,Acute Care Hospitals,hospital_info,HIP-KNEE,Hip/knee replacement,1.0513,4.939,4.6979,,,True
220024,HOLYOKE MEDICAL CENTER,HOLYOKE,MA,Acute Care Hospitals,hospital_info,PN,Pneumonia,1.0749,16.0965,14.9745,318,56,False
220029,ANNA JAQUES HOSPITAL,NEWBURYPORT,MA,Acute Care Hospitals,hospital_info,COPD,Chronic obstructive pulmonary disease,1.1478,18.266,15.9135,186,44,False
220029,ANNA JAQUES HOSPITAL,NEWBURYPORT,MA,Acute Care Hospitals,hospital_info,HF,Heart failure,1.0468,19.6917,18.8118,354,73,False
220029,ANNA JAQUES HOSPITAL,NEWBURYPORT,MA,Acute Care Hospitals,hospital_info,HIP-KNEE,Hip/knee replacement,1.1386,4.4108,3.874,307,15,False
220029,ANNA JAQUES HOSPITAL,NEWBURYPORT,MA,Acute Care Hospitals,hospital_info,PN,Pneumonia,1.1039,16.3607,14.8204,461,82,False
220030,BAYSTATE WING HOSPITAL,PALMER,MA,Acute Care Hospitals,hospital_info,COPD,Chronic obstructive pulmonary disease,1.0617,19.4433,18.3126,162,36,False
220030,BAYSTATE WING HOSPITAL,PALMER,MA,Acute Care Hospitals,hospital_info,HF,Heart failure,1.0487,19.9444,19.019,414,86,False
220030,BAYSTATE WING HOSPITAL,PALMER,MA,Acute Care Hospitals,hospital_info,PN,Pneumonia,1.0302,14.9298,14.4918,295,46,False
220031,BOSTON MEDICAL CENTER,BOSTON,MA,Acute Care Hospitals,hospital_info,COPD,Chronic obstructive pulmonary disease,1.0846,22.4113,20.6635,106,30,False
220033,NORTHEAST HOSPITAL CORPORATION,BEVERLY,MA,Acute Care Hospitals,hospital_info,AMI,Heart attack,1.0186,14.1789,13.9199,212,31,False
220033,NORTHEAST HOSPITAL CORPORATION,BEVERLY,MA,Acute Care Hospitals,hospital_info,COPD,Chronic obstructive pulmonary disease,1.0591,18.1536,17.1413,252,50,False
220033,NORTHEAST HOSPITAL CORPORATION,BEVERLY,MA,Acute Care Hospitals,hospital_info,HF,Heart failure,1.045,19.4736,18.6357,944,187,False
220035,NORTH SHORE MEDICAL CENTER -,SALEM,MA,Acute Care Hospitals,hospital_info,COPD,Chronic obstructive pulmonary disease,1.0132,21.0136,20.7408,295,63,False
220035,NORTH SHORE MEDICAL CENTER -,SALEM,MA,Acute Care Hospitals,hospital_info,PN,Pneumonia,1.0921,17.3966,15.9301,1012,182,False
220036,BOSTON MEDICAL CENTER-BRIGHTON,BRIGHTON,MA,Acute Care Hospitals,hospital_info,AMI,Heart attack,1.2639,18.4135,14.5689,329,73,False
220036,BOSTON MEDICAL CENTER-BRIGHTON,BRIGHTON,MA,Acute Care Hospitals,hospital_info,CABG,Coronary artery bypass graft surgery,1.0527,12.8263,12.1842,270,36,False
220036,BOSTON MEDICAL CENTER-BRIGHTON,BRIGHTON,MA,Acute Care Hospitals,hospital_info,COPD,Chronic obstructive pulmonary disease,1.0453,17.0064,16.2699,,,True
220036,BOSTON MEDICAL CENTER-BRIGHTON,BRIGHTON,MA,Acute Care Hospitals,hospital_info,HF,Heart failure,1.1383,21.8863,19.2274,249,64,False
220046,BERKSHIRE MEDICAL CENTER,PITTSFIELD,MA,Acute Care Hospitals,hospital_info,HF,Heart failure,1.0312,20.3072,19.692,895,184,False
220049,MARLBOROUGH HOSPITAL,MARLBOROUGH,MA,Acute Care Hospitals,hospital_info,AMI,Heart attack,1.0042,14.0199,13.9613,,,True
220049,MARLBOROUGH HOSPITAL,MARLBOROUGH,MA,Acute Care Hospitals,hospital_info,COPD,Chronic obstructive pulmonary disease,1.09,18.1299,16.6334,109,26,False
220049,MARLBOROUGH HOSPITAL,MARLBOROUGH,MA,Acute Care Hospitals,hospital_info,HF,Heart failure,1.0726,20.9006,19.4852,229,53,False
220049,MARLBOROUGH HOSPITAL,MARLBOROUGH,MA,Acute Care Hospitals,hospital_info,PN,Pneumonia,1.1444,17.8563,15.603,251,54,False
220052,SIGNATURE HEALTHCARE BROCKTON HOSPITAL,BROCKTON,MA,Acute Care Hospitals,hospital_info,COPD,Chronic obstructive pulmonary disease,1.0751,18.6603,17.3568,132,30,False
220052,SIGNATURE HEALTHCARE BROCKTON HOSPITAL,BROCKTON,MA,Acute Care Hospitals,hospital_info,HF,Heart failure,1.0027,19.8867,19.8337,170,34,False
220060,BETH ISRAEL DEACONESS HOSPITAL PLYMOUTH,PLYMOUTH,MA,Acute Care Hospitals,hospital_info,AMI,Heart attack,1.0009,12.4145,12.4029,201,25,False
220063,LOWELL GENERAL HOSPITAL,LOWELL,MA,Acute Care Hospitals,hospital_info,AMI,Heart attack,1.1177,15.54,13.904,214,39,False
220063,LOWELL GENERAL HOSPITAL,LOWELL,MA,Acute Care Hospitals,hospital_info,COPD,Chronic obstructive pulmonary disease,1.1022,20.2092,18.3357,340,76,False
220063,LOWELL GENERAL HOSPITAL,LOWELL,MA,Acute Care Hospitals,hospital_info,HF,Heart failure,1.0677,20.6635,19.3526,1027,217,False
220063,LOWELL GENERAL HOSPITAL,LOWELL,MA,Acute Care Hospitals,hospital_info,PN,Pneumonia,1.1036,17.5536,15.9051,731,135,False
220065,BAYSTATE NOBLE HOSPITAL,WESTFIELD,MA,Acute Care Hospitals,hospital_info,HF,Heart failure,1.0644,18.3141,17.2058,238,48,False
220065,BAYSTATE NOBLE HOSPITAL,WESTFIELD,MA,Acute Care Hospitals,hospital_info,PN,Pneumonia,1.0285,14.4547,14.054,181,28,False
220066,MERCY MEDICAL CTR,SPRINGFIELD,MA,Acute Care Hospitals,hospital_info,COPD,Chronic obstructive pulmonary disease,1.1165,20.7652,18.5982,138,37,False
220066,MERCY MEDICAL CTR,SPRINGFIELD,MA,Acute Care Hospitals,hospital_info,HF,Heart failure,1.025,19.7093,19.2296,407,82,False
220066,MERCY MEDICAL CTR,SPRINGFIELD,MA,Acute Care Hospitals,hospital_info,PN,Pneumonia,1.0973,16.8371,15.3442,278,53,False
220070,MELROSEWAKEFIELD HEALTHCARE,MELROSE,MA,Acute Care Hospitals,hospital_info,AMI,Heart attack,1.0369,13.2085,12.7379,145,21,False
220070,MELROSEWAKEFIELD HEALTHCARE,MELROSE,MA,Acute Care Hospitals,hospital_info,COPD,Chronic obstructive pulmonary disease,1.1361,21.7916,19.1815,221,58,False
220070,MELROSEWAKEFIELD HEALTHCARE,MELROSE,MA,Acute Care Hospitals,hospital_info,HF,Heart failure,1.0521,19.7489,18.7712,665,135,False
220070,MELROSEWAKEFIELD HEALTHCARE,MELROSE,MA,Acute Care Hospitals,hospital_info,HIP-KNEE,Hip/knee replacement,1.3754,6.1659,4.483,,,True
220070,MELROSEWAKEFIELD HEALTHCARE,MELROSE,MA,Acute Care Hospitals,hospital_info,PN,Pneumonia,1.1524,18.0956,15.702,527,105,False
220073,BROWN UNIVERSITY HEALTH MORTON HOSPITAL,TAUNTON,MA,Acute Care Hospitals,hospital_info,COPD,Chronic obstructive pulmonary disease,1.0672,19.1846,17.9771,298,62,False
220073,BROWN UNIVERSITY HEALTH MORTON HOSPITAL,TAUNTON,MA,Acute Care Hospitals,hospital_info,HF,Heart failure,1.0951,20.8132,19.0061,444,99,False
220073,BROWN UNIVERSITY HEALTH MORTON HOSPITAL,TAUNTON,MA,Acute Care Hospitals,hospital_info,HIP-KNEE,Hip/knee replacement,1.5594,6.6581,4.2697,239,21,False
220073,BROWN UNIVERSITY HEALTH MORTON HOSPITAL,TAUNTON,MA,Acute Care Hospitals,hospital_info,PN,Pneumonia,1.1453,16.7558,14.6299,477,89,False
220077,BAYSTATE MEDICAL CENTER,SPRINGFIELD,MA,Acute Care Hospitals,hospital_info,AMI,Heart attack,1.1792,15.4378,13.0921,1124,182,False
220077,BAYSTATE MEDICAL CENTER,SPRINGFIELD,MA,Acute Care Hospitals,hospital_info,CABG,Coronary artery bypass graft surgery,1.2464,13.9229,11.1705,310,49,False
220077,BAYSTATE MEDICAL CENTER,SPRINGFIELD,MA,Acute Care Hospitals,hospital_info,COPD,Chronic obstructive pulmonary disease,1.0675,22.0699,20.674,412,96,False
220077,BAYSTATE MEDICAL CENTER,SPRINGFIELD,MA,Acute Care Hospitals,hospital_info,HF,Heart failure,1.0538,21.1502,20.071,1717,367,False
220077,BAYSTATE MEDICAL CENTER,SPRINGFIELD,MA,Acute Care Hospitals,hospital_info,PN,Pneumonia,1.1764,19.7851,16.8182,939,197,False
220080,HOLY FAMILY HOSPITAL,METHUEN,MA,Acute Care Hospitals,hospital_info,AMI,Heart attack,1.0288,15.0515,14.6307,70,12,False
220080,HOLY FAMILY HOSPITAL,METHUEN,MA,Acute Care Hospitals,hospital_info,COPD,Chronic obstructive pulmonary disease,1.0621,16.8367,15.8527,182,35,False
220080,HOLY FAMILY HOSPITAL,METHUEN,MA,Acute Care Hospitals,hospital_info,HF,Heart failure,1.0662,19.698,18.4741,535,110,False
220080,HOLY FAMILY HOSPITAL,METHUEN,MA,Acute Care Hospitals,hospital_info,HIP-KNEE,Hip/knee replacement,1.5658,6.7811,4.3309,131,14,False
220080,HOLY FAMILY HOSPITAL,METHUEN,MA,Acute Care Hospitals,hospital_info,PN,Pneumonia,1.0532,15.3919,14.6149,608,97,False
220083,BETH ISRAEL DEACONESS HOSPITAL - NEEDHAM,NEEDHAM,MA,Acute Care Hospitals,hospital_info,HF,Heart failure,1.0635,19.3269,18.1729,536,108,False
220083,BETH ISRAEL DEACONESS HOSPITAL - NEEDHAM,NEEDHAM,MA,Acute Care Hospitals,hospital_info,PN,Pneumonia,1.1018,15.9454,14.472,706,119,False
220084,EMERSON HOSPITAL -,W CONCORD,MA,Acute Care Hospitals,hospital_info,COPD,Chronic obstructive pulmonary disease,1.0872,20.6891,19.029,76,22,False
220084,EMERSON HOSPITAL -,W CONCORD,MA,Acute Care Hospitals,hospital_info,PN,Pneumonia,1.0128,15.1102,14.9199,418,64,False
220086,BETH ISRAEL DEACONESS MEDICAL CENTER,BOSTON,MA,Acute Care Hospitals,hospital_info,AMI,Heart attack,1.1194,15.5018,13.8489,530,88,False
220086,BETH ISRAEL DEACONESS MEDICAL CENTER,BOSTON,MA,Acute Care Hospitals,hospital_info,CABG,Coronary artery bypass graft surgery,1.0762,10.0724,9.3591,319,34,False
220086,BETH ISRAEL DEACONESS MEDICAL CENTER,BOSTON,MA,Acute Care Hospitals,hospital_info,PN,Pneumonia,1.0153,17.0977,16.8397,608,105,False
220090,MILFORD REGIONAL MEDICAL CENTER,MILFORD,MA,Acute Care Hospitals,hospital_info,AMI,Heart attack,1.0254,16.0024,15.6056,,,True
220090,MILFORD REGIONAL MEDICAL CENTER,MILFORD,MA,Acute Care Hospitals,hospital_info,COPD,Chronic obstructive pulmonary disease,1.158,20.4156,17.6306,367,86,False
220090,MILFORD REGIONAL MEDICAL CENTER,MILFORD,MA,Acute Care Hospitals,hospital_info,HF,Heart failure,1.2135,22.618,18.6381,733,180,False
220090,MILFORD REGIONAL MEDICAL CENTER,MILFORD,MA,Acute Care Hospitals,hospital_info,PN,Pneumonia,1.1784,17.8501,15.1482,840,161,False
220095,HEYWOOD HOSPITAL -,GARDNER,MA,Acute Care Hospitals,hospital_info,COPD,Chronic obstructive pulmonary disease,1.072,17.8569,16.658,123,27,False
220095,HEYWOOD HOSPITAL -,GARDNER,MA,Acute Care Hospitals,hospital_info,HF,Heart failure,1.0439,18.6342,17.8501,209,42,False
220095,HEYWOOD HOSPITAL -,GARDNER,MA,Acute Care Hospitals,hospital_info,PN,Pneumonia,1.0319,14.7176,14.2621,285,44,False
220098,NASHOBA VALLEY MEDICAL CENTER,AYER,MA,Acute Care Hospitals,hospital_info,COPD,Chronic obstructive pulmonary disease,1.0079,17.6729,17.535,76,14,False
220098,NASHOBA VALLEY MEDICAL CENTER,AYER,MA,Acute Care Hospitals,hospital_info,PN,Pneumonia,1.0124,14.9966,14.8135,128,20,False
220100,SOUTH SHORE HOSPITAL,SOUTH WEYMOUTH,MA,Acute Care Hospitals,hospital_info,AMI,Heart attack,1.1911,15.9296,13.3736,351,65,False
220100,SOUTH SHORE HOSPITAL,SOUTH WEYMOUTH,MA,Acute Care Hospitals,hospital_info,COPD,Chronic obstructive pulmonary disease,1.0538,18.8803,17.9168,615,120,False
220100,SOUTH SHORE HOSPITAL,SOUTH WEYMOUTH,MA,Acute Care Hospitals,hospital_info,HF,Heart failure,1.0474,20.1041,19.1934,1759,357,False
220100,SOUTH SHORE HOSPITAL,SOUTH WEYMOUTH,MA,Acute Care Hospitals,hospital_info,PN,Pneumonia,1.1766,18.4249,15.6593,1883,358,False
220101,NEWTON-WELLESLEY HOSPITAL,NEWTON,MA,Acute Care Hospitals,hospital_info,AMI,Heart attack,1.0285,13.7581,13.377,,,True
220101,NEWTON-WELLESLEY HOSPITAL,NEWTON,MA,Acute Care Hospitals,hospital_info,HIP-KNEE,Hip/knee replacement,1.1157,6.0297,5.4043,460,29,False
220101,NEWTON-WELLESLEY HOSPITAL,NEWTON,MA,Acute Care Hospitals,hospital_info,PN,Pneumonia,1.0038,14.8703,14.8136,812,121,False
220105,WINCHESTER HOSPITAL,WINCHESTER,MA,Acute Care Hospitals,hospital_info,AMI,Heart attack,1.079,16.146,14.9637,,,True
220105,WINCHESTER HOSPITAL,WINCHESTER,MA,Acute Care Hospitals,hospital_info,COPD,Chronic obstructive pulmonary disease,1.1411,17.1128,14.997,237,50,False
220105,WINCHESTER HOSPITAL,WINCHESTER,MA,Acute Care Hospitals,hospital_info,HF,Heart failure,1.23,22.8821,18.6039,685,172,False
220105,WINCHESTER HOSPITAL,WINCHESTER,MA,Acute Care Hospitals,hospital_info,HIP-KNEE,Hip/knee replacement,1.4794,7.24,4.8938,186,18,False
220105,WINCHESTER HOSPITAL,WINCHESTER,MA,Acute Care Hospitals,hospital_info,PN,Pneumonia,1.1763,16.6379,14.1447,921,164,False
220108,BETH ISRAEL DEACONESS HOSPITAL - MILTON,MILTON,MA,Acute Care Hospitals,hospital_info,COPD,Chronic obstructive pulmonary disease,1.0696,17.6677,16.5185,125,27,False
220108,BETH ISRAEL DEACONESS HOSPITAL - MILTON,MILTON,MA,Acute Care Hospitals,hospital_info,PN,Pneumonia,1.0615,14.5823,13.7378,426,66,False
220110,BRIGHAM AND WOMEN'S HOSPITAL,BOSTON,MA,Acute Care Hospitals,hospital_info,AMI,Heart attack,1.2243,17.3296,14.1543,660,125,False
220110,BRIGHAM AND WOMEN'S HOSPITAL,BOSTON,MA,Acute Care Hospitals,hospital_info,PN,Pneumonia,1.0415,19.5283,18.75,646,129,False
220111,GOOD SAMARITAN MEDICAL CENTER,BROCKTON,MA,Acute Care Hospitals,hospital_info,COPD,Chronic obstructive pulmonary disease,1.0515,18.2903,17.395,275,54,False
220111,GOOD SAMARITAN MEDICAL CENTER,BROCKTON,MA,Acute Care Hospitals,hospital_info,HF,Heart failure,1.1191,21.9484,19.6123,682,158,False
220111,GOOD SAMARITAN MEDICAL CENTER,BROCKTON,MA,Acute Care Hospitals,hospital_info,HIP-KNEE,Hip/knee replacement,1.0296,4.5539,4.4231,388,18,False
220111,GOOD SAMARITAN MEDICAL CENTER,BROCKTON,MA,Acute Care Hospitals,hospital_info,PN,Pneumonia,1.1044,17.3351,15.6964,717,131,False
220116,TUFTS MEDICAL CENTER,BOSTON,MA,Acute Care Hospitals,hospital_info,AMI,Heart attack,1.2234,18.8957,15.4454,197,48,False
220116,TUFTS MEDICAL CENTER,BOSTON,MA,Acute Care Hospitals,hospital_info,CABG,Coronary artery bypass graft surgery,1.1181,12.6845,11.345,166,24,False
220116,TUFTS MEDICAL CENTER,BOSTON,MA,Acute Care Hospitals,hospital_info,COPD,Chronic obstructive pulmonary disease,1.0662,20.1606,18.9092,105,26,False
220116,TUFTS MEDICAL CENTER,BOSTON,MA,Acute Care Hospitals,hospital_info,HF,Heart failure,1.0288,21.8246,21.2132,421,94,False
220116,TUFTS MEDICAL CENTER,BOSTON,MA,Acute Care Hospitals,hospital_info,HIP-KNEE,Hip/knee replacement,1.3777,7.8092,5.6685,,,True
220116,TUFTS MEDICAL CENTER,BOSTON,MA,Acute Care Hospitals,hospital_info,PN,Pneumonia,1.0218,17.8023,17.4231,222,41,False
220135,FALMOUTH HOSPITAL,FALMOUTH,MA,Acute Care Hospitals,hospital_info,COPD,Chronic obstructive pulmonary disease,1.0236,16.9759,16.5845,202,36,False
220135,FALMOUTH HOSPITAL,FALMOUTH,MA,Acute Care Hospitals,hospital_info,HF,Heart failure,1.0454,19.6721,18.8184,487,99,False
220135,FALMOUTH HOSPITAL,FALMOUTH,MA,Acute Care Hospitals,hospital_info,PN,Pneumonia,1.0571,15.7411,14.8902,777,126,False
220163,UMASS MEMORIAL MEDICAL CENTER/UNIVERSITY CAMPUS,WORCESTER,MA,Acute Care Hospitals,hospital_info,AMI,Heart attack,1.0235,14.3538,14.0244,556,81,False
220163,UMASS MEMORIAL MEDICAL CENTER/UNIVERSITY CAMPUS,WORCESTER,MA,Acute Care Hospitals,hospital_info,CABG,Coronary artery bypass graft surgery,1.0896,12.2663,11.2579,161,22,False
220163,UMASS MEMORIAL MEDICAL CENTER/UNIVERSITY CAMPUS,WORCESTER,MA,Acute Care Hospitals,hospital_info,COPD,Chronic obstructive pulmonary disease,1.0036,19.1819,19.1125,400,77,False
220163,UMASS MEMORIAL MEDICAL CENTER/UNIVERSITY CAMPUS,WORCESTER,MA,Acute Care Hospitals,hospital_info,PN,Pneumonia,1.006,16.6753,16.5752,1083,181,False
220171,"LAHEY HOSPITAL & MEDICAL CENTER, BURLINGTON",BURLINGTON,MA,Acute Care Hospitals,hospital_info,AMI,Heart attack,1.0026,13.3591,13.3245,523,70,False
220171,"LAHEY HOSPITAL & MEDICAL CENTER, BURLINGTON",BURLINGTON,MA,Acute Care Hospitals,hospital_info,CABG,Coronary artery bypass graft surgery,1.0573,10.7283,10.147,229,26,False
220171,"LAHEY HOSPITAL & MEDICAL CENTER, BURLINGTON",BURLINGTON,MA,Acute Care Hospitals,hospital_info,COPD,Chronic obstructive pulmonary disease,1.0328,17.7602,17.197,195,37,False
220171,"LAHEY HOSPITAL & MEDICAL CENTER, BURLINGTON",BURLINGTON,MA,Acute Care Hospitals,hospital_info,HF,Heart failure,1.0197,19.5621,19.1836,1327,261,False
220171,"LAHEY HOSPITAL & MEDICAL CENTER, BURLINGTON",BURLINGTON,MA,Acute Care Hospitals,hospital_info,HIP-KNEE,Hip/knee replacement,1.1883,7.6132,6.4067,236,20,False
220175,METROWEST MEDICAL CENTER,FRAMINGHAM,MA,Acute Care Hospitals,hospital_info,AMI,Heart attack,1.0571,13.2508,12.5354,77,13,False
220175,METROWEST MEDICAL CENTER,FRAMINGHAM,MA,Acute Care Hospitals,hospital_info,HF,Heart failure,1.1071,21.5829,19.4952,373,88,False
220175,METROWEST MEDICAL CENTER,FRAMINGHAM,MA,Acute Care Hospitals,hospital_info,PN,Pneumonia,1.1352,17.7804,15.6631,368,74,False
220176,ST VINCENT HOSPITAL,WORCESTER,MA,Acute Care Hospitals,hospital_info,AMI,Heart attack,1.0499,14.3402,13.6581,136,22,False
220176,ST VINCENT HOSPITAL,WORCESTER,MA,Acute Care Hospitals,hospital_info,CABG,Coronary artery bypass graft surgery,1.0737,11.2548,10.482,,,True
220176,ST VINCENT HOSPITAL,WORCESTER,MA,Acute Care Hospitals,hospital_info,HF,Heart failure,1.0323,20.5082,19.8666,408,86,False
220176,ST VINCENT HOSPITAL,WORCESTER,MA,Acute Care Hospitals,hospital_info,HIP-KNEE,Hip/knee replacement,1.136,5.9939,5.2764,,,True
220176,ST VINCENT HOSPITAL,WORCESTER,MA,Acute Care Hospitals,hospital_info,PN,Pneumonia,1.0313,16.605,16.1013,379,65,False
220177,NANTUCKET COTTAGE HOSPITAL,NANTUCKET,MA,Acute Care Hospitals,hospital_info,HF,Heart failure,1.0493,18.627,17.7519,46,12,False
220177,NANTUCKET COTTAGE HOSPITAL,NANTUCKET,MA,Acute Care Hospitals,hospital_info,PN,Pneumonia,1.0353,13.9193,13.4453,70,12,False
230002,ST JOE MERCY HOSPITAL SYSTEM LIVONIA,LIVONIA,MI,Acute Care Hospitals,hospital_info,AMI,Heart attack,1.0664,15.6536,14.6783,151,27,False
230002,ST JOE MERCY HOSPITAL SYSTEM LIVONIA,LIVONIA,MI,Acute Care Hospitals,hospital_info,COPD,Chronic obstructive pulmonary disease,1.0802,22.222,20.5713,243,60,False
230002,ST JOE MERCY HOSPITAL SYSTEM LIVONIA,LIVONIA,MI,Acute Care Hospitals,hospital_info,HF,Heart failure,1.1512,23.3951,20.322,733,182,False
230002,ST JOE MERCY HOSPITAL SYSTEM LIVONIA,LIVONIA,MI,Acute Care Hospitals,hospital_info,HIP-KNEE,Hip/knee replacement,1.3708,10.0296,7.3166,,,True
230002,ST JOE MERCY HOSPITAL SYSTEM LIVONIA,LIVONIA,MI,Acute Care Hospitals,hospital_info,PN,Pneumonia,1.0044,15.9894,15.9198,511,82,False
230003,COREWELL HEALTH ZEELAND HOSPITAL,ZEELAND,MI,Acute Care Hospitals,hospital_info,HF,Heart failure,1.018,17.2493,16.9443,,,True
230015,THREE RIVERS HEALTH,THREE RIVERS,MI,Acute Care Hospitals,hospital_info,PN,Pneumonia,1.0189,14.1688,13.9064,,,True
230017,BRONSON METHODIST HOSPITAL,KALAMAZOO,MI,Acute Care Hospitals,hospital_info,HIP-KNEE,Hip/knee replacement,1.0205,7.2335,7.0879,,,True
230019,"ASCENSION PROVIDENCE HOSPITAL, SOUTHFIELD AND NOVI",SOUTHFIELD,MI,Acute Care Hospitals,hospital_info,HF,Heart failure,1.0145,21.281,20.9764,963,206,False
230020,BEAUMONT HOSPITAL - DEARBORN,DEARBORN,MI,Acute Care Hospitals,hospital_info,AMI,Heart attack,1.0196,15.8713,15.566,233,38,False
230020,BEAUMONT HOSPITAL - DEARBORN,DEARBORN,MI,Acute Care Hospitals,hospital_info,COPD,Chronic obstructive pulmonary disease,1.0644,21.2738,19.9858,255,59,False
230020,BEAUMONT HOSPITAL - DEARBORN,DEARBORN,MI,Acute Care Hospitals,hospital_info,HF,Heart failure,1.1238,24.2593,21.5863,619,159,False
230020,BEAUMONT HOSPITAL - DEARBORN,DEARBORN,MI,Acute Care Hospitals,hospital_info,HIP-KNEE,Hip/knee replacement,1.1133,6.2659,5.6283,,,True
230020,BEAUMONT HOSPITAL - DEARBORN,DEARBORN,MI,Acute Care Hospitals,hospital_info,PN,Pneumonia,1.1389,20.0443,17.6,454,100,False
230021,"LAKELAND HOSPITAL, ST JOSEPH",ST JOSEPH,MI,Acute Care Hospitals,hospital_info,HF,Heart failure,1.0355,19.5776,18.9068,498,100,False
230022,INSIGHT HOSPITAL AND MEDICAL CENTER COLDWATER,COLDWATER,MI,Acute Care Hospitals,hospital_info,HF,Heart failure,1.0208,16.3154,15.9829,120,21,False
230022,INSIGHT HOSPITAL AND MEDICAL CENTER COLDWATER,COLDWATER,MI,Acute Care Hospitals,hospital_info,PN,Pneumonia,1.0665,15.5215,14.5535,153,28,False
230024,SINAI-GRACE HOSPITAL,DETROIT,MI,Acute Care Hospitals,hospital_info,AMI,Heart attack,1.0052,18.8022,18.7044,57,11,False
230024,SINAI-GRACE HOSPITAL,DETROIT,MI,Acute Care Hospitals,hospital_info,HF,Heart failure,1.0286,25.1647,24.4656,186,49,False
230024,SINAI-GRACE HOSPITAL,DETROIT,MI,Acute Care Hospitals,hospital_info,PN,Pneumonia,1.0732,19.2619,17.9479,125,29,False
230029,TRINITY HEALTH OAKLAND HOSPITAL,PONTIAC,MI,Acute Care Hospitals,hospital_info,AMI,Heart attack,1.1178,17.4874,15.645,275,54,False
230029,TRINITY HEALTH OAKLAND HOSPITAL,PONTIAC,MI,Acute Care Hospitals,hospital_info,CABG,Coronary artery bypass graft surgery,1.0131,12.0146,11.8592,97,12,False
230029,TRINITY HEALTH OAKLAND HOSPITAL,PONTIAC,MI,Acute Care Hospitals,hospital_info,COPD,Chronic obstructive pulmonary disease,1.0435,21.4324,20.5382,190,44,False
230029,TRINITY HEALTH OAKLAND HOSPITAL,PONTIAC,MI,Acute Care Hospitals,hospital_info,HIP-KNEE,Hip/knee replacement,1.2917,8.6279,6.6795,,,True
230029,TRINITY HEALTH OAKLAND HOSPITAL,PONTIAC,MI,Acute Care Hospitals,hospital_info,PN,Pneumonia,1.0141,16.8421,16.6077,505,86,False
230030,MYMICHIGAN MEDICAL CENTER ALMA,ALMA,MI,Acute Care Hospitals,hospital_info,COPD,Chronic obstructive pulmonary disease,1.0178,18.4907,18.1673,74,15,False
230030,MYMICHIGAN MEDICAL CENTER ALMA,ALMA,MI,Acute Care Hospitals,hospital_info,HF,Heart failure,1.0508,21.5364,20.495,150,36,False
230030,MYMICHIGAN MEDICAL CENTER ALMA,ALMA,MI,Acute Care Hospitals,hospital_info,HIP-KNEE,Hip/knee replacement,1.1003,7.2749,6.6119,,,True
230031,LAKE HURON MEDICAL CENTER,PORT HURON,MI,Acute Care Hospitals,hospital_info,HF,Heart failure,1.0522,22.835,21.7014,119,31,False
230031,LAKE HURON MEDICAL CENTER,PORT HURON,MI,Acute Care Hospitals,hospital_info,HIP-KNEE,Hip/knee replacement,1.0136,5.0835,5.0154,,,True
230035,SPECTRUM HEALTH UNITED HOSPITAL,GREENVILLE,MI,Acute Care Hospitals,hospital_info,PN,Pneumonia,1.0904,16.3526,14.9971,130,27,False
230036,MYMICHIGAN MEDICAL CENTER ALPENA,ALPENA,MI,Acute Care Hospitals,hospital_info,HIP-KNEE,Hip/knee replacement,1.0043,5.614,5.5901,,,True
230037,HILLSDALE HOSPITAL,HILLSDALE,MI,Acute Care Hospitals,hospital_info,HF,Heart failure,1.0186,18.2839,17.9492,53,11,False
230038,SPECTRUM HEALTH,GRAND RAPIDS,MI,Acute Care Hospitals,hospital_info,HIP-KNEE,Hip/knee replacement,1.0516,7.7157,7.3371,,,True
230041,MCLAREN BAY REGION,BAY CITY,MI,Acute Care Hospitals,hospital_info,AMI,Heart attack,1.1073,15.9068,14.3648,350,61,False
230041,MCLAREN BAY REGION,BAY CITY,MI,Acute Care Hospitals,hospital_info,CABG,Coronary artery bypass graft surgery,1.388,15.588,11.2303,103,25,False
230041,MCLAREN BAY REGION,BAY CITY,MI,Acute Care Hospitals,hospital_info,COPD,Chronic obstructive pulmonary disease,1.075,21.4283,19.9337,212,51,False
230041,MCLAREN BAY REGION,BAY CITY,MI,Acute Care Hospitals,hospital_info,HF,Heart failure,1.0889,21.8351,20.052,507,117,False
230041,MCLAREN BAY REGION,BAY CITY,MI,Acute Care Hospitals,hospital_info,HIP-KNEE,Hip/knee replacement,1.1646,6.9116,5.9346,148,12,False
230041,MCLAREN BAY REGION,BAY CITY,MI,Acute Care Hospitals,hospital_info,PN,Pneumonia,1.0066,17.1269,17.0147,301,52,False
230046,UNIVERSITY OF MICHIGAN HEALTH SYSTEM,ANN ARBOR,MI,Acute Care Hospitals,hospital_info,HIP-KNEE,Hip/knee replacement,1.017,7.0292,6.9119,,,True
230046,UNIVERSITY OF MICHIGAN HEALTH SYSTEM,ANN ARBOR,MI,Acute Care Hospitals,hospital_info,PN,Pneumonia,1.1597,20.1367,17.3635,346,80,False
230053,HENRY FORD HEALTH HOSPITAL,DETROIT,MI,Acute Care Hospitals,hospital_info,AMI,Heart attack,1.0517,15.9235,15.1406,222,38,False
230053,HENRY FORD HEALTH HOSPITAL,DETROIT,MI,Acute Care Hospitals,hospital_info,HF,Heart failure,1.094,22.3776,20.4552,493,117,False
230053,HENRY FORD HEALTH HOSPITAL,DETROIT,MI,Acute Care Hospitals,hospital_info,PN,Pneumonia,1.0585,17.0527,16.1102,212,40,False
230054,UPHS MARQUETTE DLP HOSPITAL,MARQUETTE,MI,Acute Care Hospitals,hospital_info,CABG,Coronary artery bypass graft surgery,1.0973,9.917,9.0377,,,True
230055,DICKINSON COUNTY MEMORIAL HOSPITAL,IRON MOUNTAIN,MI,Acute Care Hospitals,hospital_info,HF,Heart failure,1.0219,18.6312,18.2314,142,28,False
230059,MERCY HEALTH SAINT MARY'S,GRAND RAPIDS,MI,Acute Care Hospitals,hospital_info,AMI,Heart attack,1.0186,15.2148,14.9372,66,11,False
230059,MERCY HEALTH SAINT MARY'S,GRAND RAPIDS,MI,Acute Care Hospitals,hospital_info,COPD,Chronic obstructive pulmonary disease,1.0606,19.1148,18.0226,61,16,False
230059,MERCY HEALTH SAINT MARY'S,GRAND RAPIDS,MI,Acute Care Hospitals,hospital_info,HIP-KNEE,Hip/knee replacement,1.069,6.9346,6.4873,,,True
230059,MERCY HEALTH SAINT MARY'S,GRAND RAPIDS,MI,Acute Care Hospitals,hospital_info,PN,Pneumonia,1.0025,17.0349,16.9932,181,31,False
230066,TRINITY HEALTH MUSKEGON HOSPITAL,MUSKEGON,MI,Acute Care Hospitals,hospital_info,HIP-KNEE,Hip/knee replacement,1.1171,7.2281,6.4704,,,True
230070,COVENANT MEDICAL CENTER,SAGINAW,MI,Acute Care Hospitals,hospital_info,COPD,Chronic obstructive pulmonary disease,1.1452,21.0838,18.4106,198,52,False
230070,COVENANT MEDICAL CENTER,SAGINAW,MI,Acute Care Hospitals,hospital_info,HF,Heart failure,1.0717,22.159,20.6774,568,131,False
230070,COVENANT MEDICAL CENTER,SAGINAW,MI,Acute Care Hospitals,hospital_info,PN,Pneumonia,1.0747,18.3546,17.0782,616,118,False
230075,BRONSON BATTLE CREEK HOSPITAL,BATTLE CREEK,MI,Acute Care Hospitals,hospital_info,COPD,Chronic obstructive pulmonary disease,1.0941,19.8735,18.164,122,31,False
230075,BRONSON BATTLE CREEK HOSPITAL,BATTLE CREEK,MI,Acute Care Hospitals,hospital_info,HIP-KNEE,Hip/knee replacement,1.2603,7.8627,6.2385,,,True
230075,BRONSON BATTLE CREEK HOSPITAL,BATTLE CREEK,MI,Acute Care Hospitals,hospital_info,PN,Pneumonia,1.0288,16.8181,16.3469,274,48,False
230077,MYMICHIGAN MEDICAL CENTER SAGINAW,SAGINAW,MI,Acute Care Hospitals,hospital_info,COPD,Chronic obstructive pulmonary disease,1.0201,17.3386,16.9962,55,11,False
230077,MYMICHIGAN MEDICAL CENTER SAGINAW,SAGINAW,MI,Acute Care Hospitals,hospital_info,HF,Heart failure,1.0086,18.6258,18.4673,190,36,False
230080,MCLAREN CENTRAL MICHIGAN,MOUNT PLEASANT,MI,Acute Care Hospitals,hospital_info,COPD,Chronic obstructive pulmonary disease,1.0077,16.9287,16.7996,,,True
230080,MCLAREN CENTRAL MICHIGAN,MOUNT PLEASANT,MI,Acute Care Hospitals,hospital_info,HF,Heart failure,1.0645,19.8443,18.6417,93,23,False
230080,MCLAREN CENTRAL MICHIGAN,MOUNT PLEASANT,MI,Acute Care Hospitals,hospital_info,HIP-KNEE,Hip/knee replacement,1.0037,4.7748,4.7572,,,True
230080,MCLAREN CENTRAL MICHIGAN,MOUNT PLEASANT,MI,Acute Care Hospitals,hospital_info,PN,Pneumonia,1.0361,15.3288,14.7943,76,14,False
230081,MUNSON HEALTHCARE CADILLAC HOSPITAL,CADILLAC,MI,Acute Care Hospitals,hospital_info,PN,Pneumonia,1.0045,14.5564,14.4908,101,15,False
230089,BEAUMONT HOSPITAL - GROSSE POINTE,GROSSE POINTE,MI,Acute Care Hospitals,hospital_info,AMI,Heart attack,1.0471,14.4734,13.8226,,,True
230089,BEAUMONT HOSPITAL - GROSSE POINTE,GROSSE POINTE,MI,Acute Care Hospitals,hospital_info,HF,Heart failure,1.0939,22.6015,20.6614,435,105,False
230089,BEAUMONT HOSPITAL - GROSSE POINTE,GROSSE POINTE,MI,Acute Care Hospitals,hospital_info,HIP-KNEE,Hip/knee replacement,1.1924,7.5349,6.3193,,,True
230089,BEAUMONT HOSPITAL - GROSSE POINTE,GROSSE POINTE,MI,Acute Care Hospitals,hospital_info,PN,Pneumonia,1.0314,17.9305,17.3848,267,50,False
230092,HENRY FORD ALLEGIANCE HEALTH,JACKSON,MI,Acute Care Hospitals,hospital_info,CABG,Coronary artery bypass graft surgery,1.1005,11.8352,10.7546,72,11,False
230092,HENRY FORD ALLEGIANCE HEALTH,JACKSON,MI,Acute Care Hospitals,hospital_info,COPD,Chronic obstructive pulmonary disease,1.0543,18.5854,17.629,264,53,False
230092,HENRY FORD ALLEGIANCE HEALTH,JACKSON,MI,Acute Care Hospitals,hospital_info,HF,Heart failure,1.016,19.804,19.4921,590,118,False
230092,HENRY FORD ALLEGIANCE HEALTH,JACKSON,MI,Acute Care Hospitals,hospital_info,PN,Pneumonia,1.0062,15.7169,15.6199,570,90,False
230093,COREWELL HEALTH BIG RAPIDS HOSPITAL,BIG RAPIDS,MI,Acute Care Hospitals,hospital_info,COPD,Chronic obstructive pulmonary disease,1.0509,18.9623,18.0433,65,16,False
230093,COREWELL HEALTH BIG RAPIDS HOSPITAL,BIG RAPIDS,MI,Acute Care Hospitals,hospital_info,PN,Pneumonia,1.0262,14.9984,14.6151,102,17,False
230095,MYMICHIGAN MEDICAL CENTER WEST BRANCH,WEST BRANCH,MI,Acute Care Hospitals,hospital_info,COPD,Chronic obstructive pulmonary disease,1.0295,15.3302,14.8903,78,14,False
230095,MYMICHIGAN MEDICAL CENTER WEST BRANCH,WEST BRANCH,MI,Acute Care Hospitals,hospital_info,PN,Pneumonia,1.0056,14.7921,14.7095,153,23,False
230097,MUNSON MEDICAL CENTER,TRAVERSE CITY,MI,Acute Care Hospitals,hospital_info,HIP-KNEE,Hip/knee replacement,1.0797,7.1682,6.6388,,,True
230099,PROMEDICA MONROE REGIONAL HOSPITAL,MONROE,MI,Acute Care Hospitals,hospital_info,AMI,Heart attack,1.0039,13.4539,13.4018,,,True
230099,PROMEDICA MONROE REGIONAL HOSPITAL,MONROE,MI,Acute Care Hospitals,hospital_info,COPD,Chronic obstructive pulmonary disease,1.0555,21.2089,20.0937,117,29,False
230099,PROMEDICA MONROE REGIONAL HOSPITAL,MONROE,MI,Acute Care Hospitals,hospital_info,HF,Heart failure,1.1453,23.7697,20.7548,218,62,False
230099,PROMEDICA MONROE REGIONAL HOSPITAL,MONROE,MI,Acute Care Hospitals,hospital_info,PN,Pneumonia,1.101,17.9701,16.3217,203,43,False
230100,TAWAS ST JOSEPH HOSPITAL,TAWAS CITY,MI,Acute Care Hospitals,hospital_info,PN,Pneumonia,1.0485,14.3708,13.7055,83,15,False
230104,HARPER UNIVERSITY HOSPITAL,DETROIT,MI,Acute Care Hospitals,hospital_info,CABG,Coronary artery bypass graft surgery,1.0661,14.6142,13.7075,,,True
230104,HARPER UNIVERSITY HOSPITAL,DETROIT,MI,Acute Care Hospitals,hospital_info,PN,Pneumonia,1.0237,19.8724,19.4126,47,11,False
230105,MCLAREN NORTHERN MICHIGAN,PETOSKEY,MI,Acute Care Hospitals,hospital_info,CABG,Coronary artery bypass graft surgery,1.0376,11.8081,11.3797,,,True
230105,MCLAREN NORTHERN MICHIGAN,PETOSKEY,MI,Acute Care Hospitals,hospital_info,HIP-KNEE,Hip/knee replacement,1.0269,5.1492,5.0141,,,True
230110,COREWELL HEALTH LUDINGTON HOSPITAL,LUDINGTON,MI,Acute Care Hospitals,hospital_info,HF,Heart failure,1.002,20.7632,20.7224,86,18,False
230117,BORGESS MEDICAL CENTER,KALAMAZOO,MI,Acute Care Hospitals,hospital_info,CABG,Coronary artery bypass graft surgery,1.0308,11.1011,10.7695,,,True
230117,BORGESS MEDICAL CENTER,KALAMAZOO,MI,Acute Care Hospitals,hospital_info,HIP-KNEE,Hip/knee replacement,1.0425,6.9781,6.6937,,,True
230121,MEMORIAL HEALTHCARE,OWOSSO,MI,Acute Care Hospitals,hospital_info,HIP-KNEE,Hip/knee replacement,1.0702,6.0029,5.609,,,True
230121,MEMORIAL HEALTHCARE,OWOSSO,MI,Acute Care Hospitals,hospital_info,PN,Pneumonia,1.1031,18.279,16.5702,204,44,False
230130,BEAUMONT HOSPITAL ROYAL OAK,ROYAL OAK,MI,Acute Care Hospitals,hospital_info,AMI,Heart attack,1.0227,16.4359,16.0708,370,62,False
230130,BEAUMONT HOSPITAL ROYAL OAK,ROYAL OAK,MI,Acute Care Hospitals,hospital_info,COPD,Chronic obstructive pulmonary disease,1.0012,19.738,19.715,339,67,False
230130,BEAUMONT HOSPITAL ROYAL OAK,ROYAL OAK,MI,Acute Care Hospitals,hospital_info,HF,Heart failure,1.0726,22.6258,21.0935,1621,372,False
230130,BEAUMONT HOSPITAL ROYAL OAK,ROYAL OAK,MI,Acute Care Hospitals,hospital_info,HIP-KNEE,Hip/knee replacement,1.076,7.5674,7.0332,200,16,False
230132,HURLEY MEDICAL CENTER,FLINT,MI,Acute Care Hospitals,hospital_info,HF,Heart failure,1.0761,20.5536,19.0992,217,50,False
230133,MUNSON HEALTHCARE OTSEGO MEMORIAL HOSPITAL,GAYLORD,MI,Acute Care Hospitals,hospital_info,HF,Heart failure,1.1018,20.0911,18.2343,75,22,False
230133,MUNSON HEALTHCARE OTSEGO MEMORIAL HOSPITAL,GAYLORD,MI,Acute Care Hospitals,hospital_info,PN,Pneumonia,1.043,15.2047,14.5777,120,21,False
230141,MCLAREN FLINT,FLINT,MI,Acute Care Hospitals,hospital_info,AMI,Heart attack,1.0779,15.7731,14.6333,267,46,False
230141,MCLAREN FLINT,FLINT,MI,Acute Care Hospitals,hospital_info,CABG,Coronary artery bypass graft surgery,1.1638,13.571,11.6605,81,15,False
230141,MCLAREN FLINT,FLINT,MI,Acute Care Hospitals,hospital_info,COPD,Chronic obstructive pulmonary disease,1.021,17.9292,17.5608,142,27,False
230141,MCLAREN FLINT,FLINT,MI,Acute Care Hospitals,hospital_info,HF,Heart failure,1.0148,19.7662,19.4787,627,125,False
230141,MCLAREN FLINT,FLINT,MI,Acute Care Hospitals,hospital_info,HIP-KNEE,Hip/knee replacement,1.2316,6.6594,5.4073,,,True
230141,MCLAREN FLINT,FLINT,MI,Acute Care Hospitals,hospital_info,PN,Pneumonia,1.0345,16.0378,15.5036,360,60,False
230142,COREWELL HEALTH WAYNE HOSPITAL,WAYNE,MI,Acute Care Hospitals,hospital_info,AMI,Heart attack,1.1233,15.2326,13.56,53,14,False
230142,COREWELL HEALTH WAYNE HOSPITAL,WAYNE,MI,Acute Care Hospitals,hospital_info,HF,Heart failure,1.0023,20.6896,20.6415,149,31,False
230142,COREWELL HEALTH WAYNE HOSPITAL,WAYNE,MI,Acute Care Hospitals,hospital_info,PN,Pneumonia,1.0195,18.6488,18.2927,143,28,False
230146,WYANDOTTE HOSPITAL AND MEDICAL CENTER,WYANDOTTE,MI,Acute Care Hospitals,hospital_info,AMI,Heart attack,1.0288,15.2222,14.7961,194,31,False
230146,WYANDOTTE HOSPITAL AND MEDICAL CENTER,WYANDOTTE,MI,Acute Care Hospitals,hospital_info,COPD,Chronic obstructive pulmonary disease,1.0568,21.4427,20.2906,288,66,False
230146,WYANDOTTE HOSPITAL AND MEDICAL CENTER,WYANDOTTE,MI,Acute Care Hospitals,hospital_info,HF,Heart failure,1.0925,22.7998,20.869,550,132,False
230146,WYANDOTTE HOSPITAL AND MEDICAL CENTER,WYANDOTTE,MI,Acute Care Hospitals,hospital_info,PN,Pneumonia,1.0843,17.6584,16.2854,337,65,False
230151,BEAUMONT HOSPITAL - FARMINGTON HILLS,FARMINGTON HILLS,MI,Acute Care Hospitals,hospital_info,AMI,Heart attack,1.0409,16.7,16.0438,95,18,False
230151,BEAUMONT HOSPITAL - FARMINGTON HILLS,FARMINGTON HILLS,MI,Acute Care Hospitals,hospital_info,HIP-KNEE,Hip/knee replacement,1.0048,6.7998,6.7672,,,True
230151,BEAUMONT HOSPITAL - FARMINGTON HILLS,FARMINGTON HILLS,MI,Acute Care Hospitals,hospital_info,PN,Pneumonia,1.0548,18.9032,17.9214,356,71,False
230156,TRINITY HEALTH ANN ARBOR HOSPITAL,ANN ARBOR,MI,Acute Care Hospitals,hospital_info,AMI,Heart attack,1.0173,13.7988,13.5643,443,62,False
230156,TRINITY HEALTH ANN ARBOR HOSPITAL,ANN ARBOR,MI,Acute Care Hospitals,hospital_info,PN,Pneumonia,1.0872,17.2585,15.8748,790,142,False
230165,HENRY FORD HEALTH ST JOHN HOSPITAL,DETROIT,MI,Acute Care Hospitals,hospital_info,COPD,Chronic obstructive pulmonary disease,1.0678,23.0734,21.6081,138,37,False
230165,HENRY FORD HEALTH ST JOHN HOSPITAL,DETROIT,MI,Acute Care Hospitals,hospital_info,HF,Heart failure,1.1175,24.3278,21.7705,512,133,False
230167,MCLAREN GREATER LANSING,LANSING,MI,Acute Care Hospitals,hospital_info,CABG,Coronary artery bypass graft surgery,1.0521,11.209,10.6542,,,True
230167,MCLAREN GREATER LANSING,LANSING,MI,Acute Care Hospitals,hospital_info,HF,Heart failure,1.0785,20.8125,19.2974,257,59,False
230167,MCLAREN GREATER LANSING,LANSING,MI,Acute Care Hospitals,hospital_info,HIP-KNEE,Hip/knee replacement,1.0444,6.9897,6.6926,,,True
230176,COREWELL HEALTH TRENTON HOSPITAL,TRENTON,MI,Acute Care Hospitals,hospital_info,AMI,Heart attack,1.0631,16.0145,15.0638,111,21,False
230176,COREWELL HEALTH TRENTON HOSPITAL,TRENTON,MI,Acute Care Hospitals,hospital_info,COPD,Chronic obstructive pulmonary disease,1.0332,19.226,18.6073,211,43,False
230176,COREWELL HEALTH TRENTON HOSPITAL,TRENTON,MI,Acute Care Hospitals,hospital_info,PN,Pneumonia,1.1684,20.378,17.4409,359,84,False
230180,MYMICHIGAN MEDICAL CENTER CLARE,CLARE,MI,Acute Care Hospitals,hospital_info,COPD,Chronic obstructive pulmonary disease,1.0125,14.7048,14.5229,,,True
230180,MYMICHIGAN MEDICAL CENTER CLARE,CLARE,MI,Acute Care Hospitals,hospital_info,HF,Heart failure,1.0476,22.2147,21.2051,61,17,False
230180,MYMICHIGAN MEDICAL CENTER CLARE,CLARE,MI,Acute Care Hospitals,hospital_info,PN,Pneumonia,1.0172,14.9639,14.7106,86,14,False
230193,MCLAREN LAPEER REGION,LAPEER,MI,Acute Care Hospitals,hospital_info,COPD,Chronic obstructive pulmonary disease,1.0093,17.6124,17.4501,70,13,False
230193,MCLAREN LAPEER REGION,LAPEER,MI,Acute Care Hospitals,hospital_info,PN,Pneumonia,1.0213,16.7019,16.3534,195,34,False
230195,Henry Ford Health Warren Hospital,WARREN,MI,Acute Care Hospitals,hospital_info,AMI,Heart attack,1.0092,16.8355,16.6819,104,18,False
230195,Henry Ford Health Warren Hospital,WARREN,MI,Acute Care Hospitals,hospital_info,COPD,Chronic obstructive pulmonary disease,1.1119,23.7195,21.3324,247,67,False
230195,Henry Ford Health Warren Hospital,WARREN,MI,Acute Care Hospitals,hospital_info,HF,Heart failure,1.0498,22.6637,21.5885,734,170,False
230195,Henry Ford Health Warren Hospital,WARREN,MI,Acute Care Hospitals,hospital_info,HIP-KNEE,Hip/knee replacement,1.2359,7.6465,6.1869,,,True
230195,Henry Ford Health Warren Hospital,WARREN,MI,Acute Care Hospitals,hospital_info,PN,Pneumonia,1.0173,19.0227,18.7,614,118,False
230197,ASCENSION GENESYS HOSPITAL,GRAND BLANC,MI,Acute Care Hospitals,hospital_info,AMI,Heart attack,1.0162,12.3679,12.171,139,18,False
230197,ASCENSION GENESYS HOSPITAL,GRAND BLANC,MI,Acute Care Hospitals,hospital_info,CABG,Coronary artery bypass graft surgery,1.045,9.3204,8.9188,,,True
230197,ASCENSION GENESYS HOSPITAL,GRAND BLANC,MI,Acute Care Hospitals,hospital_info,HIP-KNEE,Hip/knee replacement,1.0114,5.8506,5.7846,,,True
230197,ASCENSION GENESYS HOSPITAL,GRAND BLANC,MI,Acute Care Hospitals,hospital_info,PN,Pneumonia,1.0332,17.4564,16.8955,457,82,False
230207,MCLAREN OAKLAND,PONTIAC,MI,Acute Care Hospitals,hospital_info,COPD,Chronic obstructive pulmonary disease,1.0591,20.7539,19.5949,,,True
230207,MCLAREN OAKLAND,PONTIAC,MI,Acute Care Hospitals,hospital_info,HF,Heart failure,1.0212,21.3564,20.9139,77,18,False
230208,UNIVERSITY OF MICHIGAN HEALTH-SPARROW CARSON,CARSON CITY,MI,Acute Care Hospitals,hospital_info,COPD,Chronic obstructive pulmonary disease,1.0012,17.5387,17.5171,,,True
230216,MCLAREN PORT HURON,PORT HURON,MI,Acute Care Hospitals,hospital_info,AMI,Heart attack,1.0561,15.7071,14.8728,211,36,False
230216,MCLAREN PORT HURON,PORT HURON,MI,Acute Care Hospitals,hospital_info,COPD,Chronic obstructive pulmonary disease,1.0539,19.5432,18.5443,200,43,False
230216,MCLAREN PORT HURON,PORT HURON,MI,Acute Care Hospitals,hospital_info,HIP-KNEE,Hip/knee replacement,1.1862,6.7474,5.6881,,,True
230217,OAKLAWN HOSPITAL,MARSHALL,MI,Acute Care Hospitals,hospital_info,PN,Pneumonia,1.0121,15.9058,15.7161,83,14,False
230222,MYMICHIGAN MEDICAL CENTER MIDLAND,MIDLAND,MI,Acute Care Hospitals,hospital_info,HIP-KNEE,Hip/knee replacement,1.0752,6.3586,5.9137,,,True
230227,MCLAREN MACOMB,MOUNT CLEMENS,MI,Acute Care Hospitals,hospital_info,AMI,Heart attack,1.0805,14.9213,13.8097,161,28,False
230227,MCLAREN MACOMB,MOUNT CLEMENS,MI,Acute Care Hospitals,hospital_info,HF,Heart failure,1.0477,21.8221,20.8284,447,101,False
230239,CHIPPEWA COUNTY WAR MEMORIAL HOSPITAL,SAULT STE MARIE,MI,Acute Care Hospitals,hospital_info,PN,Pneumonia,1.0817,15.6487,14.467,133,26,False
230244,GARDEN CITY HOSPITAL,GARDEN CITY,MI,Acute Care Hospitals,hospital_info,AMI,Heart attack,1.1183,15.2661,13.6511,35,11,False
230244,GARDEN CITY HOSPITAL,GARDEN CITY,MI,Acute Care Hospitals,hospital_info,HF,Heart failure,1.0334,21.0793,20.3982,183,41,False
230244,GARDEN CITY HOSPITAL,GARDEN CITY,MI,Acute Care Hospitals,hospital_info,HIP-KNEE,Hip/knee replacement,1.0923,5.3639,4.9107,,,True
230244,GARDEN CITY HOSPITAL,GARDEN CITY,MI,Acute Care Hospitals,hospital_info,PN,Pneumonia,1.1435,19.9565,17.4519,264,62,False
230254,ASCENSION PROVIDENCE ROCHESTER HOSPITAL,ROCHESTER,MI,Acute Care Hospitals,hospital_info,HF,Heart failure,1.027,20.9939,20.4421,286,62,False
230254,ASCENSION PROVIDENCE ROCHESTER HOSPITAL,ROCHESTER,MI,Acute Care Hospitals,hospital_info,HIP-KNEE,Hip/knee replacement,1.1078,7.5488,6.814,,,True
230259,CHELSEA HOSPITAL,CHELSEA,MI,Acute Care Hospitals,hospital_info,COPD,Chronic obstructive pulmonary disease,1.0175,18.447,18.1303,96,19,False
230259,CHELSEA HOSPITAL,CHELSEA,MI,Acute Care Hospitals,hospital_info,HIP-KNEE,Hip/knee replacement,1.2959,7.5419,5.8198,,,True
230269,"BEAUMONT HOSPITAL, TROY",TROY,MI,Acute Care Hospitals,hospital_info,AMI,Heart attack,1.1727,16.901,14.4117,418,79,False
230269,"BEAUMONT HOSPITAL, TROY",TROY,MI,Acute Care Hospitals,hospital_info,CABG,Coronary artery bypass graft surgery,1.0039,10.7592,10.7171,,,True
230269,"BEAUMONT HOSPITAL, TROY",TROY,MI,Acute Care Hospitals,hospital_info,HF,Heart failure,1.1127,22.3841,20.1162,1649,377,False
230269,"BEAUMONT HOSPITAL, TROY",TROY,MI,Acute Care Hospitals,hospital_info,PN,Pneumonia,1.0597,17.1207,16.1559,1046,183,False
230270,BEAUMONT HOSPITAL - TAYLOR,TAYLOR,MI,Acute Care Hospitals,hospital_info,HF,Heart failure,1.0643,22.3814,21.0288,158,40,False
230270,BEAUMONT HOSPITAL - TAYLOR,TAYLOR,MI,Acute Care Hospitals,hospital_info,PN,Pneumonia,1.0019,18.2733,18.2394,158,29,False
230273,DETROIT RECEIVING HOSPITAL,DETROIT,MI,Acute Care Hospitals,hospital_info,AMI,Heart attack,1.0008,19.0656,19.0506,,,True
230273,DETROIT RECEIVING HOSPITAL,DETROIT,MI,Acute Care Hospitals,hospital_info,COPD,Chronic obstructive pulmonary disease,1.013,23.3873,23.0883,64,16,False
230273,DETROIT RECEIVING HOSPITAL,DETROIT,MI,Acute Care Hospitals,hospital_info,HF,Heart failure,1.0404,23.5599,22.6443,106,28,False
230273,DETROIT RECEIVING HOSPITAL,DETROIT,MI,Acute Care Hospitals,hospital_info,PN,Pneumonia,1.0551,22.1104,20.956,145,36,False
230277,HURON VALLEY-SINAI HOSPITAL,COMMERCE TOWNSHIP,MI,Acute Care Hospitals,hospital_info,HIP-KNEE,Hip/knee replacement,1.4802,7.5187,5.0796,86,11,False
230302,HENRY FORD HEALTH WEST BLOOMFIELD HOSPITAL,W BLOOMFIELD,MI,Acute Care Hospitals,hospital_info,AMI,Heart attack,1.085,14.9894,13.815,172,30,False
230302,HENRY FORD HEALTH WEST BLOOMFIELD HOSPITAL,W BLOOMFIELD,MI,Acute Care Hospitals,hospital_info,COPD,Chronic obstructive pulmonary disease,1.075,18.1596,16.8925,114,26,False
230302,HENRY FORD HEALTH WEST BLOOMFIELD HOSPITAL,W BLOOMFIELD,MI,Acute Care Hospitals,hospital_info,HF,Heart failure,1.1495,23.0148,20.0216,572,142,False
230302,HENRY FORD HEALTH WEST BLOOMFIELD HOSPITAL,W BLOOMFIELD,MI,Acute Care Hospitals,hospital_info,PN,Pneumonia,1.0765,16.5771,15.399,477,84,False
230303,MUNSON HEALTHCARE MANISTEE HOSPITAL,MANISTEE,MI,Acute Care Hospitals,hospital_info,PN,Pneumonia,1.0121,15.5706,15.3838,,,True
240001,NORTH MEMORIAL HEALTH HOSPITAL,ROBBINSDALE,MN,Acute Care Hospitals,hospital_info,AMI,Heart attack,1.1194,13.9456,12.4585,160,28,False
240001,NORTH MEMORIAL HEALTH HOSPITAL,ROBBINSDALE,MN,Acute Care Hospitals,hospital_info,COPD,Chronic obstructive pulmonary disease,1.0661,17.0524,15.9955,96,21,False
240001,NORTH MEMORIAL HEALTH HOSPITAL,ROBBINSDALE,MN,Acute Care Hospitals,hospital_info,HF,Heart failure,1.1457,21.2703,18.5658,386,92,False
240001,NORTH MEMORIAL HEALTH HOSPITAL,ROBBINSDALE,MN,Acute Care Hospitals,hospital_info,PN,Pneumonia,1.0688,16.8395,15.7554,288,53,False
240002,ESSENTIA HEALTH ST MARY'S MEDICAL CENTER,DULUTH,MN,Acute Care Hospitals,hospital_info,CABG,Coronary artery bypass graft surgery,1.0042,9.9916,9.9503,,,True
240002,ESSENTIA HEALTH ST MARY'S MEDICAL CENTER,DULUTH,MN,Acute Care Hospitals,hospital_info,PN,Pneumonia,1.01,16.8566,16.6897,79,14,False
240004,HENNEPIN COUNTY MEDICAL CENTER,MINNEAPOLIS,MN,Acute Care Hospitals,hospital_info,COPD,Chronic obstructive pulmonary disease,1.0386,24.1034,23.2077,58,17,False
240006,OLMSTED MEDICAL CENTER,ROCHESTER,MN,Acute Care Hospitals,hospital_info,HIP-KNEE,Hip/knee replacement,1.0728,5.1164,4.7691,,,True
240018,MAYO CLINIC HEALTH SYSTEM IN RED WING,RED WING,MN,Acute Care Hospitals,hospital_info,HF,Heart failure,1.0007,18.5583,18.5452,59,11,False
240020,CAMBRIDGE MEDICAL CENTER,CAMBRIDGE,MN,Acute Care Hospitals,hospital_info,PN,Pneumonia,1.0137,13.731,13.5452,81,12,False
240030,ALOMERE HEALTH,ALEXANDRIA,MN,Acute Care Hospitals,hospital_info,COPD,Chronic obstructive pulmonary disease,1.0159,16.7345,16.472,,,True
240030,ALOMERE HEALTH,ALEXANDRIA,MN,Acute Care Hospitals,hospital_info,PN,Pneumonia,1.0046,14.4245,14.3592,95,14,False
240036,CENTRACARE - ST. CLOUD HOSPITAL,SAINT CLOUD,MN,Acute Care Hospitals,hospital_info,COPD,Chronic obstructive pulmonary disease,1.0291,18.3292,17.8116,114,23,False
240038,ALLINA UNITED HOSPITAL,SAINT PAUL,MN,Acute Care Hospitals,hospital_info,CABG,Coronary artery bypass graft surgery,1.0018,9.6439,9.6264,,,True
240038,ALLINA UNITED HOSPITAL,SAINT PAUL,MN,Acute Care Hospitals,hospital_info,COPD,Chronic obstructive pulmonary disease,1.0032,18.3191,18.2615,97,18,False
240038,ALLINA UNITED HOSPITAL,SAINT PAUL,MN,Acute Care Hospitals,hospital_info,HF,Heart failure,1.09,20.6965,18.9869,622,135,False
240038,ALLINA UNITED HOSPITAL,SAINT PAUL,MN,Acute Care Hospitals,hospital_info,HIP-KNEE,Hip/knee replacement,1.2277,7.1057,5.788,276,22,False
240043,MAYO CLINIC HEALTH SYSTEM - ALBERT LEA AND AUSTIN,ALBERT LEA,MN,Acute Care Hospitals,hospital_info,HIP-KNEE,Hip/knee replacement,1.1501,7.8411,6.8177,,,True
240050,FAIRVIEW LAKES HEALTH SERVICES,WYOMING,MN,Acute Care Hospitals,hospital_info,COPD,Chronic obstructive pulmonary disease,1.0852,17.6437,16.2588,46,14,False
240050,FAIRVIEW LAKES HEALTH SERVICES,WYOMING,MN,Acute Care Hospitals,hospital_info,HF,Heart failure,1.033,20.0773,19.4366,78,18,False
240052,LAKE REGION HEALTHCARE CORPORATION,,MN,,hrrp_fallback,HIP-KNEE,Hip/knee replacement,1.1127,5.5067,4.9488,,,True
240053,PARK NICOLLET METHODIST HOSPITAL,SAINT LOUIS PARK,MN,Acute Care Hospitals,hospital_info,AMI,Heart attack,1.1061,13.0974,11.8414,198,31,False
240053,PARK NICOLLET METHODIST HOSPITAL,SAINT LOUIS PARK,MN,Acute Care Hospitals,hospital_info,CABG,Coronary artery bypass graft surgery,1.131,11.3134,10.0031,,,True
240053,PARK NICOLLET METHODIST HOSPITAL,SAINT LOUIS PARK,MN,Acute Care Hospitals,hospital_info,COPD,Chronic obstructive pulmonary disease,1.0057,15.799,15.7087,143,23,False
240053,PARK NICOLLET METHODIST HOSPITAL,SAINT LOUIS PARK,MN,Acute Care Hospitals,hospital_info,HF,Heart failure,1.0538,18.2825,17.3492,658,124,False
240053,PARK NICOLLET METHODIST HOSPITAL,SAINT LOUIS PARK,MN,Acute Care Hospitals,hospital_info,HIP-KNEE,Hip/knee replacement,1.25,6.935,5.5482,179,15,False
240053,PARK NICOLLET METHODIST HOSPITAL,SAINT LOUIS PARK,MN,Acute Care Hospitals,hospital_info,PN,Pneumonia,1.0721,14.7214,13.7316,594,92,False
240056,RIDGEVIEW MEDICAL CENTER,WACONIA,MN,Acute Care Hospitals,hospital_info,HF,Heart failure,1.0241,17.3099,16.9023,233,42,False
240056,RIDGEVIEW MEDICAL CENTER,WACONIA,MN,Acute Care Hospitals,hospital_info,PN,Pneumonia,1.0208,13.7407,13.4609,165,24,False
240064,GRAND ITASCA CLINIC AND HOSPITAL,GRAND RAPIDS,MN,Acute Care Hospitals,hospital_info,PN,Pneumonia,1.0075,14.937,14.8254,77,12,False
240066,LAKEVIEW MEMORIAL HOSPITAL,STILLWATER,MN,Acute Care Hospitals,hospital_info,HIP-KNEE,Hip/knee replacement,1.0444,5.9933,5.7387,,,True
240066,LAKEVIEW MEMORIAL HOSPITAL,STILLWATER,MN,Acute Care Hospitals,hospital_info,PN,Pneumonia,1.0081,12.8457,12.743,105,14,False
240071,ALLINA HEALTH FARIBAULT MEDICAL CENTER,FARIBAULT,MN,Acute Care Hospitals,hospital_info,PN,Pneumonia,1.0231,14.4832,14.1556,,,True
240075,ESSENTIA HEALTH ST JOSEPH'S MEDICAL CENTER,BRAINERD,MN,Acute Care Hospitals,hospital_info,AMI,Heart attack,1.0001,11.9962,11.9952,100,12,False
240075,ESSENTIA HEALTH ST JOSEPH'S MEDICAL CENTER,BRAINERD,MN,Acute Care Hospitals,hospital_info,HIP-KNEE,Hip/knee replacement,1.0186,7.1378,7.0074,,,True
240075,ESSENTIA HEALTH ST JOSEPH'S MEDICAL CENTER,BRAINERD,MN,Acute Care Hospitals,hospital_info,PN,Pneumonia,1.0351,16.0847,15.5386,85,16,False
240078,M HEALTH FAIRVIEW SOUTHDALE HOSPITAL,EDINA,MN,Acute Care Hospitals,hospital_info,HIP-KNEE,Hip/knee replacement,1.09,6.3762,5.85,,,True
240080,M HEALTH FAIRVIEW UNIVERSITY OF MN MEDICAL CENTER,MINNEAPOLIS,MN,Acute Care Hospitals,hospital_info,COPD,Chronic obstructive pulmonary disease,1.0273,19.8375,19.31,,,True
240084,ESSENTIA HEALTH VIRGINIA,VIRGINIA,MN,Acute Care Hospitals,hospital_info,HF,Heart failure,1.0123,18.8827,18.6532,,,True
240088,CENTRACARE- RICE MEMORIAL HOSPITAL,WILLMAR,MN,Acute Care Hospitals,hospital_info,HF,Heart failure,1.0541,18.7815,17.8174,92,21,False
240101,ESSENTIA HEALTH ST MARYS - DETROIT LAKES,DETROIT LAKES,MN,Acute Care Hospitals,hospital_info,COPD,Chronic obstructive pulmonary disease,1.003,15.229,15.1832,,,True
240101,ESSENTIA HEALTH ST MARYS - DETROIT LAKES,DETROIT LAKES,MN,Acute Care Hospitals,hospital_info,HF,Heart failure,1.0001,19.3445,19.3419,93,18,False
240104,ST FRANCIS REGIONAL MEDICAL CENTER,SHAKOPEE,MN,Acute Care Hospitals,hospital_info,PN,Pneumonia,1.0272,14.6529,14.2656,145,23,False
240106,REGIONS HOSPITAL,SAINT PAUL,MN,Acute Care Hospitals,hospital_info,CABG,Coronary artery bypass graft surgery,1.162,11.9315,10.2681,76,13,False
240106,REGIONS HOSPITAL,SAINT PAUL,MN,Acute Care Hospitals,hospital_info,COPD,Chronic obstructive pulmonary disease,1.0063,18.0517,17.9388,147,27,False
240106,REGIONS HOSPITAL,SAINT PAUL,MN,Acute Care Hospitals,hospital_info,HIP-KNEE,Hip/knee replacement,1.0002,7.1335,7.1319,,,True
240115,MERCY HOSPITAL,COON RAPIDS,MN,Acute Care Hospitals,hospital_info,AMI,Heart attack,1.0569,13.8089,13.0659,262,39,False
240115,MERCY HOSPITAL,COON RAPIDS,MN,Acute Care Hospitals,hospital_info,CABG,Coronary artery bypass graft surgery,1.0315,11.7706,11.4112,,,True
240115,MERCY HOSPITAL,COON RAPIDS,MN,Acute Care Hospitals,hospital_info,COPD,Chronic obstructive pulmonary disease,1.0694,19.0905,17.8509,157,35,False
240141,FAIRVIEW NORTHLAND REGIONAL HOSPITAL,PRINCETON,MN,Acute Care Hospitals,hospital_info,HF,Heart failure,1.0159,19.7268,19.4185,50,11,False
240187,HUTCHINSON HEALTH,HUTCHINSON,MN,Acute Care Hospitals,hospital_info,HF,Heart failure,1.0111,15.8655,15.692,,,True
240207,M HEALTH FAIRVIEW RIDGES HOSPITAL,BURNSVILLE,MN,Acute Care Hospitals,hospital_info,AMI,Heart attack,1.0574,13.3908,12.6639,61,11,False
240210,M HEALTH FAIRVIEW ST JOHN'S HOSPITAL,MAPLEWOOD,MN,Acute Care Hospitals,hospital_info,HF,Heart failure,1.0322,19.6104,18.9979,432,87,False
240213,M HEALTH FAIRVIEW WOODWINDS HOSPITAL,WOODBURY,MN,Acute Care Hospitals,hospital_info,PN,Pneumonia,1.0377,15.3929,14.8335,153,26,False
250001,UNIVERSITY OF MISSISSIPPI MED CENTER,JACKSON,MS,Acute Care Hospitals,hospital_info,AMI,Heart attack,1.0696,14.7589,13.799,78,15,False
250001,UNIVERSITY OF MISSISSIPPI MED CENTER,JACKSON,MS,Acute Care Hospitals,hospital_info,CABG,Coronary artery bypass graft surgery,1.0865,12.5664,11.5659,78,12,False
250001,UNIVERSITY OF MISSISSIPPI MED CENTER,JACKSON,MS,Acute Care Hospitals,hospital_info,COPD,Chronic obstructive pulmonary disease,1.0187,19.801,19.4376,94,20,False
250001,UNIVERSITY OF MISSISSIPPI MED CENTER,JACKSON,MS,Acute Care Hospitals,hospital_info,HF,Heart failure,1.043,20.9951,20.1287,314,69,False
250001,UNIVERSITY OF MISSISSIPPI MED CENTER,JACKSON,MS,Acute Care Hospitals,hospital_info,PN,Pneumonia,1.0088,16.7089,16.5637,182,31,False
250002,TISHOMINGO HEALTH SERVICES INC,IUKA,MS,Acute Care Hospitals,hospital_info,HF,Heart failure,1.0034,19.9222,19.8546,59,12,False
250004,NORTH MISSISSIPPI MEDICAL CENTER,TUPELO,MS,Acute Care Hospitals,hospital_info,PN,Pneumonia,1.0385,16.5252,15.9132,844,142,False
250006,BAPTIST MEMORIAL HOSPITAL UNION COUNTY,NEW ALBANY,MS,Acute Care Hospitals,hospital_info,HF,Heart failure,1.0088,18.0614,17.9038,135,25,False
250007,Memorial Hospital Biloxi,BILOXI,MS,Acute Care Hospitals,hospital_info,HF,Heart failure,1.0822,19.1227,17.6701,49,15,False
250007,Memorial Hospital Biloxi,BILOXI,MS,Acute Care Hospitals,hospital_info,PN,Pneumonia,1.0832,16.4354,15.1725,95,21,False
250009,MAGNOLIA REGIONAL HEALTH CENTER,CORINTH,MS,Acute Care Hospitals,hospital_info,AMI,Heart attack,1.0027,12.4929,12.4597,119,15,False
250009,MAGNOLIA REGIONAL HEALTH CENTER,CORINTH,MS,Acute Care Hospitals,hospital_info,HIP-KNEE,Hip/knee replacement,1.3049,6.3902,4.8972,234,18,False
250009,MAGNOLIA REGIONAL HEALTH CENTER,CORINTH,MS,Acute Care Hospitals,hospital_info,PN,Pneumonia,1.0434,17.3742,16.6511,536,96,False
250019,MEMORIAL HOSPITAL AT GULFPORT,GULFPORT,MS,Acute Care Hospitals,hospital_info,AMI,Heart attack,1.0183,14.9125,14.6443,282,43,False
250019,MEMORIAL HOSPITAL AT GULFPORT,GULFPORT,MS,Acute Care Hospitals,hospital_info,HF,Heart failure,1.1072,23.257,21.005,754,183,False
250019,MEMORIAL HOSPITAL AT GULFPORT,GULFPORT,MS,Acute Care Hospitals,hospital_info,HIP-KNEE,Hip/knee replacement,1.115,8.0035,7.1777,,,True
250020,WEBSTER GENERAL HOSPITAL/ SWING BED,EUPORA,MS,Acute Care Hospitals,hospital_info,HF,Heart failure,1.0187,19.0502,18.7006,77,16,False
250025,NORTH MISSISSIPPI MEDICAL CENTER-GILMORE AMORY,AMORY,MS,Acute Care Hospitals,hospital_info,HF,Heart failure,1.0786,19.1207,17.727,66,18,False
250025,NORTH MISSISSIPPI MEDICAL CENTER-GILMORE AMORY,AMORY,MS,Acute Care Hospitals,hospital_info,PN,Pneumonia,1.0235,13.6389,13.3253,165,24,False
250031,MERIT HEALTH RIVER REGION,VICKSBURG,MS,Acute Care Hospitals,hospital_info,AMI,Heart attack,1.0267,12.2205,11.9022,161,21,False
250031,MERIT HEALTH RIVER REGION,VICKSBURG,MS,Acute Care Hospitals,hospital_info,CABG,Coronary artery bypass graft surgery,1.0975,11.7956,10.7473,,,True
250031,MERIT HEALTH RIVER REGION,VICKSBURG,MS,Acute Care Hospitals,hospital_info,COPD,Chronic obstructive pulmonary disease,1.0029,16.8737,16.8244,,,True
250031,MERIT HEALTH RIVER REGION,VICKSBURG,MS,Acute Care Hospitals,hospital_info,HF,Heart failure,1.0038,18.7396,18.6681,228,43,False
250031,MERIT HEALTH RIVER REGION,VICKSBURG,MS,Acute Care Hospitals,hospital_info,PN,Pneumonia,1.0491,16.9338,16.1414,223,41,False
250034,BAPTIST MEMORIAL HOSPITAL NORTH MS,OXFORD,MS,Acute Care Hospitals,hospital_info,CABG,Coronary artery bypass graft surgery,1.0378,9.536,9.1882,,,True
250034,BAPTIST MEMORIAL HOSPITAL NORTH MS,OXFORD,MS,Acute Care Hospitals,hospital_info,COPD,Chronic obstructive pulmonary disease,1.0456,17.6788,16.9079,174,34,False
250034,BAPTIST MEMORIAL HOSPITAL NORTH MS,OXFORD,MS,Acute Care Hospitals,hospital_info,HF,Heart failure,1.1472,21.7424,18.9528,745,172,False
250034,BAPTIST MEMORIAL HOSPITAL NORTH MS,OXFORD,MS,Acute Care Hospitals,hospital_info,HIP-KNEE,Hip/knee replacement,1.1789,6.3979,5.427,,,True
250034,BAPTIST MEMORIAL HOSPITAL NORTH MS,OXFORD,MS,Acute Care Hospitals,hospital_info,PN,Pneumonia,1.0221,16.9667,16.6005,840,144,False
250036,GEORGE REGIONAL HEALTH SYSTEM,LUCEDALE,MS,Acute Care Hospitals,hospital_info,HF,Heart failure,1.0328,19.6201,18.9974,,,True
250038,MERIT HEALTH MADISON,CANTON,MS,Acute Care Hospitals,hospital_info,COPD,Chronic obstructive pulmonary disease,1.0139,13.5248,13.3396,,,True
250038,MERIT HEALTH MADISON,CANTON,MS,Acute Care Hospitals,hospital_info,HF,Heart failure,1.0692,19.1252,17.8879,43,13,False
250038,MERIT HEALTH MADISON,CANTON,MS,Acute Care Hospitals,hospital_info,PN,Pneumonia,1.046,14.1879,13.5639,64,12,False
250040,SINGING RIVER HEALTH SYSTEM,PASCAGOULA,MS,Acute Care Hospitals,hospital_info,AMI,Heart attack,1.0811,12.2751,11.354,180,26,False
250040,SINGING RIVER HEALTH SYSTEM,PASCAGOULA,MS,Acute Care Hospitals,hospital_info,COPD,Chronic obstructive pulmonary disease,1.0484,18.5267,17.6721,197,40,False
250040,SINGING RIVER HEALTH SYSTEM,PASCAGOULA,MS,Acute Care Hospitals,hospital_info,HF,Heart failure,1.1187,21.902,19.5782,533,125,False
250040,SINGING RIVER HEALTH SYSTEM,PASCAGOULA,MS,Acute Care Hospitals,hospital_info,HIP-KNEE,Hip/knee replacement,1.035,5.2544,5.0765,278,15,False
250040,SINGING RIVER HEALTH SYSTEM,PASCAGOULA,MS,Acute Care Hospitals,hospital_info,PN,Pneumonia,1.0002,15.2899,15.2866,340,52,False
250043,NESHOBA COUNTY GENERAL HOSPITAL,PHILADELPHIA,MS,Acute Care Hospitals,hospital_info,COPD,Chronic obstructive pulmonary disease,1.0044,15.1321,15.0662,,,True
250043,NESHOBA COUNTY GENERAL HOSPITAL,PHILADELPHIA,MS,Acute Care Hospitals,hospital_info,HF,Heart failure,1.0006,15.036,15.0275,,,True
250044,BAPTIST MEMORIAL HOSPITAL BOONEVILLE,BOONEVILLE,MS,Acute Care Hospitals,hospital_info,COPD,Chronic obstructive pulmonary disease,1.0047,15.0479,14.9781,,,True
250048,ST DOMINIC-JACKSON MEMORIAL HOSPITAL,JACKSON,MS,Acute Care Hospitals,hospital_info,COPD,Chronic obstructive pulmonary disease,1.0089,17.3717,17.2187,169,30,False
250048,ST DOMINIC-JACKSON MEMORIAL HOSPITAL,JACKSON,MS,Acute Care Hospitals,hospital_info,HF,Heart failure,1.0484,19.8263,18.9108,699,142,False
250048,ST DOMINIC-JACKSON MEMORIAL HOSPITAL,JACKSON,MS,Acute Care Hospitals,hospital_info,HIP-KNEE,Hip/knee replacement,1.1173,6.0953,5.4552,,,True
250048,ST DOMINIC-JACKSON MEMORIAL HOSPITAL,JACKSON,MS,Acute Care Hospitals,hospital_info,PN,Pneumonia,1.1221,17.0471,15.1927,911,163,False
250050,BAPTIST MEMORIAL HOSPITAL-OKTIBBEHA COUNTY,STARKVILLE,MS,Acute Care Hospitals,hospital_info,HF,Heart failure,1.0773,17.0388,15.816,46,13,False
250057,KING'S DAUGHTERS MEDICAL CENTER-BROOKHAVEN,BROOKHAVEN,MS,Acute Care Hospitals,hospital_info,COPD,Chronic obstructive pulmonary disease,1.0423,20.3028,19.4786,,,True
250058,SOUTH CENTRAL REG MED CTR,LAUREL,MS,Acute Care Hospitals,hospital_info,AMI,Heart attack,1.1158,14.0856,12.624,39,11,False
250058,SOUTH CENTRAL REG MED CTR,LAUREL,MS,Acute Care Hospitals,hospital_info,COPD,Chronic obstructive pulmonary disease,1.1176,18.8683,16.8834,116,30,False
250058,SOUTH CENTRAL REG MED CTR,LAUREL,MS,Acute Care Hospitals,hospital_info,HF,Heart failure,1.0843,19.0343,17.5545,222,48,False
250058,SOUTH CENTRAL REG MED CTR,LAUREL,MS,Acute Care Hospitals,hospital_info,PN,Pneumonia,1.1513,16.8502,14.6362,354,69,False
250061,YALOBUSHA GENERAL HOSPITAL,WATER VALLEY,MS,Acute Care Hospitals,hospital_info,HF,Heart failure,1.0301,17.025,16.5276,,,True
250061,YALOBUSHA GENERAL HOSPITAL,WATER VALLEY,MS,Acute Care Hospitals,hospital_info,PN,Pneumonia,1.0152,12.9973,12.8024,,,True
250072,MERIT HEALTH CENTRAL,JACKSON,MS,Acute Care Hospitals,hospital_info,HF,Heart failure,1.0037,20.277,20.2031,,,True
250072,MERIT HEALTH CENTRAL,JACKSON,MS,Acute Care Hospitals,hospital_info,PN,Pneumonia,1.0341,15.4239,14.9155,57,11,False
250077,WAYNE GENERAL HOSPITAL,WAYNESBORO,MS,Acute Care Hospitals,hospital_info,COPD,Chronic obstructive pulmonary disease,1.0445,14.2518,13.6445,,,True
250077,WAYNE GENERAL HOSPITAL,WAYNESBORO,MS,Acute Care Hospitals,hospital_info,HF,Heart failure,1.0271,16.4287,15.9954,74,14,False
250077,WAYNE GENERAL HOSPITAL,WAYNESBORO,MS,Acute Care Hospitals,hospital_info,PN,Pneumonia,1.0133,12.8207,12.6519,87,12,False
250078,FORREST GENERAL HOSPITAL,HATTIESBURG,MS,Acute Care Hospitals,hospital_info,AMI,Heart attack,1.0669,12.1103,11.3512,312,41,False
250078,FORREST GENERAL HOSPITAL,HATTIESBURG,MS,Acute Care Hospitals,hospital_info,CABG,Coronary artery bypass graft surgery,1.0589,9.7996,9.2546,230,24,False
250078,FORREST GENERAL HOSPITAL,HATTIESBURG,MS,Acute Care Hospitals,hospital_info,COPD,Chronic obstructive pulmonary disease,1.0596,20.6771,19.5141,240,54,False
250078,FORREST GENERAL HOSPITAL,HATTIESBURG,MS,Acute Care Hospitals,hospital_info,HF,Heart failure,1.0129,20.5253,20.2644,697,144,False
250078,FORREST GENERAL HOSPITAL,HATTIESBURG,MS,Acute Care Hospitals,hospital_info,PN,Pneumonia,1.0533,18.2523,17.3291,742,139,False
250082,DELTA HEALTH SYSTEM - THE MEDICAL CENTER,GREENVILLE,MS,Acute Care Hospitals,hospital_info,AMI,Heart attack,1.018,12.7246,12.4998,103,14,False
250082,DELTA HEALTH SYSTEM - THE MEDICAL CENTER,GREENVILLE,MS,Acute Care Hospitals,hospital_info,COPD,Chronic obstructive pulmonary disease,1.1143,19.1006,17.1413,47,17,False
250082,DELTA HEALTH SYSTEM - THE MEDICAL CENTER,GREENVILLE,MS,Acute Care Hospitals,hospital_info,HF,Heart failure,1.0137,19.2116,18.9526,99,20,False
250082,DELTA HEALTH SYSTEM - THE MEDICAL CENTER,GREENVILLE,MS,Acute Care Hospitals,hospital_info,PN,Pneumonia,1.0804,15.9761,14.7876,162,31,False
250084,MERIT HEALTH NATCHEZ,NATCHEZ,MS,Acute Care Hospitals,hospital_info,HF,Heart failure,1.0151,20.0962,19.7971,104,22,False
250084,MERIT HEALTH NATCHEZ,NATCHEZ,MS,Acute Care Hospitals,hospital_info,PN,Pneumonia,1.0457,15.6001,14.9186,141,25,False
250085,MARION GENERAL HOSPITAL,COLUMBIA,MS,Acute Care Hospitals,hospital_info,HF,Heart failure,1.023,19.0368,18.6094,,,True
250085,MARION GENERAL HOSPITAL,COLUMBIA,MS,Acute Care Hospitals,hospital_info,PN,Pneumonia,1.0012,15.0869,15.0682,79,12,False
250093,BOLIVAR MEDICAL CENTER,CLEVELAND,MS,Acute Care Hospitals,hospital_info,COPD,Chronic obstructive pulmonary disease,1.0383,16.8426,16.2206,73,15,False
250093,BOLIVAR MEDICAL CENTER,CLEVELAND,MS,Acute Care Hospitals,hospital_info,PN,Pneumonia,1.0527,16.1852,15.3749,226,40,False
250094,MERIT HEALTH WESLEY,HATTIESBURG,MS,Acute Care Hospitals,hospital_info,AMI,Heart attack,1.0311,13.3723,12.9684,,,True
250094,MERIT HEALTH WESLEY,HATTIESBURG,MS,Acute Care Hospitals,hospital_info,CABG,Coronary artery bypass graft surgery,1.0575,11.039,10.4392,,,True
250094,MERIT HEALTH WESLEY,HATTIESBURG,MS,Acute Care Hospitals,hospital_info,PN,Pneumonia,1.0686,15.5914,14.5907,177,32,False
250095,SOUTH SUNFLOWER COUNTY HOSPITAL,INDIANOLA,MS,Acute Care Hospitals,hospital_info,PN,Pneumonia,1.0038,13.8944,13.8418,,,True
250096,CROSSGATES RIVER OAKS HOSPITAL,BRANDON,MS,Acute Care Hospitals,hospital_info,COPD,Chronic obstructive pulmonary disease,1.0251,16.3676,15.9667,,,True
250096,CROSSGATES RIVER OAKS HOSPITAL,BRANDON,MS,Acute Care Hospitals,hospital_info,HF,Heart failure,1.0474,20.5339,19.6039,37,11,False
250096,CROSSGATES RIVER OAKS HOSPITAL,BRANDON,MS,Acute Care Hospitals,hospital_info,PN,Pneumonia,1.0352,15.7211,15.1869,68,13,False
250097,SOUTHWEST MS REGIONAL MEDICAL CENTER,MCCOMB,MS,Acute Care Hospitals,hospital_info,AMI,Heart attack,1.0574,10.6314,10.0541,78,11,False
250097,SOUTHWEST MS REGIONAL MEDICAL CENTER,MCCOMB,MS,Acute Care Hospitals,hospital_info,COPD,Chronic obstructive pulmonary disease,1.0453,20.0772,19.2067,83,20,False
250097,SOUTHWEST MS REGIONAL MEDICAL CENTER,MCCOMB,MS,Acute Care Hospitals,hospital_info,HF,Heart failure,1.04,18.7586,18.0363,161,33,False
250097,SOUTHWEST MS REGIONAL MEDICAL CENTER,MCCOMB,MS,Acute Care Hospitals,hospital_info,PN,Pneumonia,1.0496,17.0364,16.2307,280,51,False
250099,GREENWOOD LEFLORE HOSPITAL,GREENWOOD,MS,Acute Care Hospitals,hospital_info,HIP-KNEE,Hip/knee replacement,1.0299,4.0453,3.9278,,,True
250100,BMH-GOLDEN TRIANGLE,COLUMBUS,MS,Acute Care Hospitals,hospital_info,COPD,Chronic obstructive pulmonary disease,1.0068,16.5205,16.4087,106,18,False
250102,MISSISSIPPI BAPTIST MEDICAL CENTER,JACKSON,MS,Acute Care Hospitals,hospital_info,AMI,Heart attack,1.0922,13.5239,12.3826,211,33,False
250102,MISSISSIPPI BAPTIST MEDICAL CENTER,JACKSON,MS,Acute Care Hospitals,hospital_info,CABG,Coronary artery bypass graft surgery,1.0037,9.6163,9.5805,,,True
250102,MISSISSIPPI BAPTIST MEDICAL CENTER,JACKSON,MS,Acute Care Hospitals,hospital_info,PN,Pneumonia,1.1351,17.9153,15.7836,795,151,False
250104,ANDERSON REGIONAL MEDICAL CENTER,MERIDIAN,MS,Acute Care Hospitals,hospital_info,CABG,Coronary artery bypass graft surgery,1.0345,11.2921,10.9156,,,True
250104,ANDERSON REGIONAL MEDICAL CENTER,MERIDIAN,MS,Acute Care Hospitals,hospital_info,COPD,Chronic obstructive pulmonary disease,1.0049,19.4395,19.3437,173,34,False
250104,ANDERSON REGIONAL MEDICAL CENTER,MERIDIAN,MS,Acute Care Hospitals,hospital_info,PN,Pneumonia,1.0928,17.9884,16.4611,478,92,False
250117,HIGHLAND COMMUNITY  HOSPITAL,PICAYUNE,MS,Acute Care Hospitals,hospital_info,HF,Heart failure,1.0764,19.7891,18.3845,49,15,False
250117,HIGHLAND COMMUNITY  HOSPITAL,PICAYUNE,MS,Acute Care Hospitals,hospital_info,PN,Pneumonia,1.0547,15.7857,14.9664,117,22,False
250123,SINGING RIVER GULFPORT,GULFPORT,MS,Acute Care Hospitals,hospital_info,COPD,Chronic obstructive pulmonary disease,1.0293,17.9026,17.393,,,True
250123,SINGING RIVER GULFPORT,GULFPORT,MS,Acute Care Hospitals,hospital_info,HF,Heart failure,1.0689,19.8378,18.5591,122,29,False
250123,SINGING RIVER GULFPORT,GULFPORT,MS,Acute Care Hospitals,hospital_info,PN,Pneumonia,1.0397,15.504,14.9113,106,19,False
250124,MAGEE GENERAL HOSPITAL,MAGEE,MS,Acute Care Hospitals,hospital_info,HF,Heart failure,1.0039,16.3045,16.2408,,,True
250124,MAGEE GENERAL HOSPITAL,MAGEE,MS,Acute Care Hospitals,hospital_info,PN,Pneumonia,1.0106,13.0645,12.9272,79,11,False
250138,MERIT HEALTH RIVER OAKS,FLOWOOD,MS,Acute Care Hospitals,hospital_info,AMI,Heart attack,1.1007,14.4142,13.0951,98,19,False
250138,MERIT HEALTH RIVER OAKS,FLOWOOD,MS,Acute Care Hospitals,hospital_info,COPD,Chronic obstructive pulmonary disease,1.0387,16.4108,15.7988,,,True
250138,MERIT HEALTH RIVER OAKS,FLOWOOD,MS,Acute Care Hospitals,hospital_info,HF,Heart failure,1.0517,18.2902,17.391,68,16,False
250138,MERIT HEALTH RIVER OAKS,FLOWOOD,MS,Acute Care Hospitals,hospital_info,HIP-KNEE,Hip/knee replacement,1.034,5.4549,5.2757,,,True
250141,BAPTIST MEMORIAL HOSPITAL DESOTO,SOUTHAVEN,MS,Acute Care Hospitals,hospital_info,COPD,Chronic obstructive pulmonary disease,1.0119,17.3128,17.11,203,36,False
250141,BAPTIST MEMORIAL HOSPITAL DESOTO,SOUTHAVEN,MS,Acute Care Hospitals,hospital_info,HF,Heart failure,1.0634,21.7035,20.4095,638,143,False
250141,BAPTIST MEMORIAL HOSPITAL DESOTO,SOUTHAVEN,MS,Acute Care Hospitals,hospital_info,PN,Pneumonia,1.106,18.5151,16.7401,735,143,False
250162,OCHSNER MEDICAL CENTER-HANCOCK,BAY SAINT LOUIS,MS,Acute Care Hospitals,hospital_info,HF,Heart failure,1.0695,19.7411,18.4586,31,11,False
250162,OCHSNER MEDICAL CENTER-HANCOCK,BAY SAINT LOUIS,MS,Acute Care Hospitals,hospital_info,PN,Pneumonia,1.0279,15.0592,14.6499,,,True
250167,METHODIST HEALTHCARE - OLIVE BRANCH HOSPITAL,OLIVE BRANCH,MS,Acute Care Hospitals,hospital_info,AMI,Heart attack,1.0027,11.0745,11.045,,,True
250168,UNIVERSITY OF MISSISSIPPI MEDICAL CENTER- GRENADA,GRENADA,MS,Acute Care Hospitals,hospital_info,COPD,Chronic obstructive pulmonary disease,1.0425,17.2284,16.5266,,,True
250168,UNIVERSITY OF MISSISSIPPI MEDICAL CENTER- GRENADA,GRENADA,MS,Acute Care Hospitals,hospital_info,HF,Heart failure,1.0451,20.0222,19.1581,99,23,False
250168,UNIVERSITY OF MISSISSIPPI MEDICAL CENTER- GRENADA,GRENADA,MS,Acute Care Hospitals,hospital_info,PN,Pneumonia,1.0583,15.6592,14.7971,142,26,False
250172,HIGHLAND HILLS MEDICAL CENTER,SENATOBIA,MS,Acute Care Hospitals,hospital_info,PN,Pneumonia,1.0009,14.1436,14.1307,,,True
260001,MERCY HOSPITAL JOPLIN,JOPLIN,MO,Acute Care Hospitals,hospital_info,AMI,Heart attack,1.0401,12.3545,11.8783,154,21,False
260001,MERCY HOSPITAL JOPLIN,JOPLIN,MO,Acute Care Hospitals,hospital_info,CABG,Coronary artery bypass graft surgery,1.1311,11.2165,9.9163,,,True
260001,MERCY HOSPITAL JOPLIN,JOPLIN,MO,Acute Care Hospitals,hospital_info,HF,Heart failure,1.0183,20.2004,19.8367,335,69,False
260001,MERCY HOSPITAL JOPLIN,JOPLIN,MO,Acute Care Hospitals,hospital_info,PN,Pneumonia,1.0273,16.4997,16.0614,486,82,False
260005,SSM ST JOSEPH HEALTH CENTER,SAINT CHARLES,MO,Acute Care Hospitals,hospital_info,COPD,Chronic obstructive pulmonary disease,1.0921,20.4995,18.7714,99,27,False
260005,SSM ST JOSEPH HEALTH CENTER,SAINT CHARLES,MO,Acute Care Hospitals,hospital_info,HF,Heart failure,1.0127,20.0292,19.7774,285,58,False
260005,SSM ST JOSEPH HEALTH CENTER,SAINT CHARLES,MO,Acute Care Hospitals,hospital_info,PN,Pneumonia,1.0546,16.7942,15.9246,205,38,False
260006,MOSAIC LIFE CARE AT ST JOSEPH,SAINT JOSEPH,MO,Acute Care Hospitals,hospital_info,AMI,Heart attack,1.023,13.9776,13.663,285,41,False
260006,MOSAIC LIFE CARE AT ST JOSEPH,SAINT JOSEPH,MO,Acute Care Hospitals,hospital_info,HF,Heart failure,1.0336,21.0357,20.3523,635,136,False
260009,BOTHWELL REGIONAL HEALTH CENTER,SEDALIA,MO,Acute Care Hospitals,hospital_info,COPD,Chronic obstructive pulmonary disease,1.0647,17.9261,16.8364,142,30,False
260009,BOTHWELL REGIONAL HEALTH CENTER,SEDALIA,MO,Acute Care Hospitals,hospital_info,HF,Heart failure,1.0338,19.5301,18.8923,208,43,False
260011,SSM HEALTH ST. MARY'S HOSPITAL - JEFFERSON CITY,JEFFERSON CITY,MO,Acute Care Hospitals,hospital_info,AMI,Heart attack,1.0201,10.7649,10.5533,,,True
260011,SSM HEALTH ST. MARY'S HOSPITAL - JEFFERSON CITY,JEFFERSON CITY,MO,Acute Care Hospitals,hospital_info,COPD,Chronic obstructive pulmonary disease,1.0753,17.6211,16.3878,112,25,False
260011,SSM HEALTH ST. MARY'S HOSPITAL - JEFFERSON CITY,JEFFERSON CITY,MO,Acute Care Hospitals,hospital_info,HF,Heart failure,1.1245,20.1512,17.9204,142,37,False
260017,PHELPS COUNTY REGIONAL MEDICAL CENTER,ROLLA,MO,Acute Care Hospitals,hospital_info,AMI,Heart attack,1.0151,14.6851,14.4659,90,14,False
260017,PHELPS COUNTY REGIONAL MEDICAL CENTER,ROLLA,MO,Acute Care Hospitals,hospital_info,COPD,Chronic obstructive pulmonary disease,1.0334,19.6422,19.0068,130,28,False
260017,PHELPS COUNTY REGIONAL MEDICAL CENTER,ROLLA,MO,Acute Care Hospitals,hospital_info,HF,Heart failure,1.109,22.8526,20.6058,338,85,False
260017,PHELPS COUNTY REGIONAL MEDICAL CENTER,ROLLA,MO,Acute Care Hospitals,hospital_info,HIP-KNEE,Hip/knee replacement,1.0537,6.1928,5.877,,,True
260017,PHELPS COUNTY REGIONAL MEDICAL CENTER,ROLLA,MO,Acute Care Hospitals,hospital_info,PN,Pneumonia,1.1138,18.2195,16.3578,311,64,False
260020,MERCY HOSPITAL ST LOUIS,SAINT LOUIS,MO,Acute Care Hospitals,hospital_info,AMI,Heart attack,1.0591,14.3901,13.5868,195,31,False
260020,MERCY HOSPITAL ST LOUIS,SAINT LOUIS,MO,Acute Care Hospitals,hospital_info,CABG,Coronary artery bypass graft surgery,1.2812,14.5076,11.3232,175,32,False
260020,MERCY HOSPITAL ST LOUIS,SAINT LOUIS,MO,Acute Care Hospitals,hospital_info,COPD,Chronic obstructive pulmonary disease,1.0153,18.0921,17.8198,143,27,False
260020,MERCY HOSPITAL ST LOUIS,SAINT LOUIS,MO,Acute Care Hospitals,hospital_info,HIP-KNEE,Hip/knee replacement,1.1727,6.5225,5.5617,171,13,False
260020,MERCY HOSPITAL ST LOUIS,SAINT LOUIS,MO,Acute Care Hospitals,hospital_info,PN,Pneumonia,1.1818,19.2267,16.2694,689,144,False
260022,NORTHEAST REGIONAL MEDICAL CENTER,KIRKSVILLE,MO,Acute Care Hospitals,hospital_info,AMI,Heart attack,1.0306,14.6589,14.224,,,True
260022,NORTHEAST REGIONAL MEDICAL CENTER,KIRKSVILLE,MO,Acute Care Hospitals,hospital_info,COPD,Chronic obstructive pulmonary disease,1.0252,19.2152,18.7434,,,True
260022,NORTHEAST REGIONAL MEDICAL CENTER,KIRKSVILLE,MO,Acute Care Hospitals,hospital_info,HF,Heart failure,1.0141,18.8863,18.6228,90,18,False
260023,MERCY HOSPITAL JEFFERSON,CRYSTAL CITY,MO,Acute Care Hospitals,hospital_info,AMI,Heart attack,1.0994,15.4073,14.0148,137,26,False
260023,MERCY HOSPITAL JEFFERSON,CRYSTAL CITY,MO,Acute Care Hospitals,hospital_info,HF,Heart failure,1.1094,22.7537,20.5091,300,76,False
260024,TEXAS COUNTY MEMORIAL HOSPITAL,HOUSTON,MO,Acute Care Hospitals,hospital_info,HF,Heart failure,1.0174,15.1679,14.9087,,,True
260025,HANNIBAL REGIONAL HOSPITAL,HANNIBAL,MO,Acute Care Hospitals,hospital_info,COPD,Chronic obstructive pulmonary disease,1.115,20.0973,18.0241,253,59,False
260025,HANNIBAL REGIONAL HOSPITAL,HANNIBAL,MO,Acute Care Hospitals,hospital_info,HF,Heart failure,1.1423,22.6528,19.831,292,76,False
260025,HANNIBAL REGIONAL HOSPITAL,HANNIBAL,MO,Acute Care Hospitals,hospital_info,HIP-KNEE,Hip/knee replacement,1.0703,7.3727,6.8883,,,True
260025,HANNIBAL REGIONAL HOSPITAL,HANNIBAL,MO,Acute Care Hospitals,hospital_info,PN,Pneumonia,1.0818,18.0642,16.6982,463,89,False
260027,RESEARCH MEDICAL CENTER,KANSAS CITY,MO,Acute Care Hospitals,hospital_info,AMI,Heart attack,1.042,15.7679,15.1323,94,17,False
260027,RESEARCH MEDICAL CENTER,KANSAS CITY,MO,Acute Care Hospitals,hospital_info,CABG,Coronary artery bypass graft surgery,1.0927,13.6072,12.4524,,,True
260027,RESEARCH MEDICAL CENTER,KANSAS CITY,MO,Acute Care Hospitals,hospital_info,PN,Pneumonia,1.0383,18.0975,17.4292,157,31,False
260032,BARNES JEWISH HOSPITAL,SAINT LOUIS,MO,Acute Care Hospitals,hospital_info,AMI,Heart attack,1.0588,16.6608,15.7355,234,42,False
260032,BARNES JEWISH HOSPITAL,SAINT LOUIS,MO,Acute Care Hospitals,hospital_info,COPD,Chronic obstructive pulmonary disease,1.0074,22.5762,22.4094,179,41,False
260032,BARNES JEWISH HOSPITAL,SAINT LOUIS,MO,Acute Care Hospitals,hospital_info,HF,Heart failure,1.0775,23.4978,21.8071,725,176,False
260034,BATES COUNTY MEMORIAL HOSPITAL,BUTLER,MO,Acute Care Hospitals,hospital_info,PN,Pneumonia,1.0054,15.2828,15.2003,,,True
260040,COX MEDICAL CENTERS,SPRINGFIELD,MO,Acute Care Hospitals,hospital_info,AMI,Heart attack,1.1272,13.4469,11.9294,275,43,False
260048,TRUMAN MEDICAL CENTER HOSPITAL HILL,KANSAS CITY,MO,Acute Care Hospitals,hospital_info,PN,Pneumonia,1.0075,16.6657,16.5414,,,True
260052,MERCY HOSPITAL WASHINGTON,WASHINGTON,MO,Acute Care Hospitals,hospital_info,HIP-KNEE,Hip/knee replacement,1.153,5.3308,4.6233,,,True
260065,MERCY HOSPITAL SPRINGFIELD,SPRINGFIELD,MO,Acute Care Hospitals,hospital_info,AMI,Heart attack,1.0321,13.271,12.8585,327,45,False
260065,MERCY HOSPITAL SPRINGFIELD,SPRINGFIELD,MO,Acute Care Hospitals,hospital_info,CABG,Coronary artery bypass graft surgery,1.0644,12.4754,11.7203,147,20,False
260065,MERCY HOSPITAL SPRINGFIELD,SPRINGFIELD,MO,Acute Care Hospitals,hospital_info,COPD,Chronic obstructive pulmonary disease,1.0556,19.7381,18.699,167,37,False
260068,BOONE HOSPITAL CENTER,COLUMBIA,MO,Acute Care Hospitals,hospital_info,AMI,Heart attack,1.0454,13.6146,13.0235,314,45,False
260068,BOONE HOSPITAL CENTER,COLUMBIA,MO,Acute Care Hospitals,hospital_info,CABG,Coronary artery bypass graft surgery,1.0378,10.4185,10.039,154,17,False
260070,PEMISCOT COUNTY MEMORIAL HOSPITAL,HAYTI,MO,Acute Care Hospitals,hospital_info,PN,Pneumonia,1.0431,14.8261,14.2139,,,True
260074,MOBERLY REGIONAL MEDICAL CENTER,MOBERLY,MO,Acute Care Hospitals,hospital_info,COPD,Chronic obstructive pulmonary disease,1.0204,19.6861,19.2927,,,True
260074,MOBERLY REGIONAL MEDICAL CENTER,MOBERLY,MO,Acute Care Hospitals,hospital_info,HF,Heart failure,1.0011,19.777,19.7555,,,True
260074,MOBERLY REGIONAL MEDICAL CENTER,MOBERLY,MO,Acute Care Hospitals,hospital_info,PN,Pneumonia,1.0421,15.0748,14.4653,108,19,False
260077,MERCY HOSPITAL SOUTH,SAINT LOUIS,MO,Acute Care Hospitals,hospital_info,COPD,Chronic obstructive pulmonary disease,1.1246,21.2862,18.9273,207,53,False
260077,MERCY HOSPITAL SOUTH,SAINT LOUIS,MO,Acute Care Hospitals,hospital_info,HIP-KNEE,Hip/knee replacement,1.241,7.3738,5.9421,115,11,False
260077,MERCY HOSPITAL SOUTH,SAINT LOUIS,MO,Acute Care Hospitals,hospital_info,PN,Pneumonia,1.1399,18.8509,16.5374,642,130,False
260078,OZARKS HEALTHCARE,WEST PLAINS,MO,Acute Care Hospitals,hospital_info,AMI,Heart attack,1.0054,12.9171,12.8482,114,15,False
260081,SSM ST CLARE HEALTH CENTER,FENTON,MO,Acute Care Hospitals,hospital_info,AMI,Heart attack,1.0283,14.611,14.2082,127,20,False
260081,SSM ST CLARE HEALTH CENTER,FENTON,MO,Acute Care Hospitals,hospital_info,HF,Heart failure,1.0537,20.8242,19.7625,385,84,False
260081,SSM ST CLARE HEALTH CENTER,FENTON,MO,Acute Care Hospitals,hospital_info,HIP-KNEE,Hip/knee replacement,1.0271,5.8516,5.6971,,,True
260085,ST JOSEPH MEDICAL CENTER,KANSAS CITY,MO,Acute Care Hospitals,hospital_info,HIP-KNEE,Hip/knee replacement,1.1884,4.783,4.0249,,,True
260085,ST JOSEPH MEDICAL CENTER,KANSAS CITY,MO,Acute Care Hospitals,hospital_info,PN,Pneumonia,1.0484,18.0413,17.2082,320,61,False
260091,SSM HEALTH ST MARY'S HOSPITAL - ST LOUIS,SAINT LOUIS,MO,Acute Care Hospitals,hospital_info,AMI,Heart attack,1.0201,14.2543,13.9734,70,11,False
260091,SSM HEALTH ST MARY'S HOSPITAL - ST LOUIS,SAINT LOUIS,MO,Acute Care Hospitals,hospital_info,COPD,Chronic obstructive pulmonary disease,1.0576,23.1116,21.8519,76,22,False
260091,SSM HEALTH ST MARY'S HOSPITAL - ST LOUIS,SAINT LOUIS,MO,Acute Care Hospitals,hospital_info,HF,Heart failure,1.0793,21.1755,19.6199,290,67,False
260094,COX MEDICAL CENTER BRANSON,BRANSON,MO,Acute Care Hospitals,hospital_info,AMI,Heart attack,1.025,13.3871,13.0606,140,20,False
260095,CENTERPOINT MEDICAL CENTER,INDEPENDENCE,MO,Acute Care Hospitals,hospital_info,COPD,Chronic obstructive pulmonary disease,1.0591,19.0321,17.9693,135,30,False
260095,CENTERPOINT MEDICAL CENTER,INDEPENDENCE,MO,Acute Care Hospitals,hospital_info,PN,Pneumonia,1.1128,17.891,16.078,401,79,False
260096,NKC HEALTH,NORTH KANSAS CITY,MO,Acute Care Hospitals,hospital_info,COPD,Chronic obstructive pulmonary disease,1.044,18.756,17.9655,207,42,False
260096,NKC HEALTH,NORTH KANSAS CITY,MO,Acute Care Hospitals,hospital_info,HIP-KNEE,Hip/knee replacement,1.0138,5.3347,5.2619,222,12,False
260096,NKC HEALTH,NORTH KANSAS CITY,MO,Acute Care Hospitals,hospital_info,PN,Pneumonia,1.0197,16.4308,16.114,978,162,False
260097,WESTERN MISSOURI MEDICAL CENTER,WARRENSBURG,MO,Acute Care Hospitals,hospital_info,COPD,Chronic obstructive pulmonary disease,1.0131,19.5471,19.2944,,,True
260097,WESTERN MISSOURI MEDICAL CENTER,WARRENSBURG,MO,Acute Care Hospitals,hospital_info,HF,Heart failure,1.0839,20.8716,19.256,87,24,False
260097,WESTERN MISSOURI MEDICAL CENTER,WARRENSBURG,MO,Acute Care Hospitals,hospital_info,HIP-KNEE,Hip/knee replacement,1.0099,4.4956,4.4515,,,True
260102,UNIVERSITY HEALTH LAKEWOOD MEDICAL CENTER,KANSAS CITY,MO,Acute Care Hospitals,hospital_info,HIP-KNEE,Hip/knee replacement,1.0455,5.3016,5.0707,,,True
260105,SSM HEALTH SAINT LOUIS UNIVERSITY HOSPITAL,SAINT LOUIS,MO,Acute Care Hospitals,hospital_info,AMI,Heart attack,1.0493,16.1117,15.3552,90,17,False
260105,SSM HEALTH SAINT LOUIS UNIVERSITY HOSPITAL,SAINT LOUIS,MO,Acute Care Hospitals,hospital_info,CABG,Coronary artery bypass graft surgery,1.034,12.4614,12.0512,,,True
260105,SSM HEALTH SAINT LOUIS UNIVERSITY HOSPITAL,SAINT LOUIS,MO,Acute Care Hospitals,hospital_info,COPD,Chronic obstructive pulmonary disease,1.0019,21.2206,21.1798,,,True
260105,SSM HEALTH SAINT LOUIS UNIVERSITY HOSPITAL,SAINT LOUIS,MO,Acute Care Hospitals,hospital_info,HF,Heart failure,1.1032,24.7859,22.4671,127,39,False
260105,SSM HEALTH SAINT LOUIS UNIVERSITY HOSPITAL,SAINT LOUIS,MO,Acute Care Hospitals,hospital_info,PN,Pneumonia,1.1013,21.4706,19.4955,89,26,False
260108,MISSOURI BAPTIST MEDICAL CENTER,SAINT LOUIS,MO,Acute Care Hospitals,hospital_info,AMI,Heart attack,1.0485,14.6193,13.9425,291,45,False
260108,MISSOURI BAPTIST MEDICAL CENTER,SAINT LOUIS,MO,Acute Care Hospitals,hospital_info,CABG,Coronary artery bypass graft surgery,1.0745,11.2772,10.4953,134,17,False
260108,MISSOURI BAPTIST MEDICAL CENTER,SAINT LOUIS,MO,Acute Care Hospitals,hospital_info,COPD,Chronic obstructive pulmonary disease,1.0614,21.3201,20.0866,152,37,False
260108,MISSOURI BAPTIST MEDICAL CENTER,SAINT LOUIS,MO,Acute Care Hospitals,hospital_info,HIP-KNEE,Hip/knee replacement,1.0172,6.0131,5.9113,,,True
260110,MERCY HOSPITAL SOUTHEAST,CAPE GIRARDEAU,MO,Acute Care Hospitals,hospital_info,HF,Heart failure,1.108,20.7472,18.725,234,56,False
260110,MERCY HOSPITAL SOUTHEAST,CAPE GIRARDEAU,MO,Acute Care Hospitals,hospital_info,PN,Pneumonia,1.0569,15.8602,15.0057,374,63,False
260113,MISSOURI DELTA MEDICAL CENTER,SIKESTON,MO,Acute Care Hospitals,hospital_info,HF,Heart failure,1.0243,20.7999,20.3063,131,29,False
260119,POPLAR BLUFF REGIONAL MEDICAL CENTER,POPLAR BLUFF,MO,Acute Care Hospitals,hospital_info,COPD,Chronic obstructive pulmonary disease,1.024,20.8133,20.3261,145,32,False
260119,POPLAR BLUFF REGIONAL MEDICAL CENTER,POPLAR BLUFF,MO,Acute Care Hospitals,hospital_info,HF,Heart failure,1.0362,21.2088,20.4686,346,76,False
260137,FREEMAN HEALTH SYSTEM - FREEMAN WEST,JOPLIN,MO,Acute Care Hospitals,hospital_info,PN,Pneumonia,1.0051,16.2273,16.1452,343,56,False
260138,ST LUKES HOSPITAL OF KANSAS CITY,KANSAS CITY,MO,Acute Care Hospitals,hospital_info,HIP-KNEE,Hip/knee replacement,1.052,6.4131,6.0962,,,True
260141,UNIVERSITY OF MISSOURI HEALTH CARE,COLUMBIA,MO,Acute Care Hospitals,hospital_info,AMI,Heart attack,1.0076,12.9666,12.8691,213,28,False
260141,UNIVERSITY OF MISSOURI HEALTH CARE,COLUMBIA,MO,Acute Care Hospitals,hospital_info,CABG,Coronary artery bypass graft surgery,1.0306,11.7306,11.3821,,,True
260141,UNIVERSITY OF MISSOURI HEALTH CARE,COLUMBIA,MO,Acute Care Hospitals,hospital_info,COPD,Chronic obstructive pulmonary disease,1.0209,21.3812,20.9426,231,51,False
260141,UNIVERSITY OF MISSOURI HEALTH CARE,COLUMBIA,MO,Acute Care Hospitals,hospital_info,HF,Heart failure,1.0452,21.4744,20.5454,376,84,False
260141,UNIVERSITY OF MISSOURI HEALTH CARE,COLUMBIA,MO,Acute Care Hospitals,hospital_info,HIP-KNEE,Hip/knee replacement,1.0764,6.9364,6.4442,,,True
260142,FITZGIBBON HOSPITAL,MARSHALL,MO,Acute Care Hospitals,hospital_info,COPD,Chronic obstructive pulmonary disease,1.0292,15.2654,14.8327,,,True
260142,FITZGIBBON HOSPITAL,MARSHALL,MO,Acute Care Hospitals,hospital_info,HF,Heart failure,1.042,18.0219,17.2952,56,13,False
260142,FITZGIBBON HOSPITAL,MARSHALL,MO,Acute Care Hospitals,hospital_info,PN,Pneumonia,1.0065,13.7891,13.6999,113,16,False
260160,MERCY HOSPITAL STODDARD,DEXTER,MO,Acute Care Hospitals,hospital_info,COPD,Chronic obstructive pulmonary disease,1.0082,16.2077,16.0764,,,True
260162,BARNES-JEWISH WEST COUNTY HOSPITAL,CREVE COEUR,MO,Acute Care Hospitals,hospital_info,HF,Heart failure,1.0819,20.1748,18.6479,51,16,False
260162,BARNES-JEWISH WEST COUNTY HOSPITAL,CREVE COEUR,MO,Acute Care Hospitals,hospital_info,PN,Pneumonia,1.0185,15.0468,14.7736,65,11,False
260175,GOLDEN VALLEY MEMORIAL HOSPITAL,CLINTON,MO,Acute Care Hospitals,hospital_info,PN,Pneumonia,1.0119,15.786,15.5999,109,18,False
260176,ST LUKE'S DES PERES HOSPITAL,,MO,,hrrp_fallback,HF,Heart failure,1.0254,19.1879,18.7131,48,11,False
260176,ST LUKE'S DES PERES HOSPITAL,,MO,,hrrp_fallback,HIP-KNEE,Hip/knee replacement,1.1045,5.9273,5.3663,183,12,False
260177,LIBERTY HOSPITAL,LIBERTY,MO,Acute Care Hospitals,hospital_info,AMI,Heart attack,1.0117,11.7204,11.5846,106,13,False
260177,LIBERTY HOSPITAL,LIBERTY,MO,Acute Care Hospitals,hospital_info,COPD,Chronic obstructive pulmonary disease,1.0704,17.8936,16.7174,179,37,False
260177,LIBERTY HOSPITAL,LIBERTY,MO,Acute Care Hospitals,hospital_info,HF,Heart failure,1.0427,18.4104,17.6567,337,65,False
260177,LIBERTY HOSPITAL,LIBERTY,MO,Acute Care Hospitals,hospital_info,HIP-KNEE,Hip/knee replacement,1.2018,6.893,5.7355,,,True
260179,ST LUKES HOSPITAL,CHESTERFIELD,MO,Acute Care Hospitals,hospital_info,COPD,Chronic obstructive pulmonary disease,1.0001,18.3276,18.325,180,33,False
260179,ST LUKES HOSPITAL,CHESTERFIELD,MO,Acute Care Hospitals,hospital_info,HIP-KNEE,Hip/knee replacement,1.4192,7.9477,5.6,213,21,False
260179,ST LUKES HOSPITAL,CHESTERFIELD,MO,Acute Care Hospitals,hospital_info,PN,Pneumonia,1.0253,16.2696,15.8685,758,125,False
260180,CHRISTIAN HOSPITAL NORTHEAST,SAINT LOUIS,MO,Acute Care Hospitals,hospital_info,CABG,Coronary artery bypass graft surgery,1.0033,11.2409,11.2045,106,12,False
260180,CHRISTIAN HOSPITAL NORTHEAST,SAINT LOUIS,MO,Acute Care Hospitals,hospital_info,COPD,Chronic obstructive pulmonary disease,1.0339,22.9913,22.237,106,27,False
260180,CHRISTIAN HOSPITAL NORTHEAST,SAINT LOUIS,MO,Acute Care Hospitals,hospital_info,HIP-KNEE,Hip/knee replacement,1.0493,5.0777,4.8393,,,True
260183,SAINT FRANCIS MEDICAL CENTER,CAPE GIRARDEAU,MO,Acute Care Hospitals,hospital_info,AMI,Heart attack,1.0029,12.1969,12.1622,130,16,False
260183,SAINT FRANCIS MEDICAL CENTER,CAPE GIRARDEAU,MO,Acute Care Hospitals,hospital_info,CABG,Coronary artery bypass graft surgery,1.0363,9.5793,9.2435,,,True
260186,LAKE REGIONAL HEALTH SYSTEM,OSAGE BEACH,MO,Acute Care Hospitals,hospital_info,AMI,Heart attack,1.0326,14.3848,13.9307,204,31,False
260190,LEE'S SUMMIT MEDICAL CENTER,LEES SUMMIT,MO,Acute Care Hospitals,hospital_info,AMI,Heart attack,1.0135,12.9076,12.735,,,True
260190,LEE'S SUMMIT MEDICAL CENTER,LEES SUMMIT,MO,Acute Care Hospitals,hospital_info,HF,Heart failure,1.0032,19.6956,19.6335,141,28,False
260190,LEE'S SUMMIT MEDICAL CENTER,LEES SUMMIT,MO,Acute Care Hospitals,hospital_info,HIP-KNEE,Hip/knee replacement,1.0161,4.9464,4.8683,,,True
260190,LEE'S SUMMIT MEDICAL CENTER,LEES SUMMIT,MO,Acute Care Hospitals,hospital_info,PN,Pneumonia,1.0575,16.9934,16.0688,172,33,False
260191,BARNES-JEWISH ST PETERS HOSPITAL,SAINT PETERS,MO,Acute Care Hospitals,hospital_info,AMI,Heart attack,1.0056,12.9561,12.8841,,,True
260191,BARNES-JEWISH ST PETERS HOSPITAL,SAINT PETERS,MO,Acute Care Hospitals,hospital_info,HF,Heart failure,1.079,22.2232,20.5958,258,63,False
260191,BARNES-JEWISH ST PETERS HOSPITAL,SAINT PETERS,MO,Acute Care Hospitals,hospital_info,HIP-KNEE,Hip/knee replacement,1.1015,6.2683,5.6908,,,True
260193,ST MARY'S MEDICAL CENTER,BLUE SPRINGS,MO,Acute Care Hospitals,hospital_info,AMI,Heart attack,1.0241,14.3977,14.0593,,,True
260193,ST MARY'S MEDICAL CENTER,BLUE SPRINGS,MO,Acute Care Hospitals,hospital_info,HF,Heart failure,1.0389,19.3287,18.6043,110,24,False
260193,ST MARY'S MEDICAL CENTER,BLUE SPRINGS,MO,Acute Care Hospitals,hospital_info,PN,Pneumonia,1.0925,17.7076,16.2083,271,54,False
260195,CITIZENS MEMORIAL HOSPITAL,BOLIVAR,MO,Acute Care Hospitals,hospital_info,AMI,Heart attack,1.0579,12.7366,12.0394,72,12,False
260214,BELTON REGIONAL MEDICAL CENTER,BELTON,MO,Acute Care Hospitals,hospital_info,COPD,Chronic obstructive pulmonary disease,1.0335,17.7469,17.1717,,,True
260214,BELTON REGIONAL MEDICAL CENTER,BELTON,MO,Acute Care Hospitals,hospital_info,HF,Heart failure,1.0061,20.1823,20.0603,87,18,False
260214,BELTON REGIONAL MEDICAL CENTER,BELTON,MO,Acute Care Hospitals,hospital_info,HIP-KNEE,Hip/knee replacement,1.1382,5.2966,4.6534,,,True
260214,BELTON REGIONAL MEDICAL CENTER,BELTON,MO,Acute Care Hospitals,hospital_info,PN,Pneumonia,1.0849,16.8943,15.5721,151,31,False
260216,SAINT LUKE'S EAST  HOSPITAL,LEES SUMMIT,MO,Acute Care Hospitals,hospital_info,HIP-KNEE,Hip/knee replacement,1.1243,6.2921,5.5964,,,True
260216,SAINT LUKE'S EAST  HOSPITAL,LEES SUMMIT,MO,Acute Care Hospitals,hospital_info,PN,Pneumonia,1.0174,15.8976,15.6257,540,87,False
270003,ST PETERS HEALTH,HELENA,MT,Acute Care Hospitals,hospital_info,HIP-KNEE,Hip/knee replacement,1.047,5.7505,5.4921,,,True
270004,BILLINGS CLINIC HOSPITAL,BILLINGS,MT,Acute Care Hospitals,hospital_info,CABG,Coronary artery bypass graft surgery,1.0591,9.7131,9.1709,160,17,False
270004,BILLINGS CLINIC HOSPITAL,BILLINGS,MT,Acute Care Hospitals,hospital_info,COPD,Chronic obstructive pulmonary disease,1.005,19.3436,19.2471,179,35,False
270012,BENEFIS HOSPITALS INC,GREAT FALLS,MT,Acute Care Hospitals,hospital_info,CABG,Coronary artery bypass graft surgery,1.0249,10.1613,9.9143,,,True
270014,ST. PATRICK HOSPITAL,MISSOULA,MT,Acute Care Hospitals,hospital_info,CABG,Coronary artery bypass graft surgery,1.0405,9.5703,9.1982,188,19,False
270014,ST. PATRICK HOSPITAL,MISSOULA,MT,Acute Care Hospitals,hospital_info,HIP-KNEE,Hip/knee replacement,1.023,6.2215,6.0819,,,True
270017,ST JAMES HOSPITAL,BUTTE,MT,Acute Care Hospitals,hospital_info,AMI,Heart attack,1.0112,10.8309,10.7105,,,True
270017,ST JAMES HOSPITAL,BUTTE,MT,Acute Care Hospitals,hospital_info,HIP-KNEE,Hip/knee replacement,1.1461,5.1229,4.4697,,,True
270023,COMMUNITY MEDICAL CENTER,MISSOULA,MT,Acute Care Hospitals,hospital_info,HF,Heart failure,1.0414,20.051,19.2546,85,20,False
270086,GREAT FALLS CLINIC HOSPITAL,GREAT FALLS,MT,Acute Care Hospitals,hospital_info,CABG,Coronary artery bypass graft surgery,1.0814,10.698,9.893,,,True
280003,BRYAN MEDICAL CENTER,LINCOLN,NE,Acute Care Hospitals,hospital_info,HIP-KNEE,Hip/knee replacement,1.1985,9.322,7.7782,,,True
280003,BRYAN MEDICAL CENTER,LINCOLN,NE,Acute Care Hospitals,hospital_info,PN,Pneumonia,1.0156,15.4102,15.173,785,122,False
280009,CHI HEALTH GOOD SAMARITAN,KEARNEY,NE,Acute Care Hospitals,hospital_info,CABG,Coronary artery bypass graft surgery,1.0543,12.8153,12.1553,,,True
280009,CHI HEALTH GOOD SAMARITAN,KEARNEY,NE,Acute Care Hospitals,hospital_info,HF,Heart failure,1.0747,20.4559,19.0332,165,39,False
280009,CHI HEALTH GOOD SAMARITAN,KEARNEY,NE,Acute Care Hospitals,hospital_info,PN,Pneumonia,1.0042,14.7593,14.6979,93,14,False
280013,THE NEBRASKA MEDICAL CENTER,OMAHA,NE,Acute Care Hospitals,hospital_info,AMI,Heart attack,1.0312,13.0329,12.6381,203,28,False
280013,THE NEBRASKA MEDICAL CENTER,OMAHA,NE,Acute Care Hospitals,hospital_info,HF,Heart failure,1.0515,21.5446,20.4904,382,86,False
280020,CHI HEALTH ST. ELIZABETH,LINCOLN,NE,Acute Care Hospitals,hospital_info,HF,Heart failure,1.0059,18.1499,18.0437,163,30,False
280020,CHI HEALTH ST. ELIZABETH,LINCOLN,NE,Acute Care Hospitals,hospital_info,PN,Pneumonia,1.0112,15.3456,15.1761,106,17,False
280023,CHI HEALTH ST. FRANCIS,GRAND ISLAND,NE,Acute Care Hospitals,hospital_info,PN,Pneumonia,1.022,15.0125,14.6887,137,22,False
280061,REGIONAL WEST MEDICAL CENTER,SCOTTSBLUFF,NE,Acute Care Hospitals,hospital_info,COPD,Chronic obstructive pulmonary disease,1.0536,17.5218,16.6302,104,22,False
280061,REGIONAL WEST MEDICAL CENTER,SCOTTSBLUFF,NE,Acute Care Hospitals,hospital_info,PN,Pneumonia,1.0681,16.5601,15.5042,233,43,False
280065,GREAT PLAINS HEALTH,NORTH PLATTE,NE,Acute Care Hospitals,hospital_info,COPD,Chronic obstructive pulmonary disease,1.0378,20.4707,19.7257,84,20,False
280065,GREAT PLAINS HEALTH,NORTH PLATTE,NE,Acute Care Hospitals,hospital_info,HF,Heart failure,1.0167,20.5646,20.2261,281,59,False
280065,GREAT PLAINS HEALTH,NORTH PLATTE,NE,Acute Care Hospitals,hospital_info,PN,Pneumonia,1.0915,17.5263,16.0567,303,59,False
280077,METHODIST FREMONT HEALTH,FREMONT,NE,Acute Care Hospitals,hospital_info,COPD,Chronic obstructive pulmonary disease,1.0764,21.3797,19.8621,72,21,False
280077,METHODIST FREMONT HEALTH,FREMONT,NE,Acute Care Hospitals,hospital_info,HF,Heart failure,1.0186,19.3715,19.0181,148,30,False
280081,CHI HEALTH IMMANUEL,OMAHA,NE,Acute Care Hospitals,hospital_info,HF,Heart failure,1.0086,19.197,19.033,127,25,False
280081,CHI HEALTH IMMANUEL,OMAHA,NE,Acute Care Hospitals,hospital_info,PN,Pneumonia,1.0518,16.4382,15.6292,107,21,False
280111,"COLUMBUS COMMUNITY HOSPITAL, INC",COLUMBUS,NE,Acute Care Hospitals,hospital_info,PN,Pneumonia,1.0233,13.4079,13.1033,71,11,False
280125,FAITH HEALTH,NORFOLK,NE,Acute Care Hospitals,hospital_info,CABG,Coronary artery bypass graft surgery,1.0734,10.9935,10.2418,,,True
280125,FAITH HEALTH,NORFOLK,NE,Acute Care Hospitals,hospital_info,PN,Pneumonia,1.0004,14.4075,14.4023,215,31,False
280130,CHI HEALTH LAKESIDE,OMAHA,NE,Acute Care Hospitals,hospital_info,HIP-KNEE,Hip/knee replacement,1.0459,6.4484,6.1655,,,True
280132,BELLEVUE MEDICAL CENTER,BELLEVUE,NE,Acute Care Hospitals,hospital_info,AMI,Heart attack,1.0254,12.5037,12.1943,78,11,False
280132,BELLEVUE MEDICAL CENTER,BELLEVUE,NE,Acute Care Hospitals,hospital_info,COPD,Chronic obstructive pulmonary disease,1.0209,17.018,16.6695,144,26,False
280132,BELLEVUE MEDICAL CENTER,BELLEVUE,NE,Acute Care Hospitals,hospital_info,HF,Heart failure,1.06,19.5361,18.4298,301,63,False
280132,BELLEVUE MEDICAL CENTER,BELLEVUE,NE,Acute Care Hospitals,hospital_info,HIP-KNEE,Hip/knee replacement,1.1034,6.2042,5.6228,175,12,False
280132,BELLEVUE MEDICAL CENTER,BELLEVUE,NE,Acute Care Hospitals,hospital_info,PN,Pneumonia,1.0036,14.6065,14.5537,238,35,False
280134,KEARNEY REGIONAL MEDICAL CENTER,KEARNEY,NE,Acute Care Hospitals,hospital_info,HIP-KNEE,Hip/knee replacement,1.0963,7.0051,6.3898,,,True
280134,KEARNEY REGIONAL MEDICAL CENTER,KEARNEY,NE,Acute Care Hospitals,hospital_info,PN,Pneumonia,1.0145,15.7031,15.4794,185,30,False
280139,GRAND ISLAND REGIONAL MEDICAL CENTER,GRAND ISLAND,NE,Acute Care Hospitals,hospital_info,COPD,Chronic obstructive pulmonary disease,1.0388,20.9046,20.1244,,,True
280139,GRAND ISLAND REGIONAL MEDICAL CENTER,GRAND ISLAND,NE,Acute Care Hospitals,hospital_info,HF,Heart failure,1.032,17.9539,17.3976,60,13,False
280139,GRAND ISLAND REGIONAL MEDICAL CENTER,GRAND ISLAND,NE,Acute Care Hospitals,hospital_info,PN,Pneumonia,1.0803,15.4994,14.3471,77,17,False
290001,RENOWN REGIONAL MEDICAL CENTER,RENO,NV,Acute Care Hospitals,hospital_info,PN,Pneumonia,1.0041,15.6767,15.6135,566,89,False
290003,SUNRISE HOSPITAL AND MEDICAL CENTER,LAS VEGAS,NV,Acute Care Hospitals,hospital_info,AMI,Heart attack,1.0457,17.2201,16.4672,201,37,False
290003,SUNRISE HOSPITAL AND MEDICAL CENTER,LAS VEGAS,NV,Acute Care Hospitals,hospital_info,CABG,Coronary artery bypass graft surgery,1.1159,16.0905,14.4196,,,True
290003,SUNRISE HOSPITAL AND MEDICAL CENTER,LAS VEGAS,NV,Acute Care Hospitals,hospital_info,HF,Heart failure,1.1067,23.6579,21.3775,403,103,False
290003,SUNRISE HOSPITAL AND MEDICAL CENTER,LAS VEGAS,NV,Acute Care Hospitals,hospital_info,HIP-KNEE,Hip/knee replacement,1.0843,5.0789,4.6843,,,True
290005,NORTH VISTA HOSPITAL,NORTH LAS VEGAS,NV,Acute Care Hospitals,hospital_info,COPD,Chronic obstructive pulmonary disease,1.0296,20.5825,19.9909,96,22,False
290005,NORTH VISTA HOSPITAL,NORTH LAS VEGAS,NV,Acute Care Hospitals,hospital_info,HF,Heart failure,1.1121,23.6387,21.2568,76,26,False
290005,NORTH VISTA HOSPITAL,NORTH LAS VEGAS,NV,Acute Care Hospitals,hospital_info,PN,Pneumonia,1.0423,18.4499,17.7019,82,18,False
290007,UNIVERSITY MEDICAL CENTER,LAS VEGAS,NV,Acute Care Hospitals,hospital_info,CABG,Coronary artery bypass graft surgery,1.0615,12.1737,11.4682,,,True
290007,UNIVERSITY MEDICAL CENTER,LAS VEGAS,NV,Acute Care Hospitals,hospital_info,COPD,Chronic obstructive pulmonary disease,1.1014,21.0093,19.0746,89,26,False
290007,UNIVERSITY MEDICAL CENTER,LAS VEGAS,NV,Acute Care Hospitals,hospital_info,HF,Heart failure,1.1129,22.484,20.2033,169,46,False
290009,SAINT MARY'S REGIONAL MEDICAL CENTER,RENO,NV,Acute Care Hospitals,hospital_info,AMI,Heart attack,1.0131,13.4786,13.3039,188,26,False
290009,SAINT MARY'S REGIONAL MEDICAL CENTER,RENO,NV,Acute Care Hospitals,hospital_info,COPD,Chronic obstructive pulmonary disease,1.0248,19.151,18.688,74,16,False
290019,CARSON TAHOE REGIONAL MEDICAL CENTER,CARSON CITY,NV,Acute Care Hospitals,hospital_info,AMI,Heart attack,1.0095,11.3031,11.1968,279,32,False
290019,CARSON TAHOE REGIONAL MEDICAL CENTER,CARSON CITY,NV,Acute Care Hospitals,hospital_info,CABG,Coronary artery bypass graft surgery,1.1368,11.1388,9.7987,,,True
290019,CARSON TAHOE REGIONAL MEDICAL CENTER,CARSON CITY,NV,Acute Care Hospitals,hospital_info,PN,Pneumonia,1.0142,14.4416,14.2398,693,101,False
290021,VALLEY HOSPITAL MEDICAL CENTER,LAS VEGAS,NV,Acute Care Hospitals,hospital_info,CABG,Coronary artery bypass graft surgery,1.0731,12.3,11.4622,,,True
290021,VALLEY HOSPITAL MEDICAL CENTER,LAS VEGAS,NV,Acute Care Hospitals,hospital_info,HF,Heart failure,1.062,22.5011,21.1868,140,36,False
290021,VALLEY HOSPITAL MEDICAL CENTER,LAS VEGAS,NV,Acute Care Hospitals,hospital_info,HIP-KNEE,Hip/knee replacement,1.0831,5.7785,5.3353,,,True
290021,VALLEY HOSPITAL MEDICAL CENTER,LAS VEGAS,NV,Acute Care Hospitals,hospital_info,PN,Pneumonia,1.0046,19.66,19.5706,212,42,False
290032,NORTHERN NEVADA MEDICAL CENTER,SPARKS,NV,Acute Care Hospitals,hospital_info,HF,Heart failure,1.0292,17.7832,17.2785,191,36,False
290032,NORTHERN NEVADA MEDICAL CENTER,SPARKS,NV,Acute Care Hospitals,hospital_info,HIP-KNEE,Hip/knee replacement,1.2523,7.2499,5.7895,,,True
290039,MOUNTAINVIEW HOSPITAL,LAS VEGAS,NV,Acute Care Hospitals,hospital_info,AMI,Heart attack,1.0993,15.989,14.545,257,46,False
290039,MOUNTAINVIEW HOSPITAL,LAS VEGAS,NV,Acute Care Hospitals,hospital_info,CABG,Coronary artery bypass graft surgery,1.0908,13.9633,12.8011,105,17,False
290039,MOUNTAINVIEW HOSPITAL,LAS VEGAS,NV,Acute Care Hospitals,hospital_info,COPD,Chronic obstructive pulmonary disease,1.047,16.772,16.0184,177,33,False
290039,MOUNTAINVIEW HOSPITAL,LAS VEGAS,NV,Acute Care Hospitals,hospital_info,PN,Pneumonia,1.0383,18.6535,17.9659,951,180,False
290041,SUMMERLIN HOSPITAL MEDICAL CENTER,LAS VEGAS,NV,Acute Care Hospitals,hospital_info,AMI,Heart attack,1.0675,14.7314,13.7997,147,25,False
290041,SUMMERLIN HOSPITAL MEDICAL CENTER,LAS VEGAS,NV,Acute Care Hospitals,hospital_info,COPD,Chronic obstructive pulmonary disease,1.0182,16.1645,15.8753,91,16,False
290041,SUMMERLIN HOSPITAL MEDICAL CENTER,LAS VEGAS,NV,Acute Care Hospitals,hospital_info,HF,Heart failure,1.0478,20.128,19.2089,321,68,False
290041,SUMMERLIN HOSPITAL MEDICAL CENTER,LAS VEGAS,NV,Acute Care Hospitals,hospital_info,PN,Pneumonia,1.1733,18.4406,15.7165,505,104,False
290045,SAINT ROSE DOMINICAN HOSPITALS - SIENA CAMPUS,HENDERSON,NV,Acute Care Hospitals,hospital_info,HF,Heart failure,1.0474,21.6563,20.6767,686,152,False
290045,SAINT ROSE DOMINICAN HOSPITALS - SIENA CAMPUS,HENDERSON,NV,Acute Care Hospitals,hospital_info,PN,Pneumonia,1.138,19.4019,17.0499,701,145,False
290046,SPRING VALLEY HOSPITAL MEDICAL CENTER,LAS VEGAS,NV,Acute Care Hospitals,hospital_info,COPD,Chronic obstructive pulmonary disease,1.0463,17.7096,16.9257,83,18,False
290046,SPRING VALLEY HOSPITAL MEDICAL CENTER,LAS VEGAS,NV,Acute Care Hospitals,hospital_info,HF,Heart failure,1.069,21.3436,19.9653,258,60,False
290046,SPRING VALLEY HOSPITAL MEDICAL CENTER,LAS VEGAS,NV,Acute Care Hospitals,hospital_info,PN,Pneumonia,1.0946,18.6852,17.0697,341,70,False
290047,SOUTHERN HILLS HOSPITAL AND MEDICAL CENTER,LAS VEGAS,NV,Acute Care Hospitals,hospital_info,PN,Pneumonia,1.1125,19.2343,17.2886,445,93,False
290049,RENOWN SOUTH MEADOWS MEDICAL CENTER,RENO,NV,Acute Care Hospitals,hospital_info,HIP-KNEE,Hip/knee replacement,1.2152,8.2407,6.7816,,,True
290053,SAINT ROSE DOMINICAN HOSPITALS - SAN MARTIN CAMPUS,LAS VEGAS,NV,Acute Care Hospitals,hospital_info,CABG,Coronary artery bypass graft surgery,1.1758,13.5159,11.495,86,16,False
290053,SAINT ROSE DOMINICAN HOSPITALS - SAN MARTIN CAMPUS,LAS VEGAS,NV,Acute Care Hospitals,hospital_info,HF,Heart failure,1.0202,20.2161,19.8168,250,52,False
290053,SAINT ROSE DOMINICAN HOSPITALS - SAN MARTIN CAMPUS,LAS VEGAS,NV,Acute Care Hospitals,hospital_info,PN,Pneumonia,1.0272,16.1701,15.7421,193,33,False
290054,CENTENNIAL HILLS HOSPITAL MEDICAL CENTER,LAS VEGAS,NV,Acute Care Hospitals,hospital_info,COPD,Chronic obstructive pulmonary disease,1.049,17.7284,16.9009,127,26,False
290054,CENTENNIAL HILLS HOSPITAL MEDICAL CENTER,LAS VEGAS,NV,Acute Care Hospitals,hospital_info,HIP-KNEE,Hip/knee replacement,1.0328,4.1226,3.9915,,,True
290054,CENTENNIAL HILLS HOSPITAL MEDICAL CENTER,LAS VEGAS,NV,Acute Care Hospitals,hospital_info,PN,Pneumonia,1.0912,17.3466,15.8972,404,76,False
290057,HENDERSON HOSPITAL,HENDERSON,NV,Acute Care Hospitals,hospital_info,AMI,Heart attack,1.0765,15.1287,14.0534,74,15,False
290057,HENDERSON HOSPITAL,HENDERSON,NV,Acute Care Hospitals,hospital_info,COPD,Chronic obstructive pulmonary disease,1.0668,17.4632,16.3698,139,29,False
290057,HENDERSON HOSPITAL,HENDERSON,NV,Acute Care Hospitals,hospital_info,HF,Heart failure,1.1084,21.3657,19.2755,339,80,False
290057,HENDERSON HOSPITAL,HENDERSON,NV,Acute Care Hospitals,hospital_info,PN,Pneumonia,1.0257,15.8726,15.4746,487,79,False
290058,SAINT ROSE DOMINICAN HOSPITALS - NORTH LAS VEGAS,NORTH LAS VEGAS,NV,Acute Care Hospitals,hospital_info,PN,Pneumonia,1.0387,11.3958,10.9714,,,True
300001,CONCORD HOSPITAL,CONCORD,NH,Acute Care Hospitals,hospital_info,COPD,Chronic obstructive pulmonary disease,1.0495,16.25,15.4834,182,33,False
300001,CONCORD HOSPITAL,CONCORD,NH,Acute Care Hospitals,hospital_info,HF,Heart failure,1.079,20.266,18.7825,486,104,False
300001,CONCORD HOSPITAL,CONCORD,NH,Acute Care Hospitals,hospital_info,HIP-KNEE,Hip/knee replacement,1.0176,6.1794,6.0727,,,True
300003,MARY HITCHCOCK MEMORIAL HOSPITAL,LEBANON,NH,Acute Care Hospitals,hospital_info,PN,Pneumonia,1.0068,15.7033,15.5972,341,54,False
300005,CONCORD HOSPITAL- LACONIA,LACONIA,NH,Acute Care Hospitals,hospital_info,COPD,Chronic obstructive pulmonary disease,1.0178,16.7305,16.4381,88,16,False
300011,ST JOSEPH HOSPITAL,NASHUA,NH,Acute Care Hospitals,hospital_info,AMI,Heart attack,1.035,12.8779,12.4423,72,11,False
300012,ELLIOT HOSPITAL,MANCHESTER,NH,Acute Care Hospitals,hospital_info,HIP-KNEE,Hip/knee replacement,1.2121,6.3612,5.2479,,,True
300012,ELLIOT HOSPITAL,MANCHESTER,NH,Acute Care Hospitals,hospital_info,PN,Pneumonia,1.0183,14.7736,14.5078,547,82,False
300014,FRISBIE MEMORIAL HOSPITAL,ROCHESTER,NH,Acute Care Hospitals,hospital_info,COPD,Chronic obstructive pulmonary disease,1.0281,15.5305,15.1067,,,True
300014,FRISBIE MEMORIAL HOSPITAL,ROCHESTER,NH,Acute Care Hospitals,hospital_info,HF,Heart failure,1.0047,17.2564,17.1752,85,15,False
300014,FRISBIE MEMORIAL HOSPITAL,ROCHESTER,NH,Acute Care Hospitals,hospital_info,PN,Pneumonia,1.0358,13.6983,13.2248,93,15,False
300017,PARKLAND MEDICAL CENTER,DERRY,NH,Acute Care Hospitals,hospital_info,AMI,Heart attack,1.0377,15.4551,14.8936,91,16,False
300017,PARKLAND MEDICAL CENTER,DERRY,NH,Acute Care Hospitals,hospital_info,COPD,Chronic obstructive pulmonary disease,1.0086,15.8194,15.6843,72,12,False
300017,PARKLAND MEDICAL CENTER,DERRY,NH,Acute Care Hospitals,hospital_info,HF,Heart failure,1.0381,20.4236,19.6737,300,64,False
300018,WENTWORTH-DOUGLASS HOSPITAL,DOVER,NH,Acute Care Hospitals,hospital_info,HIP-KNEE,Hip/knee replacement,1.0559,5.7191,5.4165,,,True
300018,WENTWORTH-DOUGLASS HOSPITAL,DOVER,NH,Acute Care Hospitals,hospital_info,PN,Pneumonia,1.122,16.9155,15.0756,510,94,False
300020,SOUTHERN NH MEDICAL CENTER,NASHUA,NH,Acute Care Hospitals,hospital_info,AMI,Heart attack,1.0497,13.1344,12.5121,88,14,False
300020,SOUTHERN NH MEDICAL CENTER,NASHUA,NH,Acute Care Hospitals,hospital_info,COPD,Chronic obstructive pulmonary disease,1.0502,15.321,14.5893,82,16,False
300020,SOUTHERN NH MEDICAL CENTER,NASHUA,NH,Acute Care Hospitals,hospital_info,HIP-KNEE,Hip/knee replacement,1.1842,6.6332,5.6014,,,True
300023,EXETER HOSPITAL INC,EXETER,NH,Acute Care Hospitals,hospital_info,COPD,Chronic obstructive pulmonary disease,1.0428,16.8956,16.2022,142,27,False
300023,EXETER HOSPITAL INC,EXETER,NH,Acute Care Hospitals,hospital_info,HIP-KNEE,Hip/knee replacement,1.0415,5.1155,4.9118,,,True
300029,PORTSMOUTH REGIONAL HOSPITAL,PORTSMOUTH,NH,Acute Care Hospitals,hospital_info,CABG,Coronary artery bypass graft surgery,1.0586,11.3438,10.7163,128,16,False
300029,PORTSMOUTH REGIONAL HOSPITAL,PORTSMOUTH,NH,Acute Care Hospitals,hospital_info,COPD,Chronic obstructive pulmonary disease,1.0283,16.5024,16.0476,109,20,False
300029,PORTSMOUTH REGIONAL HOSPITAL,PORTSMOUTH,NH,Acute Care Hospitals,hospital_info,HF,Heart failure,1.0866,20.4743,18.8432,332,74,False
300029,PORTSMOUTH REGIONAL HOSPITAL,PORTSMOUTH,NH,Acute Care Hospitals,hospital_info,HIP-KNEE,Hip/knee replacement,1.1535,6.0635,5.2565,,,True
300034,CATHOLIC MEDICAL CENTER,MANCHESTER,NH,Acute Care Hospitals,hospital_info,CABG,Coronary artery bypass graft surgery,1.0814,11.2435,10.3972,231,28,False
300034,CATHOLIC MEDICAL CENTER,MANCHESTER,NH,Acute Care Hospitals,hospital_info,COPD,Chronic obstructive pulmonary disease,1.0393,18.2284,17.5391,160,32,False
300034,CATHOLIC MEDICAL CENTER,MANCHESTER,NH,Acute Care Hospitals,hospital_info,HF,Heart failure,1.0015,19.3893,19.3603,902,175,False
310001,HACKENSACK UNIVERSITY MEDICAL CENTER,HACKENSACK,NJ,Acute Care Hospitals,hospital_info,PN,Pneumonia,1.0375,20.4976,19.7574,1119,232,False
310002,NEWARK BETH ISRAEL MEDICAL CENTER,NEWARK,NJ,Acute Care Hospitals,hospital_info,AMI,Heart attack,1.0879,15.6804,14.4128,80,17,False
310002,NEWARK BETH ISRAEL MEDICAL CENTER,NEWARK,NJ,Acute Care Hospitals,hospital_info,CABG,Coronary artery bypass graft surgery,1.1405,11.9523,10.4801,,,True
310002,NEWARK BETH ISRAEL MEDICAL CENTER,NEWARK,NJ,Acute Care Hospitals,hospital_info,HF,Heart failure,1.0807,22.4859,20.8064,210,53,False
310002,NEWARK BETH ISRAEL MEDICAL CENTER,NEWARK,NJ,Acute Care Hospitals,hospital_info,PN,Pneumonia,1.0352,19.0091,18.3634,103,22,False
310003,PALISADES MEDICAL CENTER,NORTH BERGEN,NJ,Acute Care Hospitals,hospital_info,COPD,Chronic obstructive pulmonary disease,1.016,20.9472,20.6169,80,18,False
310003,PALISADES MEDICAL CENTER,NORTH BERGEN,NJ,Acute Care Hospitals,hospital_info,HF,Heart failure,1.1131,22.0489,19.8081,218,56,False
310003,PALISADES MEDICAL CENTER,NORTH BERGEN,NJ,Acute Care Hospitals,hospital_info,PN,Pneumonia,1.038,17.3792,16.7429,296,54,False
310005,HUNTERDON MEDICAL CENTER,FLEMINGTON,NJ,Acute Care Hospitals,hospital_info,COPD,Chronic obstructive pulmonary disease,1.0266,18.8819,18.392,122,25,False
310005,HUNTERDON MEDICAL CENTER,FLEMINGTON,NJ,Acute Care Hospitals,hospital_info,HF,Heart failure,1.0149,19.9811,19.6883,395,80,False
310005,HUNTERDON MEDICAL CENTER,FLEMINGTON,NJ,Acute Care Hospitals,hospital_info,HIP-KNEE,Hip/knee replacement,1.0753,4.6498,4.3241,348,17,False
310005,HUNTERDON MEDICAL CENTER,FLEMINGTON,NJ,Acute Care Hospitals,hospital_info,PN,Pneumonia,1.111,17.3256,15.594,438,83,False
310006,ST MARY'S GENERAL HOSPITAL,PASSAIC,NJ,Acute Care Hospitals,hospital_info,COPD,Chronic obstructive pulmonary disease,1.0236,15.7189,15.356,,,True
310006,ST MARY'S GENERAL HOSPITAL,PASSAIC,NJ,Acute Care Hospitals,hospital_info,HF,Heart failure,1.1529,22.2892,19.334,222,60,False
310006,ST MARY'S GENERAL HOSPITAL,PASSAIC,NJ,Acute Care Hospitals,hospital_info,PN,Pneumonia,1.0347,16.6939,16.1334,142,26,False
310008,HOLY NAME MEDICAL CENTER,TEANECK,NJ,Acute Care Hospitals,hospital_info,AMI,Heart attack,1.0027,15.1343,15.0936,118,18,False
310008,HOLY NAME MEDICAL CENTER,TEANECK,NJ,Acute Care Hospitals,hospital_info,HIP-KNEE,Hip/knee replacement,1.0262,5.8727,5.723,,,True
310008,HOLY NAME MEDICAL CENTER,TEANECK,NJ,Acute Care Hospitals,hospital_info,PN,Pneumonia,1.0356,16.4993,15.9325,616,104,False
310009,CLARA MAASS MEDICAL CENTER,BELLEVILLE,NJ,Acute Care Hospitals,hospital_info,AMI,Heart attack,1.005,16.7474,16.6643,88,15,False
310009,CLARA MAASS MEDICAL CENTER,BELLEVILLE,NJ,Acute Care Hospitals,hospital_info,HF,Heart failure,1.0401,20.3713,19.5864,359,76,False
310010,UNIVERSITY MEDICAL CENTER OF PRINCETON AT PLAINSBORO,PLAINSBORO,NJ,Acute Care Hospitals,hospital_info,AMI,Heart attack,1.0763,14.4792,13.4532,119,21,False
310010,UNIVERSITY MEDICAL CENTER OF PRINCETON AT PLAINSBORO,PLAINSBORO,NJ,Acute Care Hospitals,hospital_info,COPD,Chronic obstructive pulmonary disease,1.0337,19.0311,18.4114,171,35,False
310010,UNIVERSITY MEDICAL CENTER OF PRINCETON AT PLAINSBORO,PLAINSBORO,NJ,Acute Care Hospitals,hospital_info,HF,Heart failure,1.0354,18.9257,18.278,716,138,False
310010,UNIVERSITY MEDICAL CENTER OF PRINCETON AT PLAINSBORO,PLAINSBORO,NJ,Acute Care Hospitals,hospital_info,HIP-KNEE,Hip/knee replacement,1.3835,7.4544,5.388,164,16,False
310010,UNIVERSITY MEDICAL CENTER OF PRINCETON AT PLAINSBORO,PLAINSBORO,NJ,Acute Care Hospitals,hospital_info,PN,Pneumonia,1.0048,14.9334,14.8625,326,49,False
310011,CAPE REGIONAL MEDICAL CENTER INC,CAPE MAY COURT HOUSE,NJ,Acute Care Hospitals,hospital_info,COPD,Chronic obstructive pulmonary disease,1.0526,17.523,16.6479,281,53,False
310011,CAPE REGIONAL MEDICAL CENTER INC,CAPE MAY COURT HOUSE,NJ,Acute Care Hospitals,hospital_info,HF,Heart failure,1.0268,19.0687,18.5713,441,86,False
310011,CAPE REGIONAL MEDICAL CENTER INC,CAPE MAY COURT HOUSE,NJ,Acute Care Hospitals,hospital_info,PN,Pneumonia,1.044,15.0187,14.3864,414,65,False
310012,VALLEY HOSPITAL,PARAMUS,NJ,Acute Care Hospitals,hospital_info,COPD,Chronic obstructive pulmonary disease,1.0022,18.4412,18.4015,254,47,False
310012,VALLEY HOSPITAL,PARAMUS,NJ,Acute Care Hospitals,hospital_info,HIP-KNEE,Hip/knee replacement,1.3278,8.0644,6.0736,,,True
310014,COOPER UNIVERSITY HOSPITAL,CAMDEN,NJ,Acute Care Hospitals,hospital_info,AMI,Heart attack,1.0766,15.1494,14.0713,384,62,False
310014,COOPER UNIVERSITY HOSPITAL,CAMDEN,NJ,Acute Care Hospitals,hospital_info,CABG,Coronary artery bypass graft surgery,1.1058,12.029,10.8785,269,35,False
310014,COOPER UNIVERSITY HOSPITAL,CAMDEN,NJ,Acute Care Hospitals,hospital_info,HF,Heart failure,1.0815,21.8014,20.1583,533,122,False
310014,COOPER UNIVERSITY HOSPITAL,CAMDEN,NJ,Acute Care Hospitals,hospital_info,HIP-KNEE,Hip/knee replacement,1.2401,5.7269,4.618,,,True
310016,HEIGHTS UNIVERSITY HOSPITAL,JERSEY CITY,NJ,Acute Care Hospitals,hospital_info,AMI,Heart attack,1.0295,17.8693,17.3571,,,True
310016,HEIGHTS UNIVERSITY HOSPITAL,JERSEY CITY,NJ,Acute Care Hospitals,hospital_info,HF,Heart failure,1.0281,23.1449,22.5126,73,19,False
310016,HEIGHTS UNIVERSITY HOSPITAL,JERSEY CITY,NJ,Acute Care Hospitals,hospital_info,PN,Pneumonia,1.029,19.9645,19.402,60,14,False
310019,ST JOSEPH'S UNIVERSITY MEDICAL CENTER INC,PATERSON,NJ,Acute Care Hospitals,hospital_info,AMI,Heart attack,1.0898,15.8669,14.5594,186,34,False
310019,ST JOSEPH'S UNIVERSITY MEDICAL CENTER INC,PATERSON,NJ,Acute Care Hospitals,hospital_info,CABG,Coronary artery bypass graft surgery,1.0499,12.1077,11.5318,,,True
310019,ST JOSEPH'S UNIVERSITY MEDICAL CENTER INC,PATERSON,NJ,Acute Care Hospitals,hospital_info,COPD,Chronic obstructive pulmonary disease,1.0515,22.2949,21.2022,108,28,False
310019,ST JOSEPH'S UNIVERSITY MEDICAL CENTER INC,PATERSON,NJ,Acute Care Hospitals,hospital_info,HF,Heart failure,1.1666,23.0565,19.7636,449,115,False
310022,WEST JERSEY HOSPITAL,VOORHEES,NJ,Acute Care Hospitals,hospital_info,COPD,Chronic obstructive pulmonary disease,1.1006,20.2938,18.4391,536,116,False
310022,WEST JERSEY HOSPITAL,VOORHEES,NJ,Acute Care Hospitals,hospital_info,HF,Heart failure,1.1999,23.2778,19.4003,1175,287,False
310022,WEST JERSEY HOSPITAL,VOORHEES,NJ,Acute Care Hospitals,hospital_info,HIP-KNEE,Hip/knee replacement,1.0381,6.8776,6.6254,,,True
310022,WEST JERSEY HOSPITAL,VOORHEES,NJ,Acute Care Hospitals,hospital_info,PN,Pneumonia,1.1371,17.6477,15.5202,1271,233,False
310024,ROBERT WOOD JOHNSON UNIVERSITY HOSPITAL AT RAHWAY,RAHWAY,NJ,Acute Care Hospitals,hospital_info,COPD,Chronic obstructive pulmonary disease,1.0211,18.1807,17.8057,74,15,False
310024,ROBERT WOOD JOHNSON UNIVERSITY HOSPITAL AT RAHWAY,RAHWAY,NJ,Acute Care Hospitals,hospital_info,HF,Heart failure,1.0259,19.6004,19.1052,266,54,False
310024,ROBERT WOOD JOHNSON UNIVERSITY HOSPITAL AT RAHWAY,RAHWAY,NJ,Acute Care Hospitals,hospital_info,PN,Pneumonia,1.0734,17.3111,16.1274,232,45,False
310025,CAREPOINT HEALTH - BAYONNE MEDICAL CENTER,BAYONNE,NJ,Acute Care Hospitals,hospital_info,AMI,Heart attack,1.0836,18.732,17.2873,73,18,False
310025,CAREPOINT HEALTH - BAYONNE MEDICAL CENTER,BAYONNE,NJ,Acute Care Hospitals,hospital_info,COPD,Chronic obstructive pulmonary disease,1.0538,19.8117,18.7999,96,23,False
310025,CAREPOINT HEALTH - BAYONNE MEDICAL CENTER,BAYONNE,NJ,Acute Care Hospitals,hospital_info,HF,Heart failure,1.0462,22.5602,21.5641,211,51,False
310025,CAREPOINT HEALTH - BAYONNE MEDICAL CENTER,BAYONNE,NJ,Acute Care Hospitals,hospital_info,HIP-KNEE,Hip/knee replacement,1.1393,5.8162,5.1052,,,True
310025,CAREPOINT HEALTH - BAYONNE MEDICAL CENTER,BAYONNE,NJ,Acute Care Hospitals,hospital_info,PN,Pneumonia,1.0544,19.2435,18.2508,173,37,False
310027,TRINITAS REGIONAL MEDICAL CENTER,ELIZABETH,NJ,Acute Care Hospitals,hospital_info,COPD,Chronic obstructive pulmonary disease,1.0246,18.7972,18.345,49,11,False
310027,TRINITAS REGIONAL MEDICAL CENTER,ELIZABETH,NJ,Acute Care Hospitals,hospital_info,HF,Heart failure,1.047,21.5157,20.5499,170,40,False
310027,TRINITAS REGIONAL MEDICAL CENTER,ELIZABETH,NJ,Acute Care Hospitals,hospital_info,PN,Pneumonia,1.102,17.599,15.9706,133,30,False
310028,NEWTON MEDICAL CENTER,NEWTON,NJ,Acute Care Hospitals,hospital_info,COPD,Chronic obstructive pulmonary disease,1.0041,17.5822,17.511,186,33,False
310028,NEWTON MEDICAL CENTER,NEWTON,NJ,Acute Care Hospitals,hospital_info,HIP-KNEE,Hip/knee replacement,1.1369,4.2326,3.7231,,,True
310029,VIRTUA OUR LADY OF LOURDES HOSPITAL,CAMDEN,NJ,Acute Care Hospitals,hospital_info,COPD,Chronic obstructive pulmonary disease,1.0548,19.6128,18.5932,112,26,False
310029,VIRTUA OUR LADY OF LOURDES HOSPITAL,CAMDEN,NJ,Acute Care Hospitals,hospital_info,HF,Heart failure,1.0706,20.5615,19.2057,506,109,False
310029,VIRTUA OUR LADY OF LOURDES HOSPITAL,CAMDEN,NJ,Acute Care Hospitals,hospital_info,PN,Pneumonia,1.0413,15.6774,15.055,206,35,False
310031,DEBORAH HEART AND LUNG CENTER,BROWNS MILLS,NJ,Acute Care Hospitals,hospital_info,AMI,Heart attack,1.0481,15.0426,14.352,190,31,False
310031,DEBORAH HEART AND LUNG CENTER,BROWNS MILLS,NJ,Acute Care Hospitals,hospital_info,CABG,Coronary artery bypass graft surgery,1.0663,10.247,9.6102,101,12,False
310031,DEBORAH HEART AND LUNG CENTER,BROWNS MILLS,NJ,Acute Care Hospitals,hospital_info,COPD,Chronic obstructive pulmonary disease,1.0081,18.9564,18.8044,,,True
310031,DEBORAH HEART AND LUNG CENTER,BROWNS MILLS,NJ,Acute Care Hospitals,hospital_info,HF,Heart failure,1.0649,21.3761,20.0732,493,110,False
310031,DEBORAH HEART AND LUNG CENTER,BROWNS MILLS,NJ,Acute Care Hospitals,hospital_info,PN,Pneumonia,1.0006,16.6268,16.6173,96,16,False
310032,INSPIRA MEDICAL CENTER VINELAND,VINELAND,NJ,Acute Care Hospitals,hospital_info,AMI,Heart attack,1.0219,15.737,15.4005,158,26,False
310032,INSPIRA MEDICAL CENTER VINELAND,VINELAND,NJ,Acute Care Hospitals,hospital_info,COPD,Chronic obstructive pulmonary disease,1.063,19.6396,18.4758,318,67,False
310032,INSPIRA MEDICAL CENTER VINELAND,VINELAND,NJ,Acute Care Hospitals,hospital_info,HF,Heart failure,1.1219,22.7091,20.2421,570,138,False
310032,INSPIRA MEDICAL CENTER VINELAND,VINELAND,NJ,Acute Care Hospitals,hospital_info,PN,Pneumonia,1.1596,19.337,16.6751,542,115,False
310034,RIVERVIEW MEDICAL CENTER,RED BANK,NJ,Acute Care Hospitals,hospital_info,AMI,Heart attack,1.0341,13.3085,12.8691,130,19,False
310034,RIVERVIEW MEDICAL CENTER,RED BANK,NJ,Acute Care Hospitals,hospital_info,COPD,Chronic obstructive pulmonary disease,1.07,20.5194,19.1772,170,40,False
310034,RIVERVIEW MEDICAL CENTER,RED BANK,NJ,Acute Care Hospitals,hospital_info,HIP-KNEE,Hip/knee replacement,1.1696,6.3281,5.4106,319,22,False
310038,ROBERT WOOD JOHNSON UNIVERSITY HOSPITAL,NEW BRUNSWICK,NJ,Acute Care Hospitals,hospital_info,AMI,Heart attack,1.1772,18.0209,15.3088,518,102,False
310038,ROBERT WOOD JOHNSON UNIVERSITY HOSPITAL,NEW BRUNSWICK,NJ,Acute Care Hospitals,hospital_info,CABG,Coronary artery bypass graft surgery,1.4237,16.3638,11.4936,357,68,False
310038,ROBERT WOOD JOHNSON UNIVERSITY HOSPITAL,NEW BRUNSWICK,NJ,Acute Care Hospitals,hospital_info,HIP-KNEE,Hip/knee replacement,1.1894,6.2434,5.2491,,,True
310038,ROBERT WOOD JOHNSON UNIVERSITY HOSPITAL,NEW BRUNSWICK,NJ,Acute Care Hospitals,hospital_info,PN,Pneumonia,1.0347,18.0425,17.4382,641,118,False
310039,RARITAN BAY MEDICAL CENTER,PERTH AMBOY,NJ,Acute Care Hospitals,hospital_info,COPD,Chronic obstructive pulmonary disease,1.0361,19.8479,19.1562,193,41,False
310039,RARITAN BAY MEDICAL CENTER,PERTH AMBOY,NJ,Acute Care Hospitals,hospital_info,HF,Heart failure,1.0259,20.7171,20.1937,435,92,False
310039,RARITAN BAY MEDICAL CENTER,PERTH AMBOY,NJ,Acute Care Hospitals,hospital_info,PN,Pneumonia,1.0666,17.7393,16.6312,522,97,False
310040,CAREPOINT HEALTH-HOBOKEN UNIVERSITY MEDICAL CENTER,HOBOKEN,NJ,Acute Care Hospitals,hospital_info,HF,Heart failure,1.0449,21.9324,20.9893,67,18,False
310040,CAREPOINT HEALTH-HOBOKEN UNIVERSITY MEDICAL CENTER,HOBOKEN,NJ,Acute Care Hospitals,hospital_info,PN,Pneumonia,1.0885,19.9806,18.3564,75,21,False
310041,COMMUNITY MEDICAL CENTER,TOMS RIVER,NJ,Acute Care Hospitals,hospital_info,AMI,Heart attack,1.115,15.5837,13.9759,445,75,False
310041,COMMUNITY MEDICAL CENTER,TOMS RIVER,NJ,Acute Care Hospitals,hospital_info,COPD,Chronic obstructive pulmonary disease,1.0928,19.3203,17.6795,473,98,False
310041,COMMUNITY MEDICAL CENTER,TOMS RIVER,NJ,Acute Care Hospitals,hospital_info,HF,Heart failure,1.1729,22.8108,19.4477,1272,302,False
310041,COMMUNITY MEDICAL CENTER,TOMS RIVER,NJ,Acute Care Hospitals,hospital_info,HIP-KNEE,Hip/knee replacement,1.0389,5.4901,5.2847,247,14,False
310041,COMMUNITY MEDICAL CENTER,TOMS RIVER,NJ,Acute Care Hospitals,hospital_info,PN,Pneumonia,1.1412,18.7404,16.4221,1483,287,False
310044,CAPITAL HEALTH MEDICAL CENTER - HOPEWELL,PENNINGTON,NJ,Acute Care Hospitals,hospital_info,COPD,Chronic obstructive pulmonary disease,1.0918,18.4416,16.8908,106,26,False
310044,CAPITAL HEALTH MEDICAL CENTER - HOPEWELL,PENNINGTON,NJ,Acute Care Hospitals,hospital_info,HF,Heart failure,1.0402,18.9688,18.2356,312,62,False
310044,CAPITAL HEALTH MEDICAL CENTER - HOPEWELL,PENNINGTON,NJ,Acute Care Hospitals,hospital_info,HIP-KNEE,Hip/knee replacement,1.0963,6.3897,5.8286,,,True
310044,CAPITAL HEALTH MEDICAL CENTER - HOPEWELL,PENNINGTON,NJ,Acute Care Hospitals,hospital_info,PN,Pneumonia,1.0092,14.9276,14.7915,351,53,False
310045,ENGLEWOOD HOSPITAL AND MEDICAL CENTER,ENGLEWOOD,NJ,Acute Care Hospitals,hospital_info,AMI,Heart attack,1.0127,13.4243,13.2559,241,33,False
310045,ENGLEWOOD HOSPITAL AND MEDICAL CENTER,ENGLEWOOD,NJ,Acute Care Hospitals,hospital_info,COPD,Chronic obstructive pulmonary disease,1.0697,18.8436,17.6156,138,31,False
310045,ENGLEWOOD HOSPITAL AND MEDICAL CENTER,ENGLEWOOD,NJ,Acute Care Hospitals,hospital_info,HIP-KNEE,Hip/knee replacement,1.0994,4.7716,4.3402,250,13,False
310045,ENGLEWOOD HOSPITAL AND MEDICAL CENTER,ENGLEWOOD,NJ,Acute Care Hospitals,hospital_info,PN,Pneumonia,1.0604,15.5398,14.6541,702,113,False
310047,SHORE MEDICAL CENTER,SOMERS POINT,NJ,Acute Care Hospitals,hospital_info,COPD,Chronic obstructive pulmonary disease,1.0568,17.7915,16.836,118,25,False
310047,SHORE MEDICAL CENTER,SOMERS POINT,NJ,Acute Care Hospitals,hospital_info,HF,Heart failure,1.0273,18.1806,17.6966,413,77,False
310047,SHORE MEDICAL CENTER,SOMERS POINT,NJ,Acute Care Hospitals,hospital_info,HIP-KNEE,Hip/knee replacement,1.1413,6.5597,5.7474,,,True
310048,ROBERT WOOD JOHNSON UNIVERSITY HOSPITAL - SOMERSET,SOMERVILLE,NJ,Acute Care Hospitals,hospital_info,AMI,Heart attack,1.0816,15.1027,13.9629,119,22,False
310048,ROBERT WOOD JOHNSON UNIVERSITY HOSPITAL - SOMERSET,SOMERVILLE,NJ,Acute Care Hospitals,hospital_info,COPD,Chronic obstructive pulmonary disease,1.0002,17.3087,17.3046,179,31,False
310048,ROBERT WOOD JOHNSON UNIVERSITY HOSPITAL - SOMERSET,SOMERVILLE,NJ,Acute Care Hospitals,hospital_info,HF,Heart failure,1.083,20.9829,19.375,749,163,False
310048,ROBERT WOOD JOHNSON UNIVERSITY HOSPITAL - SOMERSET,SOMERVILLE,NJ,Acute Care Hospitals,hospital_info,HIP-KNEE,Hip/knee replacement,1.1656,7.0992,6.0906,,,True
310048,ROBERT WOOD JOHNSON UNIVERSITY HOSPITAL - SOMERSET,SOMERVILLE,NJ,Acute Care Hospitals,hospital_info,PN,Pneumonia,1.1475,19.1334,16.6739,677,139,False
310050,SAINT CLARE'S HOSPITAL/ DENVILLE CAMPUS,DENVILLE,NJ,Acute Care Hospitals,hospital_info,AMI,Heart attack,1.0536,15.1998,14.4265,140,24,False
310050,SAINT CLARE'S HOSPITAL/ DENVILLE CAMPUS,DENVILLE,NJ,Acute Care Hospitals,hospital_info,COPD,Chronic obstructive pulmonary disease,1.0088,16.7925,16.6462,151,26,False
310050,SAINT CLARE'S HOSPITAL/ DENVILLE CAMPUS,DENVILLE,NJ,Acute Care Hospitals,hospital_info,HF,Heart failure,1.1984,22.1691,18.4987,504,125,False
310050,SAINT CLARE'S HOSPITAL/ DENVILLE CAMPUS,DENVILLE,NJ,Acute Care Hospitals,hospital_info,PN,Pneumonia,1.0607,15.7645,14.8619,508,84,False
310052,OCEAN MEDICAL CENTER,BRICK,NJ,Acute Care Hospitals,hospital_info,AMI,Heart attack,1.035,14.4747,13.9855,271,41,False
310052,OCEAN MEDICAL CENTER,BRICK,NJ,Acute Care Hospitals,hospital_info,HIP-KNEE,Hip/knee replacement,1.2375,7.2035,5.821,,,True
310052,OCEAN MEDICAL CENTER,BRICK,NJ,Acute Care Hospitals,hospital_info,PN,Pneumonia,1.0045,17.3359,17.258,1025,178,False
310054,HACKENSACK MERIDIAN MOUNTAINSIDE MEDICAL,MONTCLAIR,NJ,Acute Care Hospitals,hospital_info,HF,Heart failure,1.0311,20.6075,19.9858,421,89,False
310054,HACKENSACK MERIDIAN MOUNTAINSIDE MEDICAL,MONTCLAIR,NJ,Acute Care Hospitals,hospital_info,PN,Pneumonia,1.0417,16.7604,16.0897,425,74,False
310057,VIRTUA MOUNT HOLLY HOSPITAL,MOUNT HOLLY,NJ,Acute Care Hospitals,hospital_info,COPD,Chronic obstructive pulmonary disease,1.0234,18.4027,17.9827,170,33,False
310057,VIRTUA MOUNT HOLLY HOSPITAL,MOUNT HOLLY,NJ,Acute Care Hospitals,hospital_info,PN,Pneumonia,1.0003,14.7531,14.7484,454,67,False
310058,BERGEN NEW BRIDGE MEDICAL CENTER,PARAMUS,NJ,Acute Care Hospitals,hospital_info,PN,Pneumonia,1.0355,17.4205,16.8235,61,13,False
310060,ST LUKE'S WARREN HOSPITAL,PHILLIPSBURG,NJ,Acute Care Hospitals,hospital_info,COPD,Chronic obstructive pulmonary disease,1.1051,22.1727,20.0634,141,39,False
310060,ST LUKE'S WARREN HOSPITAL,PHILLIPSBURG,NJ,Acute Care Hospitals,hospital_info,HF,Heart failure,1.0929,21.2235,19.4191,370,85,False
310060,ST LUKE'S WARREN HOSPITAL,PHILLIPSBURG,NJ,Acute Care Hospitals,hospital_info,HIP-KNEE,Hip/knee replacement,1.0321,6.058,5.8697,,,True
310060,ST LUKE'S WARREN HOSPITAL,PHILLIPSBURG,NJ,Acute Care Hospitals,hospital_info,PN,Pneumonia,1.039,17.0634,16.4232,231,42,False
310061,VIRTUA WILLINGBORO HOSPITAL,WILLINGBORO,NJ,Acute Care Hospitals,hospital_info,COPD,Chronic obstructive pulmonary disease,1.1118,20.3494,18.3034,94,27,False
310061,VIRTUA WILLINGBORO HOSPITAL,WILLINGBORO,NJ,Acute Care Hospitals,hospital_info,PN,Pneumonia,1.0337,16.6085,16.0672,137,25,False
310064,ATLANTICARE REGIONAL MEDICAL CENTER - CITY CAMPUS,ATLANTIC CITY,NJ,Acute Care Hospitals,hospital_info,AMI,Heart attack,1.0682,14.8504,13.9026,435,68,False
310064,ATLANTICARE REGIONAL MEDICAL CENTER - CITY CAMPUS,ATLANTIC CITY,NJ,Acute Care Hospitals,hospital_info,CABG,Coronary artery bypass graft surgery,1.0461,11.4574,10.9521,,,True
310064,ATLANTICARE REGIONAL MEDICAL CENTER - CITY CAMPUS,ATLANTIC CITY,NJ,Acute Care Hospitals,hospital_info,COPD,Chronic obstructive pulmonary disease,1.0251,19.4928,19.0154,211,43,False
310064,ATLANTICARE REGIONAL MEDICAL CENTER - CITY CAMPUS,ATLANTIC CITY,NJ,Acute Care Hospitals,hospital_info,HF,Heart failure,1.0439,21.5112,20.6065,836,183,False
310069,INSPIRA MEDICAL CENTER MULLICA HILL,ELMER,NJ,Acute Care Hospitals,hospital_info,AMI,Heart attack,1.0783,13.3313,12.3627,159,25,False
310069,INSPIRA MEDICAL CENTER MULLICA HILL,ELMER,NJ,Acute Care Hospitals,hospital_info,HF,Heart failure,1.1734,22.5359,19.206,671,163,False
310070,SAINT PETER'S UNIVERSITY HOSPITAL,NEW BRUNSWICK,NJ,Acute Care Hospitals,hospital_info,COPD,Chronic obstructive pulmonary disease,1.0335,16.2058,15.6809,115,21,False
310070,SAINT PETER'S UNIVERSITY HOSPITAL,NEW BRUNSWICK,NJ,Acute Care Hospitals,hospital_info,HF,Heart failure,1.0068,18.0222,17.9011,358,65,False
310070,SAINT PETER'S UNIVERSITY HOSPITAL,NEW BRUNSWICK,NJ,Acute Care Hospitals,hospital_info,PN,Pneumonia,1.0735,16.0587,14.9597,369,64,False
310073,JERSEY SHORE UNIVERSITY MEDICAL CENTER,NEPTUNE,NJ,Acute Care Hospitals,hospital_info,HF,Heart failure,1.0054,21.0695,20.9559,1683,355,False
310073,JERSEY SHORE UNIVERSITY MEDICAL CENTER,NEPTUNE,NJ,Acute Care Hospitals,hospital_info,HIP-KNEE,Hip/knee replacement,1.0934,5.8414,5.3423,222,14,False
310074,JERSEY CITY MEDICAL CENTER,JERSEY CITY,NJ,Acute Care Hospitals,hospital_info,AMI,Heart attack,1.0114,14.7045,14.5384,98,15,False
310074,JERSEY CITY MEDICAL CENTER,JERSEY CITY,NJ,Acute Care Hospitals,hospital_info,COPD,Chronic obstructive pulmonary disease,1.0794,18.4788,17.1194,67,18,False
310074,JERSEY CITY MEDICAL CENTER,JERSEY CITY,NJ,Acute Care Hospitals,hospital_info,HF,Heart failure,1.0968,22.5608,20.5703,191,50,False
310074,JERSEY CITY MEDICAL CENTER,JERSEY CITY,NJ,Acute Care Hospitals,hospital_info,PN,Pneumonia,1.027,15.5707,15.1608,162,27,False
310075,MONMOUTH MEDICAL CENTER,LONG BRANCH,NJ,Acute Care Hospitals,hospital_info,AMI,Heart attack,1.0194,14.3118,14.0392,,,True
310075,MONMOUTH MEDICAL CENTER,LONG BRANCH,NJ,Acute Care Hospitals,hospital_info,COPD,Chronic obstructive pulmonary disease,1.0519,18.0188,17.1301,107,23,False
310075,MONMOUTH MEDICAL CENTER,LONG BRANCH,NJ,Acute Care Hospitals,hospital_info,PN,Pneumonia,1.0643,15.7653,14.8127,259,45,False
310076,COOPERMAN BARNABAS MEDICAL CENTER,LIVINGSTON,NJ,Acute Care Hospitals,hospital_info,AMI,Heart attack,1.1309,16.4131,14.5138,168,34,False
310076,COOPERMAN BARNABAS MEDICAL CENTER,LIVINGSTON,NJ,Acute Care Hospitals,hospital_info,CABG,Coronary artery bypass graft surgery,1.0511,11.889,11.3111,132,17,False
310076,COOPERMAN BARNABAS MEDICAL CENTER,LIVINGSTON,NJ,Acute Care Hospitals,hospital_info,COPD,Chronic obstructive pulmonary disease,1.0335,17.7477,17.1718,161,31,False
310076,COOPERMAN BARNABAS MEDICAL CENTER,LIVINGSTON,NJ,Acute Care Hospitals,hospital_info,HIP-KNEE,Hip/knee replacement,1.0659,6.0459,5.6723,,,True
310076,COOPERMAN BARNABAS MEDICAL CENTER,LIVINGSTON,NJ,Acute Care Hospitals,hospital_info,PN,Pneumonia,1.0341,16.0042,15.4759,717,117,False
310083,CAREWELL HEALTH MEDICAL CENTER,EAST ORANGE,NJ,Acute Care Hospitals,hospital_info,HF,Heart failure,1.0873,19.0287,17.5012,42,14,False
310083,CAREWELL HEALTH MEDICAL CENTER,EAST ORANGE,NJ,Acute Care Hospitals,hospital_info,PN,Pneumonia,1.2061,25.3534,21.0218,71,32,False
310084,MONMOUTH MEDICAL CENTER-SOUTHERN CAMPUS,LAKEWOOD,NJ,Acute Care Hospitals,hospital_info,COPD,Chronic obstructive pulmonary disease,1.0547,19.5281,18.5157,92,22,False
310084,MONMOUTH MEDICAL CENTER-SOUTHERN CAMPUS,LAKEWOOD,NJ,Acute Care Hospitals,hospital_info,HF,Heart failure,1.0631,21.8747,20.5763,258,61,False
310084,MONMOUTH MEDICAL CENTER-SOUTHERN CAMPUS,LAKEWOOD,NJ,Acute Care Hospitals,hospital_info,PN,Pneumonia,1.1871,19.8804,16.7473,458,103,False
310086,JEFFERSON STRATFORD HOSPITAL,STRATFORD,NJ,Acute Care Hospitals,hospital_info,AMI,Heart attack,1.058,14.931,14.1127,168,28,False
310086,JEFFERSON STRATFORD HOSPITAL,STRATFORD,NJ,Acute Care Hospitals,hospital_info,COPD,Chronic obstructive pulmonary disease,1.1375,20.6429,18.148,442,101,False
310086,JEFFERSON STRATFORD HOSPITAL,STRATFORD,NJ,Acute Care Hospitals,hospital_info,HF,Heart failure,1.1389,22.4005,19.6688,1256,291,False
310086,JEFFERSON STRATFORD HOSPITAL,STRATFORD,NJ,Acute Care Hospitals,hospital_info,HIP-KNEE,Hip/knee replacement,1.2135,7.0429,5.8039,,,True
310086,JEFFERSON STRATFORD HOSPITAL,STRATFORD,NJ,Acute Care Hospitals,hospital_info,PN,Pneumonia,1.2278,19.4448,15.8368,637,138,False
310092,CAPITAL HEALTH REGIONAL MEDICAL CENTER,TRENTON,NJ,Acute Care Hospitals,hospital_info,HF,Heart failure,1.0118,21.4711,21.2204,131,29,False
310092,CAPITAL HEALTH REGIONAL MEDICAL CENTER,TRENTON,NJ,Acute Care Hospitals,hospital_info,PN,Pneumonia,1.0031,16.416,16.3646,151,25,False
310096,SAINT MICHAEL'S MEDICAL CENTER,NEWARK,NJ,Acute Care Hospitals,hospital_info,COPD,Chronic obstructive pulmonary disease,1.0119,21.6481,21.3942,,,True
310096,SAINT MICHAEL'S MEDICAL CENTER,NEWARK,NJ,Acute Care Hospitals,hospital_info,HF,Heart failure,1.0347,21.2534,20.5414,134,31,False
310096,SAINT MICHAEL'S MEDICAL CENTER,NEWARK,NJ,Acute Care Hospitals,hospital_info,PN,Pneumonia,1.0334,18.691,18.0874,84,18,False
310108,JFK UNIVERSITY MEDICAL CENTER,EDISON,NJ,Acute Care Hospitals,hospital_info,COPD,Chronic obstructive pulmonary disease,1.0483,20.3864,19.4466,213,47,False
310108,JFK UNIVERSITY MEDICAL CENTER,EDISON,NJ,Acute Care Hospitals,hospital_info,PN,Pneumonia,1.0242,18.4803,18.044,1030,192,False
310110,ROBERT WOOD JOHNSON UNIVERSITY HOSPITAL AT HAMILTON,HAMILTON,NJ,Acute Care Hospitals,hospital_info,AMI,Heart attack,1.0339,14.1222,13.659,80,13,False
310110,ROBERT WOOD JOHNSON UNIVERSITY HOSPITAL AT HAMILTON,HAMILTON,NJ,Acute Care Hospitals,hospital_info,HF,Heart failure,1.0956,22.5555,20.5864,422,102,False
310110,ROBERT WOOD JOHNSON UNIVERSITY HOSPITAL AT HAMILTON,HAMILTON,NJ,Acute Care Hospitals,hospital_info,HIP-KNEE,Hip/knee replacement,1.0046,5.7783,5.7519,,,True
310110,ROBERT WOOD JOHNSON UNIVERSITY HOSPITAL AT HAMILTON,HAMILTON,NJ,Acute Care Hospitals,hospital_info,PN,Pneumonia,1.1214,18.0997,16.1397,371,75,False
310111,CENTRASTATE MEDICAL CENTER,FREEHOLD,NJ,Acute Care Hospitals,hospital_info,AMI,Heart attack,1.0707,16.7368,15.6319,116,23,False
310111,CENTRASTATE MEDICAL CENTER,FREEHOLD,NJ,Acute Care Hospitals,hospital_info,COPD,Chronic obstructive pulmonary disease,1.0158,18.7106,18.4202,277,53,False
310111,CENTRASTATE MEDICAL CENTER,FREEHOLD,NJ,Acute Care Hospitals,hospital_info,HF,Heart failure,1.0078,20.4636,20.3061,740,152,False
310111,CENTRASTATE MEDICAL CENTER,FREEHOLD,NJ,Acute Care Hospitals,hospital_info,PN,Pneumonia,1.1612,18.5631,15.9856,780,155,False
310112,BAYSHORE MEDICAL CENTER,HOLMDEL,NJ,Acute Care Hospitals,hospital_info,PN,Pneumonia,1.0721,20.0439,18.6959,634,132,False
310113,SOUTHERN OCEAN MEDICAL CENTER,MANAHAWKIN,NJ,Acute Care Hospitals,hospital_info,COPD,Chronic obstructive pulmonary disease,1.0828,18.9796,17.5282,259,55,False
310113,SOUTHERN OCEAN MEDICAL CENTER,MANAHAWKIN,NJ,Acute Care Hospitals,hospital_info,HF,Heart failure,1.0024,20.5265,20.4784,613,126,False
310115,AHS HOSPITAL CORP,HACKETTSTOWN,NJ,Acute Care Hospitals,hospital_info,PN,Pneumonia,1.1302,17.9279,15.8626,339,69,False
310118,HUDSON REGIONAL HOSPITAL,SECAUCUS,NJ,Acute Care Hospitals,hospital_info,COPD,Chronic obstructive pulmonary disease,1.0192,16.9718,16.6521,,,True
310118,HUDSON REGIONAL HOSPITAL,SECAUCUS,NJ,Acute Care Hospitals,hospital_info,HF,Heart failure,1.1014,16.733,15.1924,49,15,False
310118,HUDSON REGIONAL HOSPITAL,SECAUCUS,NJ,Acute Care Hospitals,hospital_info,PN,Pneumonia,1.0606,14.2673,13.4518,85,16,False
310119,THE UNIVERSITY HOSPITAL,NEWARK,NJ,Acute Care Hospitals,hospital_info,COPD,Chronic obstructive pulmonary disease,1.0214,23.6106,23.1162,,,True
310119,THE UNIVERSITY HOSPITAL,NEWARK,NJ,Acute Care Hospitals,hospital_info,PN,Pneumonia,1.0477,19.4733,18.5861,55,14,False
320001,UNM HOSPITAL,ALBUQUERQUE,NM,Acute Care Hospitals,hospital_info,COPD,Chronic obstructive pulmonary disease,1.0035,19.2438,19.1766,61,12,False
320004,CHRISTUS SOUTHERN NEW MEXICO,ALAMOGORDO,NM,Acute Care Hospitals,hospital_info,AMI,Heart attack,1.0078,12.2214,12.1263,95,12,False
320005,SAN JUAN REGIONAL MEDICAL CENTER INC,FARMINGTON,NM,Acute Care Hospitals,hospital_info,COPD,Chronic obstructive pulmonary disease,1.0819,17.6976,16.3571,143,31,False
320006,EASTERN NEW MEXICO MEDICAL CENTER,ROSWELL,NM,Acute Care Hospitals,hospital_info,AMI,Heart attack,1.0705,12.1317,11.3332,96,15,False
320006,EASTERN NEW MEXICO MEDICAL CENTER,ROSWELL,NM,Acute Care Hospitals,hospital_info,COPD,Chronic obstructive pulmonary disease,1.0331,18.1649,17.5825,75,16,False
320006,EASTERN NEW MEXICO MEDICAL CENTER,ROSWELL,NM,Acute Care Hospitals,hospital_info,PN,Pneumonia,1.0206,15.1067,14.8013,236,37,False
320009,LOVELACE MEDICAL CENTER,ALBUQUERQUE,NM,Acute Care Hospitals,hospital_info,CABG,Coronary artery bypass graft surgery,1.066,10.7367,10.0723,171,20,False
320009,LOVELACE MEDICAL CENTER,ALBUQUERQUE,NM,Acute Care Hospitals,hospital_info,PN,Pneumonia,1.044,17.0961,16.375,217,40,False
320017,LOVELACE WOMEN'S HOSPITAL,ALBUQUERQUE,NM,Acute Care Hospitals,hospital_info,PN,Pneumonia,1.0053,12.5528,12.4862,,,True
320018,MEMORIAL MEDICAL CENTER,LAS CRUCES,NM,Acute Care Hospitals,hospital_info,AMI,Heart attack,1.0785,13.4155,12.4387,128,21,False
320018,MEMORIAL MEDICAL CENTER,LAS CRUCES,NM,Acute Care Hospitals,hospital_info,CABG,Coronary artery bypass graft surgery,1.0168,9.6713,9.5116,,,True
320018,MEMORIAL MEDICAL CENTER,LAS CRUCES,NM,Acute Care Hospitals,hospital_info,HF,Heart failure,1.0035,18.2512,18.1871,163,30,False
320018,MEMORIAL MEDICAL CENTER,LAS CRUCES,NM,Acute Care Hospitals,hospital_info,PN,Pneumonia,1.0315,14.2751,13.8391,154,24,False
320021,PRESBYTERIAN HOSPITAL,ALBUQUERQUE,NM,Acute Care Hospitals,hospital_info,HIP-KNEE,Hip/knee replacement,1.0539,5.3445,5.0713,,,True
320022,PLAINS REGIONAL MEDICAL CENTER,CLOVIS,NM,Acute Care Hospitals,hospital_info,HIP-KNEE,Hip/knee replacement,1.0102,4.1014,4.0601,,,True
320030,ARTESIA GENERAL HOSPITAL,ARTESIA,NM,Acute Care Hospitals,hospital_info,HIP-KNEE,Hip/knee replacement,1.1317,4.9927,4.4118,,,True
320033,LOS ALAMOS MEDICAL CENTER,LOS ALAMOS,NM,Acute Care Hospitals,hospital_info,PN,Pneumonia,1.0179,11.7722,11.5653,84,11,False
320059,NORTHERN NAVAJO MEDICAL CENTER,SHIPROCK,NM,Acute Care Hospitals,hospital_info,HF,Heart failure,1.0556,15.7712,14.9409,,,True
320061,GALLUP INDIAN MEDICAL CENTER,GALLUP,NM,Acute Care Hospitals,hospital_info,HF,Heart failure,1.0301,17.7552,17.2368,,,True
320063,CARLSBAD MEDICAL CENTER,CARLSBAD,NM,Acute Care Hospitals,hospital_info,AMI,Heart attack,1.0137,11.4015,11.2474,,,True
320063,CARLSBAD MEDICAL CENTER,CARLSBAD,NM,Acute Care Hospitals,hospital_info,COPD,Chronic obstructive pulmonary disease,1.0127,16.2702,16.0659,62,11,False
320085,MOUNTAIN VIEW REGIONAL MEDICAL CENTER,LAS CRUCES,NM,Acute Care Hospitals,hospital_info,AMI,Heart attack,1.0825,11.503,10.6264,123,18,False
320085,MOUNTAIN VIEW REGIONAL MEDICAL CENTER,LAS CRUCES,NM,Acute Care Hospitals,hospital_info,CABG,Coronary artery bypass graft surgery,1.0273,8.7588,8.5258,,,True
320085,MOUNTAIN VIEW REGIONAL MEDICAL CENTER,LAS CRUCES,NM,Acute Care Hospitals,hospital_info,COPD,Chronic obstructive pulmonary disease,1.0393,18.3018,17.6092,61,14,False
320085,MOUNTAIN VIEW REGIONAL MEDICAL CENTER,LAS CRUCES,NM,Acute Care Hospitals,hospital_info,HF,Heart failure,1.0526,18.9068,17.9616,208,43,False
320085,MOUNTAIN VIEW REGIONAL MEDICAL CENTER,LAS CRUCES,NM,Acute Care Hospitals,hospital_info,PN,Pneumonia,1.0372,15.68,15.1182,297,49,False
320091,THREE CROSSES REGIONAL HOSPITAL LLC,LAS CRUCES,NM,Acute Care Hospitals,hospital_info,AMI,Heart attack,1.0047,11.8681,11.812,,,True
320091,THREE CROSSES REGIONAL HOSPITAL LLC,LAS CRUCES,NM,Acute Care Hospitals,hospital_info,HF,Heart failure,1.0624,18.6282,17.5336,95,22,False
320091,THREE CROSSES REGIONAL HOSPITAL LLC,LAS CRUCES,NM,Acute Care Hospitals,hospital_info,PN,Pneumonia,1.077,15.2343,14.1457,86,18,False
330005,KALEIDA HEALTH,BUFFALO,NY,Acute Care Hospitals,hospital_info,CABG,Coronary artery bypass graft surgery,1.0596,11.2087,10.5786,165,20,False
330005,KALEIDA HEALTH,BUFFALO,NY,Acute Care Hospitals,hospital_info,HF,Heart failure,1.1166,21.3342,19.1066,759,170,False
330005,KALEIDA HEALTH,BUFFALO,NY,Acute Care Hospitals,hospital_info,PN,Pneumonia,1.0174,15.9231,15.6507,558,90,False
330006,ST JOSEPH'S MEDICAL CENTER,YONKERS,NY,Acute Care Hospitals,hospital_info,HF,Heart failure,1.0299,18.6087,18.0681,,,True
330006,ST JOSEPH'S MEDICAL CENTER,YONKERS,NY,Acute Care Hospitals,hospital_info,PN,Pneumonia,1.0294,16.1794,15.7168,93,17,False
330009,BRONXCARE HOSPITAL CENTER,BRONX,NY,Acute Care Hospitals,hospital_info,COPD,Chronic obstructive pulmonary disease,1.0624,24.6167,23.17,33,13,False
330009,BRONXCARE HOSPITAL CENTER,BRONX,NY,Acute Care Hospitals,hospital_info,HF,Heart failure,1.1867,24.8953,20.9789,100,38,False
330009,BRONXCARE HOSPITAL CENTER,BRONX,NY,Acute Care Hospitals,hospital_info,PN,Pneumonia,1.0188,18.0451,17.7123,148,28,False
330011,"OUR LADY OF LOURDES MEMORIAL HOSPITAL, INC",BINGHAMTON,NY,Acute Care Hospitals,hospital_info,COPD,Chronic obstructive pulmonary disease,1.0032,17.4458,17.3904,,,True
330011,"OUR LADY OF LOURDES MEMORIAL HOSPITAL, INC",BINGHAMTON,NY,Acute Care Hospitals,hospital_info,HIP-KNEE,Hip/knee replacement,1.093,5.8255,5.3297,,,True
330011,"OUR LADY OF LOURDES MEMORIAL HOSPITAL, INC",BINGHAMTON,NY,Acute Care Hospitals,hospital_info,PN,Pneumonia,1.0648,15.6681,14.714,299,51,False
330013,ALBANY MEDICAL CENTER HOSPITAL,ALBANY,NY,Acute Care Hospitals,hospital_info,COPD,Chronic obstructive pulmonary disease,1.0227,19.9309,19.4879,147,31,False
330014,JAMAICA HOSPITAL MEDICAL CENTER,JAMAICA,NY,Acute Care Hospitals,hospital_info,AMI,Heart attack,1.0221,15.6788,15.3401,82,14,False
330014,JAMAICA HOSPITAL MEDICAL CENTER,JAMAICA,NY,Acute Care Hospitals,hospital_info,COPD,Chronic obstructive pulmonary disease,1.0111,20.4405,20.2159,79,17,False
330014,JAMAICA HOSPITAL MEDICAL CENTER,JAMAICA,NY,Acute Care Hospitals,hospital_info,HF,Heart failure,1.1576,24.6669,21.309,182,56,False
330014,JAMAICA HOSPITAL MEDICAL CENTER,JAMAICA,NY,Acute Care Hospitals,hospital_info,PN,Pneumonia,1.041,18.2178,17.501,144,29,False
330019,"NEW YORK COMMUNITY HOSPITAL OF BROOKLYN, INC.",BROOKLYN,NY,Acute Care Hospitals,hospital_info,COPD,Chronic obstructive pulmonary disease,1.1396,21.8885,19.2069,137,40,False
330019,"NEW YORK COMMUNITY HOSPITAL OF BROOKLYN, INC.",BROOKLYN,NY,Acute Care Hospitals,hospital_info,HF,Heart failure,1.2419,25.3243,20.391,409,120,False
330019,"NEW YORK COMMUNITY HOSPITAL OF BROOKLYN, INC.",BROOKLYN,NY,Acute Care Hospitals,hospital_info,PN,Pneumonia,1.1519,19.9823,17.3466,446,99,False
330023,VASSAR BROTHERS MEDICAL CENTER,POUGHKEEPSIE,NY,Acute Care Hospitals,hospital_info,AMI,Heart attack,1.0209,13.6323,13.3528,425,59,False
330023,VASSAR BROTHERS MEDICAL CENTER,POUGHKEEPSIE,NY,Acute Care Hospitals,hospital_info,CABG,Coronary artery bypass graft surgery,1.1125,11.9779,10.7667,127,18,False
330023,VASSAR BROTHERS MEDICAL CENTER,POUGHKEEPSIE,NY,Acute Care Hospitals,hospital_info,COPD,Chronic obstructive pulmonary disease,1.0624,20.3182,19.1243,253,56,False
330023,VASSAR BROTHERS MEDICAL CENTER,POUGHKEEPSIE,NY,Acute Care Hospitals,hospital_info,PN,Pneumonia,1.0978,18.9803,17.2898,909,179,False
330024,MOUNT SINAI HOSPITAL,NEW YORK,NY,Acute Care Hospitals,hospital_info,AMI,Heart attack,1.0301,15.4679,15.0156,242,39,False
330024,MOUNT SINAI HOSPITAL,NEW YORK,NY,Acute Care Hospitals,hospital_info,COPD,Chronic obstructive pulmonary disease,1.0378,20.9248,20.162,187,42,False
330027,NASSAU UNIVERSITY MEDICAL CENTER,EAST MEADOW,NY,Acute Care Hospitals,hospital_info,COPD,Chronic obstructive pulmonary disease,1.0431,18.8631,18.0841,63,15,False
330027,NASSAU UNIVERSITY MEDICAL CENTER,EAST MEADOW,NY,Acute Care Hospitals,hospital_info,HF,Heart failure,1.0712,23.1263,21.5886,90,26,False
330027,NASSAU UNIVERSITY MEDICAL CENTER,EAST MEADOW,NY,Acute Care Hospitals,hospital_info,PN,Pneumonia,1.1579,18.4143,15.903,168,41,False
330028,RICHMOND UNIVERSITY MEDICAL CENTER,STATEN ISLAND,NY,Acute Care Hospitals,hospital_info,AMI,Heart attack,1.0001,12.8961,12.895,,,True
330028,RICHMOND UNIVERSITY MEDICAL CENTER,STATEN ISLAND,NY,Acute Care Hospitals,hospital_info,COPD,Chronic obstructive pulmonary disease,1.0103,20.0228,19.8185,81,17,False
330028,RICHMOND UNIVERSITY MEDICAL CENTER,STATEN ISLAND,NY,Acute Care Hospitals,hospital_info,HF,Heart failure,1.0046,18.7877,18.7025,126,24,False
330028,RICHMOND UNIVERSITY MEDICAL CENTER,STATEN ISLAND,NY,Acute Care Hospitals,hospital_info,HIP-KNEE,Hip/knee replacement,1.1466,4.5633,3.9798,,,True
330028,RICHMOND UNIVERSITY MEDICAL CENTER,STATEN ISLAND,NY,Acute Care Hospitals,hospital_info,PN,Pneumonia,1.213,21.2465,17.5151,303,78,False
330030,NEWARK-WAYNE COMMUNITY HOSPITAL,NEWARK,NY,Acute Care Hospitals,hospital_info,COPD,Chronic obstructive pulmonary disease,1.0533,21.8803,20.7722,64,18,False
330030,NEWARK-WAYNE COMMUNITY HOSPITAL,NEWARK,NY,Acute Care Hospitals,hospital_info,HF,Heart failure,1.0356,19.0626,18.4067,97,21,False
330030,NEWARK-WAYNE COMMUNITY HOSPITAL,NEWARK,NY,Acute Care Hospitals,hospital_info,PN,Pneumonia,1.1873,17.9713,15.1369,136,36,False
330033,CHENANGO MEMORIAL HOSPITAL,NORWICH,NY,Acute Care Hospitals,hospital_info,PN,Pneumonia,1.006,14.7882,14.6999,92,14,False
330043,NS/LIJ HS SOUTHSIDE HOSPITAL,BAY SHORE,NY,Acute Care Hospitals,hospital_info,AMI,Heart attack,1.0369,14.2832,13.7752,197,30,False
330043,NS/LIJ HS SOUTHSIDE HOSPITAL,BAY SHORE,NY,Acute Care Hospitals,hospital_info,CABG,Coronary artery bypass graft surgery,1.0593,10.8375,10.2304,180,21,False
330043,NS/LIJ HS SOUTHSIDE HOSPITAL,BAY SHORE,NY,Acute Care Hospitals,hospital_info,COPD,Chronic obstructive pulmonary disease,1.0114,18.2206,18.0158,182,34,False
330043,NS/LIJ HS SOUTHSIDE HOSPITAL,BAY SHORE,NY,Acute Care Hospitals,hospital_info,PN,Pneumonia,1.0444,16.8587,16.1423,647,112,False
330044,WYNN HOSPITAL,UTICA,NY,Acute Care Hospitals,hospital_info,COPD,Chronic obstructive pulmonary disease,1.0506,19.0573,18.1389,154,33,False
330044,WYNN HOSPITAL,UTICA,NY,Acute Care Hospitals,hospital_info,HF,Heart failure,1.0178,20.3199,19.965,284,59,False
330044,WYNN HOSPITAL,UTICA,NY,Acute Care Hospitals,hospital_info,PN,Pneumonia,1.0152,16.1188,15.877,459,75,False
330045,NS/LIJ HS HUNTINGTON HOSPITAL,HUNTINGTON,NY,Acute Care Hospitals,hospital_info,AMI,Heart attack,1.0257,13.6492,13.3075,203,29,False
330045,NS/LIJ HS HUNTINGTON HOSPITAL,HUNTINGTON,NY,Acute Care Hospitals,hospital_info,COPD,Chronic obstructive pulmonary disease,1.0283,18.4127,17.9055,244,47,False
330045,NS/LIJ HS HUNTINGTON HOSPITAL,HUNTINGTON,NY,Acute Care Hospitals,hospital_info,PN,Pneumonia,1.076,18.0178,16.7457,1232,227,False
330046,MOUNT SINAI WEST,NEW YORK,NY,Acute Care Hospitals,hospital_info,COPD,Chronic obstructive pulmonary disease,1.1006,21.929,19.9249,117,33,False
330046,MOUNT SINAI WEST,NEW YORK,NY,Acute Care Hospitals,hospital_info,HF,Heart failure,1.0861,21.6776,19.9596,484,111,False
330046,MOUNT SINAI WEST,NEW YORK,NY,Acute Care Hospitals,hospital_info,HIP-KNEE,Hip/knee replacement,1.2596,5.9141,4.6953,412,27,False
330047,St Marys Healthcare,AMSTERDAM,NY,Acute Care Hospitals,hospital_info,COPD,Chronic obstructive pulmonary disease,1.0274,19.6279,19.104,66,15,False
330047,St Marys Healthcare,AMSTERDAM,NY,Acute Care Hospitals,hospital_info,PN,Pneumonia,1.0101,15.7402,15.5828,180,29,False
330049,NORTHERN DUTCHESS HOSPITAL,RHINEBECK,NY,Acute Care Hospitals,hospital_info,HIP-KNEE,Hip/knee replacement,1.0462,5.405,5.1661,,,True
330055,NEW YORK-PRESBYTERIAN/QUEENS,FLUSHING,NY,Acute Care Hospitals,hospital_info,COPD,Chronic obstructive pulmonary disease,1.0095,21.734,21.5289,176,39,False
330056,BROOKLYN HOSPITAL CENTER - DOWNTOWN CAMPUS,BROOKLYN,NY,Acute Care Hospitals,hospital_info,AMI,Heart attack,1.0115,16.7595,16.5691,62,11,False
330056,BROOKLYN HOSPITAL CENTER - DOWNTOWN CAMPUS,BROOKLYN,NY,Acute Care Hospitals,hospital_info,COPD,Chronic obstructive pulmonary disease,1.0477,18.9781,18.1135,45,12,False
330056,BROOKLYN HOSPITAL CENTER - DOWNTOWN CAMPUS,BROOKLYN,NY,Acute Care Hospitals,hospital_info,HF,Heart failure,1.0833,21.2054,19.5747,90,25,False
330056,BROOKLYN HOSPITAL CENTER - DOWNTOWN CAMPUS,BROOKLYN,NY,Acute Care Hospitals,hospital_info,HIP-KNEE,Hip/knee replacement,1.0146,4.8289,4.7594,,,True
330056,BROOKLYN HOSPITAL CENTER - DOWNTOWN CAMPUS,BROOKLYN,NY,Acute Care Hospitals,hospital_info,PN,Pneumonia,1.0707,18.201,16.9984,172,36,False
330057,ST PETER'S HOSPITAL,ALBANY,NY,Acute Care Hospitals,hospital_info,AMI,Heart attack,1.0425,14.4237,13.8358,311,47,False
330057,ST PETER'S HOSPITAL,ALBANY,NY,Acute Care Hospitals,hospital_info,HF,Heart failure,1.0987,21.6798,19.733,803,181,False
330057,ST PETER'S HOSPITAL,ALBANY,NY,Acute Care Hospitals,hospital_info,HIP-KNEE,Hip/knee replacement,1.1857,7.5751,6.389,145,13,False
330057,ST PETER'S HOSPITAL,ALBANY,NY,Acute Care Hospitals,hospital_info,PN,Pneumonia,1.0996,18.0542,16.4196,784,148,False
330058,GENEVA GENERAL HOSPITAL,GENEVA,NY,Acute Care Hospitals,hospital_info,COPD,Chronic obstructive pulmonary disease,1.0358,18.264,17.6328,68,15,False
330058,GENEVA GENERAL HOSPITAL,GENEVA,NY,Acute Care Hospitals,hospital_info,HF,Heart failure,1.0807,20.8371,19.2805,112,29,False
330058,GENEVA GENERAL HOSPITAL,GENEVA,NY,Acute Care Hospitals,hospital_info,PN,Pneumonia,1.0371,14.5204,14.0015,149,24,False
330059,MONTEFIORE MEDICAL CENTER,BRONX,NY,Acute Care Hospitals,hospital_info,AMI,Heart attack,1.097,17.4183,15.8776,316,60,False
330059,MONTEFIORE MEDICAL CENTER,BRONX,NY,Acute Care Hospitals,hospital_info,CABG,Coronary artery bypass graft surgery,1.0898,11.5522,10.6005,76,11,False
330059,MONTEFIORE MEDICAL CENTER,BRONX,NY,Acute Care Hospitals,hospital_info,COPD,Chronic obstructive pulmonary disease,1.1556,24.6666,21.3454,273,79,False
330065,NIAGARA FALLS MEMORIAL MEDICAL CENTER,NIAGARA FALLS,NY,Acute Care Hospitals,hospital_info,AMI,Heart attack,1.0526,13.202,12.5427,,,True
330065,NIAGARA FALLS MEMORIAL MEDICAL CENTER,NIAGARA FALLS,NY,Acute Care Hospitals,hospital_info,HF,Heart failure,1.0401,17.1226,16.463,54,12,False
330073,UNITED MEMORIAL MEDICAL CENTER,BATAVIA,NY,Acute Care Hospitals,hospital_info,COPD,Chronic obstructive pulmonary disease,1.0492,21.9431,20.9133,65,18,False
330073,UNITED MEMORIAL MEDICAL CENTER,BATAVIA,NY,Acute Care Hospitals,hospital_info,HF,Heart failure,1.0379,20.2808,19.5401,100,23,False
330073,UNITED MEMORIAL MEDICAL CENTER,BATAVIA,NY,Acute Care Hospitals,hospital_info,PN,Pneumonia,1.0603,16.469,15.5328,128,25,False
330074,F F THOMPSON HOSPITAL,CANANDAIGUA,NY,Acute Care Hospitals,hospital_info,COPD,Chronic obstructive pulmonary disease,1.0263,16.8967,16.4641,,,True
330074,F F THOMPSON HOSPITAL,CANANDAIGUA,NY,Acute Care Hospitals,hospital_info,HF,Heart failure,1.1586,20.4091,17.615,129,37,False
330074,F F THOMPSON HOSPITAL,CANANDAIGUA,NY,Acute Care Hospitals,hospital_info,PN,Pneumonia,1.0294,16.3013,15.8359,166,29,False
330078,SISTERS OF CHARITY HOSPITAL,BUFFALO,NY,Acute Care Hospitals,hospital_info,HF,Heart failure,1.0393,20.3907,19.6203,148,33,False
330078,SISTERS OF CHARITY HOSPITAL,BUFFALO,NY,Acute Care Hospitals,hospital_info,PN,Pneumonia,1.0752,17.1065,15.9104,88,20,False
330079,ADIRONDACK MEDICAL CENTER - SARANAC LAKE,SARANAC LAKE,NY,Acute Care Hospitals,hospital_info,HF,Heart failure,1.0059,18.4979,18.3899,,,True
330079,ADIRONDACK MEDICAL CENTER - SARANAC LAKE,SARANAC LAKE,NY,Acute Care Hospitals,hospital_info,PN,Pneumonia,1.0194,15.6477,15.35,75,13,False
330085,AURELIA OSBORN FOX MEMORIAL HOSPITAL,ONEONTA,NY,Acute Care Hospitals,hospital_info,HF,Heart failure,1.0478,19.2378,18.3595,97,22,False
330085,AURELIA OSBORN FOX MEMORIAL HOSPITAL,ONEONTA,NY,Acute Care Hospitals,hospital_info,PN,Pneumonia,1.0155,15.2803,15.0475,157,25,False
330090,ARNOT OGDEN MEDICAL CENTER,ELMIRA,NY,Acute Care Hospitals,hospital_info,AMI,Heart attack,1.1638,17.1744,14.7571,116,28,False
330094,COLUMBIA MEMORIAL HOSPITAL,HUDSON,NY,Acute Care Hospitals,hospital_info,HF,Heart failure,1.0346,20.6905,19.9994,162,36,False
330094,COLUMBIA MEMORIAL HOSPITAL,HUDSON,NY,Acute Care Hospitals,hospital_info,HIP-KNEE,Hip/knee replacement,1.0294,4.9329,4.792,,,True
330102,KENMORE MERCY HOSPITAL,KENMORE,NY,Acute Care Hospitals,hospital_info,COPD,Chronic obstructive pulmonary disease,1.0485,17.9483,17.1185,53,13,False
330102,KENMORE MERCY HOSPITAL,KENMORE,NY,Acute Care Hospitals,hospital_info,PN,Pneumonia,1.0784,15.2837,14.1722,131,25,False
330103,OLEAN GENERAL HOSPITAL,OLEAN,NY,Acute Care Hospitals,hospital_info,COPD,Chronic obstructive pulmonary disease,1.0573,15.7684,14.9136,121,23,False
330103,OLEAN GENERAL HOSPITAL,OLEAN,NY,Acute Care Hospitals,hospital_info,HF,Heart failure,1.0371,19.5092,18.8121,207,43,False
330103,OLEAN GENERAL HOSPITAL,OLEAN,NY,Acute Care Hospitals,hospital_info,PN,Pneumonia,1.0076,15.4549,15.3386,385,60,False
330104,NYACK HOSPITAL,NYACK,NY,Acute Care Hospitals,hospital_info,AMI,Heart attack,1.0347,14.2675,13.7887,100,16,False
330104,NYACK HOSPITAL,NYACK,NY,Acute Care Hospitals,hospital_info,COPD,Chronic obstructive pulmonary disease,1.0591,17.5974,16.6158,130,27,False
330104,NYACK HOSPITAL,NYACK,NY,Acute Care Hospitals,hospital_info,HIP-KNEE,Hip/knee replacement,1.2247,6.2002,5.0625,140,11,False
330104,NYACK HOSPITAL,NYACK,NY,Acute Care Hospitals,hospital_info,PN,Pneumonia,1.139,18.8912,16.5851,752,151,False
330106,NORTH SHORE UNIVERSITY HOSPITAL,MANHASSET,NY,Acute Care Hospitals,hospital_info,AMI,Heart attack,1.0531,14.4211,13.6935,453,68,False
330106,NORTH SHORE UNIVERSITY HOSPITAL,MANHASSET,NY,Acute Care Hospitals,hospital_info,COPD,Chronic obstructive pulmonary disease,1.1017,19.6626,17.847,273,61,False
330106,NORTH SHORE UNIVERSITY HOSPITAL,MANHASSET,NY,Acute Care Hospitals,hospital_info,HF,Heart failure,1.0816,21.179,19.5809,1512,326,False
330107,PECONIC BAY MEDICAL CENTER,RIVERHEAD,NY,Acute Care Hospitals,hospital_info,AMI,Heart attack,1.0587,13.163,12.433,115,18,False
330107,PECONIC BAY MEDICAL CENTER,RIVERHEAD,NY,Acute Care Hospitals,hospital_info,HF,Heart failure,1.0977,20.8687,19.0118,480,107,False
330115,ONEIDA HEALTH HOSPITAL,ONEIDA,NY,Acute Care Hospitals,hospital_info,COPD,Chronic obstructive pulmonary disease,1.0369,15.0675,14.531,,,True
330115,ONEIDA HEALTH HOSPITAL,ONEIDA,NY,Acute Care Hospitals,hospital_info,HF,Heart failure,1.1031,19.8939,18.0337,80,23,False
330115,ONEIDA HEALTH HOSPITAL,ONEIDA,NY,Acute Care Hospitals,hospital_info,PN,Pneumonia,1.0252,14.0296,13.6852,124,19,False
330119,LENOX HILL HOSPITAL,NEW YORK,NY,Acute Care Hospitals,hospital_info,COPD,Chronic obstructive pulmonary disease,1.0325,19.5792,18.9632,95,21,False
330125,ROCHESTER GENERAL HOSPITAL,ROCHESTER,NY,Acute Care Hospitals,hospital_info,AMI,Heart attack,1.0339,14.9262,14.4368,196,31,False
330125,ROCHESTER GENERAL HOSPITAL,ROCHESTER,NY,Acute Care Hospitals,hospital_info,COPD,Chronic obstructive pulmonary disease,1.0895,21.6233,19.8477,90,26,False
330125,ROCHESTER GENERAL HOSPITAL,ROCHESTER,NY,Acute Care Hospitals,hospital_info,HF,Heart failure,1.0734,21.2291,19.7782,423,95,False
330125,ROCHESTER GENERAL HOSPITAL,ROCHESTER,NY,Acute Care Hospitals,hospital_info,HIP-KNEE,Hip/knee replacement,1.054,6.019,5.7103,,,True
330125,ROCHESTER GENERAL HOSPITAL,ROCHESTER,NY,Acute Care Hospitals,hospital_info,PN,Pneumonia,1.1211,17.7476,15.831,193,42,False
330126,GARNET HEALTH MEDICAL CENTER,MIDDLETOWN,NY,Acute Care Hospitals,hospital_info,HF,Heart failure,1.0625,21.9504,20.6588,918,206,False
330126,GARNET HEALTH MEDICAL CENTER,MIDDLETOWN,NY,Acute Care Hospitals,hospital_info,HIP-KNEE,Hip/knee replacement,1.012,7.4122,7.3243,,,True
330126,GARNET HEALTH MEDICAL CENTER,MIDDLETOWN,NY,Acute Care Hospitals,hospital_info,PN,Pneumonia,1.1083,18.9454,17.0934,939,185,False
330127,JACOBI MEDICAL CENTER,BRONX,NY,Acute Care Hospitals,hospital_info,HF,Heart failure,1.0321,21.4679,20.7992,194,44,False
330127,JACOBI MEDICAL CENTER,BRONX,NY,Acute Care Hospitals,hospital_info,PN,Pneumonia,1.0469,18.2341,17.4167,180,36,False
330128,ELMHURST HOSPITAL CENTER,ELMHURST,NY,Acute Care Hospitals,hospital_info,AMI,Heart attack,1.0082,12.6991,12.5961,,,True
330135,BON SECOURS COMMUNITY HOSPITAL,PORT JERVIS,NY,Acute Care Hospitals,hospital_info,COPD,Chronic obstructive pulmonary disease,1.0772,16.8572,15.6485,99,22,False
330135,BON SECOURS COMMUNITY HOSPITAL,PORT JERVIS,NY,Acute Care Hospitals,hospital_info,HF,Heart failure,1.068,20.2452,18.9561,169,39,False
330140,ST JOSEPH'S HOSPITAL HEALTH CENTER,SYRACUSE,NY,Acute Care Hospitals,hospital_info,AMI,Heart attack,1.1464,15.0938,13.1665,490,81,False
330140,ST JOSEPH'S HOSPITAL HEALTH CENTER,SYRACUSE,NY,Acute Care Hospitals,hospital_info,CABG,Coronary artery bypass graft surgery,1.0489,12.9358,12.3332,338,45,False
330140,ST JOSEPH'S HOSPITAL HEALTH CENTER,SYRACUSE,NY,Acute Care Hospitals,hospital_info,COPD,Chronic obstructive pulmonary disease,1.0356,18.7104,18.0664,216,43,False
330140,ST JOSEPH'S HOSPITAL HEALTH CENTER,SYRACUSE,NY,Acute Care Hospitals,hospital_info,HF,Heart failure,1.207,23.0356,19.0858,556,142,False
330140,ST JOSEPH'S HOSPITAL HEALTH CENTER,SYRACUSE,NY,Acute Care Hospitals,hospital_info,PN,Pneumonia,1.173,18.517,15.7856,600,122,False
330141,LONG ISLAND COMMUNITY HOSPITAL,PATCHOGUE,NY,Acute Care Hospitals,hospital_info,COPD,Chronic obstructive pulmonary disease,1.0125,20.2129,19.9631,213,44,False
330141,LONG ISLAND COMMUNITY HOSPITAL,PATCHOGUE,NY,Acute Care Hospitals,hospital_info,PN,Pneumonia,1.0282,20.2594,19.7044,859,176,False
330151,ST JAMES HOSPITAL,HORNELL,NY,Acute Care Hospitals,hospital_info,COPD,Chronic obstructive pulmonary disease,1.0562,15.187,14.3791,,,True
330151,ST JAMES HOSPITAL,HORNELL,NY,Acute Care Hospitals,hospital_info,HF,Heart failure,1.0114,17.5895,17.3918,,,True
330151,ST JAMES HOSPITAL,HORNELL,NY,Acute Care Hospitals,hospital_info,PN,Pneumonia,1.026,14.4407,14.0744,120,19,False
330153,ELLIS HOSPITAL,SCHENECTADY,NY,Acute Care Hospitals,hospital_info,COPD,Chronic obstructive pulmonary disease,1.0539,19.0419,18.068,121,27,False
330153,ELLIS HOSPITAL,SCHENECTADY,NY,Acute Care Hospitals,hospital_info,HF,Heart failure,1.0388,18.8232,18.12,368,72,False
330157,SAMARITAN MEDICAL CENTER,WATERTOWN,NY,Acute Care Hospitals,hospital_info,COPD,Chronic obstructive pulmonary disease,1.0384,18.431,17.7492,99,21,False
330157,SAMARITAN MEDICAL CENTER,WATERTOWN,NY,Acute Care Hospitals,hospital_info,PN,Pneumonia,1.0227,17.6982,17.3045,223,41,False
330158,GOOD SAMARITAN HOSPITAL OF SUFFERN,SUFFERN,NY,Acute Care Hospitals,hospital_info,AMI,Heart attack,1.0679,14.7134,13.7774,242,39,False
330158,GOOD SAMARITAN HOSPITAL OF SUFFERN,SUFFERN,NY,Acute Care Hospitals,hospital_info,COPD,Chronic obstructive pulmonary disease,1.0597,18.0213,17.0065,193,39,False
330158,GOOD SAMARITAN HOSPITAL OF SUFFERN,SUFFERN,NY,Acute Care Hospitals,hospital_info,HF,Heart failure,1.0782,20.9666,19.4456,608,133,False
330158,GOOD SAMARITAN HOSPITAL OF SUFFERN,SUFFERN,NY,Acute Care Hospitals,hospital_info,PN,Pneumonia,1.1515,19.0518,16.5455,752,153,False
330160,STATEN ISLAND UNIVERSITY HOSPITAL,STATEN ISLAND,NY,Acute Care Hospitals,hospital_info,AMI,Heart attack,1.0179,13.6526,13.4123,257,36,False
330160,STATEN ISLAND UNIVERSITY HOSPITAL,STATEN ISLAND,NY,Acute Care Hospitals,hospital_info,COPD,Chronic obstructive pulmonary disease,1.0993,21.5217,19.5773,347,82,False
330160,STATEN ISLAND UNIVERSITY HOSPITAL,STATEN ISLAND,NY,Acute Care Hospitals,hospital_info,HIP-KNEE,Hip/knee replacement,1.2066,6.1499,5.0969,,,True
330160,STATEN ISLAND UNIVERSITY HOSPITAL,STATEN ISLAND,NY,Acute Care Hospitals,hospital_info,PN,Pneumonia,1.0113,16.3872,16.2044,868,143,False
330162,NORTHERN WESTCHESTER HOSPITAL,MOUNT KISCO,NY,Acute Care Hospitals,hospital_info,AMI,Heart attack,1.0392,13.6897,13.1732,161,24,False
330162,NORTHERN WESTCHESTER HOSPITAL,MOUNT KISCO,NY,Acute Care Hospitals,hospital_info,COPD,Chronic obstructive pulmonary disease,1.0162,17.3442,17.0679,74,14,False
330162,NORTHERN WESTCHESTER HOSPITAL,MOUNT KISCO,NY,Acute Care Hospitals,hospital_info,HIP-KNEE,Hip/knee replacement,1.073,6.3702,5.937,,,True
330162,NORTHERN WESTCHESTER HOSPITAL,MOUNT KISCO,NY,Acute Care Hospitals,hospital_info,PN,Pneumonia,1.0448,14.7087,14.0778,300,47,False
330164,HIGHLAND HOSPITAL,ROCHESTER,NY,Acute Care Hospitals,hospital_info,COPD,Chronic obstructive pulmonary disease,1.0239,19.1776,18.7305,69,15,False
330164,HIGHLAND HOSPITAL,ROCHESTER,NY,Acute Care Hospitals,hospital_info,HF,Heart failure,1.0273,19.686,19.163,300,61,False
330164,HIGHLAND HOSPITAL,ROCHESTER,NY,Acute Care Hospitals,hospital_info,HIP-KNEE,Hip/knee replacement,1.0468,5.9796,5.7125,,,True
330164,HIGHLAND HOSPITAL,ROCHESTER,NY,Acute Care Hospitals,hospital_info,PN,Pneumonia,1.0308,15.3254,14.8669,274,44,False
330169,MOUNT SINAI BETH ISRAEL,NEW YORK,NY,Acute Care Hospitals,hospital_info,COPD,Chronic obstructive pulmonary disease,1.1043,20.5155,18.5777,134,35,False
330169,MOUNT SINAI BETH ISRAEL,NEW YORK,NY,Acute Care Hospitals,hospital_info,PN,Pneumonia,1.1652,19.2109,16.4875,554,117,False
330175,GUTHRIE CORTLAND REGIONAL MEDICAL CENTER,CORTLAND,NY,Acute Care Hospitals,hospital_info,HF,Heart failure,1.0916,19.0897,17.4879,177,40,False
330175,GUTHRIE CORTLAND REGIONAL MEDICAL CENTER,CORTLAND,NY,Acute Care Hospitals,hospital_info,PN,Pneumonia,1.0072,14.2164,14.1145,264,38,False
330181,NORTHWELL HOSPITAL GLEN COVE,GLEN COVE,NY,Acute Care Hospitals,hospital_info,AMI,Heart attack,1.0359,19.1348,18.472,,,True
330182,ST FRANCIS HOSPITAL - THE HEART CENTER,ROSLYN,NY,Acute Care Hospitals,hospital_info,AMI,Heart attack,1.0939,14.8769,13.6,614,96,False
330182,ST FRANCIS HOSPITAL - THE HEART CENTER,ROSLYN,NY,Acute Care Hospitals,hospital_info,PN,Pneumonia,1.0659,17.0788,16.0226,1210,211,False
330184,MONTEFIORE NEW ROCHELLE HOSPITAL,NEW ROCHELLE,NY,Acute Care Hospitals,hospital_info,COPD,Chronic obstructive pulmonary disease,1.0453,19.2966,18.4596,71,17,False
330184,MONTEFIORE NEW ROCHELLE HOSPITAL,NEW ROCHELLE,NY,Acute Care Hospitals,hospital_info,HF,Heart failure,1.068,21.5873,20.2131,172,42,False
330184,MONTEFIORE NEW ROCHELLE HOSPITAL,NEW ROCHELLE,NY,Acute Care Hospitals,hospital_info,PN,Pneumonia,1.0581,16.5222,15.6144,189,35,False
330188,MOUNT ST. MARY'S HOSPITAL & HEALTH CENTER,LEWISTON,NY,Acute Care Hospitals,hospital_info,COPD,Chronic obstructive pulmonary disease,1.0242,15.747,15.3756,59,11,False
330188,MOUNT ST. MARY'S HOSPITAL & HEALTH CENTER,LEWISTON,NY,Acute Care Hospitals,hospital_info,HF,Heart failure,1.0124,18.7437,18.514,118,23,False
330188,MOUNT ST. MARY'S HOSPITAL & HEALTH CENTER,LEWISTON,NY,Acute Care Hospitals,hospital_info,PN,Pneumonia,1.1262,15.5351,13.7947,117,26,False
330191,GLENS FALLS HOSPITAL,GLENS FALLS,NY,Acute Care Hospitals,hospital_info,AMI,Heart attack,1.0826,12.9362,11.949,93,16,False
330193,FLUSHING HOSPITAL MEDICAL CENTER,FLUSHING,NY,Acute Care Hospitals,hospital_info,COPD,Chronic obstructive pulmonary disease,1.041,24.4911,23.5265,44,14,False
330194,MAIMONIDES MEDICAL CENTER,BROOKLYN,NY,Acute Care Hospitals,hospital_info,AMI,Heart attack,1.0368,15.7257,15.1677,433,70,False
330194,MAIMONIDES MEDICAL CENTER,BROOKLYN,NY,Acute Care Hospitals,hospital_info,CABG,Coronary artery bypass graft surgery,1.0523,11.2668,10.7069,,,True
330194,MAIMONIDES MEDICAL CENTER,BROOKLYN,NY,Acute Care Hospitals,hospital_info,COPD,Chronic obstructive pulmonary disease,1.0524,23.1891,22.0355,207,52,False
330194,MAIMONIDES MEDICAL CENTER,BROOKLYN,NY,Acute Care Hospitals,hospital_info,HF,Heart failure,1.1235,22.1688,19.7326,1161,266,False
330194,MAIMONIDES MEDICAL CENTER,BROOKLYN,NY,Acute Care Hospitals,hospital_info,PN,Pneumonia,1.3011,23.694,18.2107,975,250,False
330195,LONG ISLAND JEWISH MEDICAL CENTER,NEW HYDE PARK,NY,Acute Care Hospitals,hospital_info,AMI,Heart attack,1.0393,13.8766,13.3518,166,25,False
330195,LONG ISLAND JEWISH MEDICAL CENTER,NEW HYDE PARK,NY,Acute Care Hospitals,hospital_info,COPD,Chronic obstructive pulmonary disease,1.0591,19.4564,18.3712,353,73,False
330195,LONG ISLAND JEWISH MEDICAL CENTER,NEW HYDE PARK,NY,Acute Care Hospitals,hospital_info,HF,Heart failure,1.0413,20.5505,19.7347,1095,228,False
330195,LONG ISLAND JEWISH MEDICAL CENTER,NEW HYDE PARK,NY,Acute Care Hospitals,hospital_info,PN,Pneumonia,1.074,17.2642,16.0747,1252,221,False
330196,SOUTH BROOKLYN HEALTH,BROOKLYN,NY,Acute Care Hospitals,hospital_info,AMI,Heart attack,1.0799,17.1027,15.8379,99,21,False
330196,SOUTH BROOKLYN HEALTH,BROOKLYN,NY,Acute Care Hospitals,hospital_info,COPD,Chronic obstructive pulmonary disease,1.0566,24.2903,22.9893,167,45,False
330196,SOUTH BROOKLYN HEALTH,BROOKLYN,NY,Acute Care Hospitals,hospital_info,HF,Heart failure,1.0969,23.2136,21.1637,448,111,False
330196,SOUTH BROOKLYN HEALTH,BROOKLYN,NY,Acute Care Hospitals,hospital_info,PN,Pneumonia,1.198,22.0848,18.4354,571,139,False
330197,CANTON-POTSDAM HOSPITAL,POTSDAM,NY,Acute Care Hospitals,hospital_info,AMI,Heart attack,1.0519,15.3555,14.5979,,,True
330197,CANTON-POTSDAM HOSPITAL,POTSDAM,NY,Acute Care Hospitals,hospital_info,HF,Heart failure,1.076,20.0691,18.6519,168,39,False
330198,MOUNT SINAI SOUTH NASSAU,OCEANSIDE,NY,Acute Care Hospitals,hospital_info,AMI,Heart attack,1.0051,14.1683,14.0959,224,32,False
330198,MOUNT SINAI SOUTH NASSAU,OCEANSIDE,NY,Acute Care Hospitals,hospital_info,HIP-KNEE,Hip/knee replacement,1.2584,6.0444,4.8031,,,True
330198,MOUNT SINAI SOUTH NASSAU,OCEANSIDE,NY,Acute Care Hospitals,hospital_info,PN,Pneumonia,1.1933,19.8812,16.6603,1236,258,False
330202,KINGS COUNTY HOSPITAL CENTER,BROOKLYN,NY,Acute Care Hospitals,hospital_info,PN,Pneumonia,1.0388,16.9747,16.3402,85,17,False
330203,CROUSE HOSPITAL,SYRACUSE,NY,Acute Care Hospitals,hospital_info,AMI,Heart attack,1.035,13.0336,12.5923,94,14,False
330203,CROUSE HOSPITAL,SYRACUSE,NY,Acute Care Hospitals,hospital_info,COPD,Chronic obstructive pulmonary disease,1.0847,17.9409,16.5407,151,33,False
330203,CROUSE HOSPITAL,SYRACUSE,NY,Acute Care Hospitals,hospital_info,HF,Heart failure,1.0084,17.6957,17.5484,477,85,False
330203,CROUSE HOSPITAL,SYRACUSE,NY,Acute Care Hospitals,hospital_info,HIP-KNEE,Hip/knee replacement,1.0284,5.3181,5.1715,,,True
330203,CROUSE HOSPITAL,SYRACUSE,NY,Acute Care Hospitals,hospital_info,PN,Pneumonia,1.1096,15.692,14.1422,517,88,False
330204,BELLEVUE HOSPITAL CENTER,NEW YORK,NY,Acute Care Hospitals,hospital_info,COPD,Chronic obstructive pulmonary disease,1.0496,19.7454,18.8123,,,True
330204,BELLEVUE HOSPITAL CENTER,NEW YORK,NY,Acute Care Hospitals,hospital_info,HF,Heart failure,1.0603,22.8421,21.5428,112,30,False
330205,ST ANTHONY COMMUNITY HOSPITAL,WARWICK,NY,Acute Care Hospitals,hospital_info,COPD,Chronic obstructive pulmonary disease,1.032,13.9143,13.4835,,,True
330208,ST JOHN'S RIVERSIDE HOSPITAL,YONKERS,NY,Acute Care Hospitals,hospital_info,HF,Heart failure,1.1035,20.9871,19.0187,366,84,False
330208,ST JOHN'S RIVERSIDE HOSPITAL,YONKERS,NY,Acute Care Hospitals,hospital_info,PN,Pneumonia,1.0757,17.6167,16.3762,284,55,False
330215,"ROME MEMORIAL HOSPITAL, INC",ROME,NY,Acute Care Hospitals,hospital_info,COPD,Chronic obstructive pulmonary disease,1.006,16.5383,16.4397,76,13,False
330215,"ROME MEMORIAL HOSPITAL, INC",ROME,NY,Acute Care Hospitals,hospital_info,HF,Heart failure,1.0297,19.4711,18.9089,97,21,False
330215,"ROME MEMORIAL HOSPITAL, INC",ROME,NY,Acute Care Hospitals,hospital_info,PN,Pneumonia,1.0264,15.0623,14.675,128,21,False
330218,OSWEGO HOSPITAL,OSWEGO,NY,Acute Care Hospitals,hospital_info,COPD,Chronic obstructive pulmonary disease,1.0003,15.6463,15.6419,,,True
330218,OSWEGO HOSPITAL,OSWEGO,NY,Acute Care Hospitals,hospital_info,HF,Heart failure,1.0143,20.3307,20.0448,172,36,False
330218,OSWEGO HOSPITAL,OSWEGO,NY,Acute Care Hospitals,hospital_info,PN,Pneumonia,1.0705,17.4784,16.327,237,46,False
330219,ERIE COUNTY MEDICAL CENTER,BUFFALO,NY,Acute Care Hospitals,hospital_info,COPD,Chronic obstructive pulmonary disease,1.0003,19.7087,19.703,76,15,False
330219,ERIE COUNTY MEDICAL CENTER,BUFFALO,NY,Acute Care Hospitals,hospital_info,HF,Heart failure,1.0676,22.2352,20.827,113,30,False
330221,WYCKOFF HEIGHTS MEDICAL CENTER,BROOKLYN,NY,Acute Care Hospitals,hospital_info,PN,Pneumonia,1.0094,16.0075,15.8588,146,24,False
330222,SARATOGA HOSPITAL,SARATOGA SPRINGS,NY,Acute Care Hospitals,hospital_info,COPD,Chronic obstructive pulmonary disease,1.1008,18.8513,17.1247,148,35,False
330222,SARATOGA HOSPITAL,SARATOGA SPRINGS,NY,Acute Care Hospitals,hospital_info,PN,Pneumonia,1.0174,15.5021,15.2367,399,63,False
330224,HEALTHALLIANCE HOSPITAL MARYS AVENUE CAMPUS,KINGSTON,NY,Acute Care Hospitals,hospital_info,AMI,Heart attack,1.0828,13.6053,12.5651,80,15,False
330224,HEALTHALLIANCE HOSPITAL MARYS AVENUE CAMPUS,KINGSTON,NY,Acute Care Hospitals,hospital_info,HF,Heart failure,1.0196,20.4148,20.0231,331,69,False
330224,HEALTHALLIANCE HOSPITAL MARYS AVENUE CAMPUS,KINGSTON,NY,Acute Care Hospitals,hospital_info,HIP-KNEE,Hip/knee replacement,1.1935,6.7572,5.6619,,,True
330226,UNITY HOSPITAL,ROCHESTER,NY,Acute Care Hospitals,hospital_info,COPD,Chronic obstructive pulmonary disease,1.136,23.1167,20.3487,113,36,False
330226,UNITY HOSPITAL,ROCHESTER,NY,Acute Care Hospitals,hospital_info,HF,Heart failure,1.1027,21.9895,19.9416,290,71,False
330226,UNITY HOSPITAL,ROCHESTER,NY,Acute Care Hospitals,hospital_info,HIP-KNEE,Hip/knee replacement,1.1529,6.4708,5.6125,160,12,False
330226,UNITY HOSPITAL,ROCHESTER,NY,Acute Care Hospitals,hospital_info,PN,Pneumonia,1.1524,18.851,16.3579,272,61,False
330229,"BROOKS-TLC HOSPITAL SYSTEM, INC",DUNKIRK,NY,Acute Care Hospitals,hospital_info,COPD,Chronic obstructive pulmonary disease,1.0069,15.5049,15.3992,,,True
330229,"BROOKS-TLC HOSPITAL SYSTEM, INC",DUNKIRK,NY,Acute Care Hospitals,hospital_info,HF,Heart failure,1.0024,17.1538,17.1128,,,True
330231,QUEENS HOSPITAL CENTER,JAMAICA,NY,Acute Care Hospitals,hospital_info,COPD,Chronic obstructive pulmonary disease,1.0336,22.5532,21.8196,46,13,False
330231,QUEENS HOSPITAL CENTER,JAMAICA,NY,Acute Care Hospitals,hospital_info,PN,Pneumonia,1.0623,17.4532,16.4299,154,31,False
330233,BROOKDALE HOSPITAL MEDICAL CENTER,BROOKLYN,NY,Acute Care Hospitals,hospital_info,AMI,Heart attack,1.0137,17.4229,17.1868,,,True
330233,BROOKDALE HOSPITAL MEDICAL CENTER,BROOKLYN,NY,Acute Care Hospitals,hospital_info,COPD,Chronic obstructive pulmonary disease,1.0014,18.9251,18.8992,84,16,False
330233,BROOKDALE HOSPITAL MEDICAL CENTER,BROOKLYN,NY,Acute Care Hospitals,hospital_info,HF,Heart failure,1.1096,22.6078,20.3747,178,48,False
330234,WESTCHESTER MEDICAL CENTER,VALHALLA,NY,Acute Care Hospitals,hospital_info,CABG,Coronary artery bypass graft surgery,1.0917,12.0083,10.9998,114,16,False
330234,WESTCHESTER MEDICAL CENTER,VALHALLA,NY,Acute Care Hospitals,hospital_info,COPD,Chronic obstructive pulmonary disease,1.0326,20.1629,19.5262,97,22,False
330235,AUBURN  COMMUNITY  HOSPITAL,AUBURN,NY,Acute Care Hospitals,hospital_info,COPD,Chronic obstructive pulmonary disease,1.0322,19.3966,18.7909,158,33,False
330235,AUBURN  COMMUNITY  HOSPITAL,AUBURN,NY,Acute Care Hospitals,hospital_info,HF,Heart failure,1.1023,22.3971,20.3181,258,65,False
330235,AUBURN  COMMUNITY  HOSPITAL,AUBURN,NY,Acute Care Hospitals,hospital_info,HIP-KNEE,Hip/knee replacement,1.1121,6.708,6.0319,,,True
330235,AUBURN  COMMUNITY  HOSPITAL,AUBURN,NY,Acute Care Hospitals,hospital_info,PN,Pneumonia,1.0666,17.3937,16.3073,320,60,False
330238,NICHOLAS H NOYES MEMORIAL HOSPITAL,DANSVILLE,NY,Acute Care Hospitals,hospital_info,PN,Pneumonia,1.003,14.4761,14.4331,123,18,False
330239,UPMC CHAUTAUQUA AT WCA,JAMESTOWN,NY,Acute Care Hospitals,hospital_info,COPD,Chronic obstructive pulmonary disease,1.0234,17.1194,16.7283,,,True
330239,UPMC CHAUTAUQUA AT WCA,JAMESTOWN,NY,Acute Care Hospitals,hospital_info,PN,Pneumonia,1.0234,16.1018,15.7337,214,36,False
330240,HARLEM HOSPITAL CENTER,NEW YORK,NY,Acute Care Hospitals,hospital_info,COPD,Chronic obstructive pulmonary disease,1.0229,27.4804,26.8654,44,14,False
330240,HARLEM HOSPITAL CENTER,NEW YORK,NY,Acute Care Hospitals,hospital_info,HF,Heart failure,1.0621,23.4962,22.1222,57,18,False
330240,HARLEM HOSPITAL CENTER,NEW YORK,NY,Acute Care Hospitals,hospital_info,PN,Pneumonia,1.0423,20.5331,19.6989,78,19,False
330241,UNIVERSITY HOSPITAL S U N Y HEALTH SCIENCE CENTER,SYRACUSE,NY,Acute Care Hospitals,hospital_info,COPD,Chronic obstructive pulmonary disease,1.016,18.187,17.8998,164,31,False
330241,UNIVERSITY HOSPITAL S U N Y HEALTH SCIENCE CENTER,SYRACUSE,NY,Acute Care Hospitals,hospital_info,HF,Heart failure,1.0055,19.1659,19.0616,431,83,False
330241,UNIVERSITY HOSPITAL S U N Y HEALTH SCIENCE CENTER,SYRACUSE,NY,Acute Care Hospitals,hospital_info,PN,Pneumonia,1.0198,16.0301,15.719,416,68,False
330250,THE UNIVERSITY OF VERMONT HEALTH NETWORK  - CHAMPL,PLATTSBURGH,NY,Acute Care Hospitals,hospital_info,AMI,Heart attack,1.0228,12.8991,12.6113,216,29,False
330250,THE UNIVERSITY OF VERMONT HEALTH NETWORK  - CHAMPL,PLATTSBURGH,NY,Acute Care Hospitals,hospital_info,COPD,Chronic obstructive pulmonary disease,1.0019,19.3807,19.3435,185,36,False
330250,THE UNIVERSITY OF VERMONT HEALTH NETWORK  - CHAMPL,PLATTSBURGH,NY,Acute Care Hospitals,hospital_info,HF,Heart failure,1.052,21.392,20.3343,464,103,False
330250,THE UNIVERSITY OF VERMONT HEALTH NETWORK  - CHAMPL,PLATTSBURGH,NY,Acute Care Hospitals,hospital_info,HIP-KNEE,Hip/knee replacement,1.0849,6.8191,6.2854,,,True
330264,MONTEFIORE ST LUKE'S CORNWALL,NEWBURGH,NY,Acute Care Hospitals,hospital_info,AMI,Heart attack,1.0176,14.4818,14.2309,125,19,False
330264,MONTEFIORE ST LUKE'S CORNWALL,NEWBURGH,NY,Acute Care Hospitals,hospital_info,COPD,Chronic obstructive pulmonary disease,1.0109,17.9652,17.7714,157,29,False
330264,MONTEFIORE ST LUKE'S CORNWALL,NEWBURGH,NY,Acute Care Hospitals,hospital_info,HF,Heart failure,1.0355,19.7718,19.094,407,83,False
330264,MONTEFIORE ST LUKE'S CORNWALL,NEWBURGH,NY,Acute Care Hospitals,hospital_info,HIP-KNEE,Hip/knee replacement,1.0414,6.4867,6.2287,,,True
330264,MONTEFIORE ST LUKE'S CORNWALL,NEWBURGH,NY,Acute Care Hospitals,hospital_info,PN,Pneumonia,1.0937,17.6266,16.1161,374,72,False
330265,CLIFTON SPRINGS HOSPITAL AND CLINIC,CLIFTON SPRINGS,NY,Acute Care Hospitals,hospital_info,HF,Heart failure,1.0195,19.1617,18.7957,,,True
330265,CLIFTON SPRINGS HOSPITAL AND CLINIC,CLIFTON SPRINGS,NY,Acute Care Hospitals,hospital_info,PN,Pneumonia,1.085,19.727,18.1818,27,11,False
330273,PUTNAM HOSPITAL CENTER,CARMEL,NY,Acute Care Hospitals,hospital_info,HIP-KNEE,Hip/knee replacement,1.036,6.1273,5.9145,,,True
330276,NATHAN LITTAUER HOSPITAL,GLOVERSVILLE,NY,Acute Care Hospitals,hospital_info,COPD,Chronic obstructive pulmonary disease,1.0465,16.5091,15.7756,47,11,False
330277,CORNING HOSPITAL,CORNING,NY,Acute Care Hospitals,hospital_info,HF,Heart failure,1.0999,19.4348,17.6702,176,41,False
330277,CORNING HOSPITAL,CORNING,NY,Acute Care Hospitals,hospital_info,PN,Pneumonia,1.0032,14.3857,14.3402,221,32,False
330279,MERCY HOSPITAL OF BUFFALO,BUFFALO,NY,Acute Care Hospitals,hospital_info,CABG,Coronary artery bypass graft surgery,1.0056,10.8312,10.7708,,,True
330279,MERCY HOSPITAL OF BUFFALO,BUFFALO,NY,Acute Care Hospitals,hospital_info,COPD,Chronic obstructive pulmonary disease,1.0231,17.4625,17.0684,105,20,False
330279,MERCY HOSPITAL OF BUFFALO,BUFFALO,NY,Acute Care Hospitals,hospital_info,HF,Heart failure,1.0856,21.1405,19.4737,331,76,False
330279,MERCY HOSPITAL OF BUFFALO,BUFFALO,NY,Acute Care Hospitals,hospital_info,PN,Pneumonia,1.1054,17.0434,15.4189,260,51,False
330285,STRONG MEMORIAL HOSPITAL,ROCHESTER,NY,Acute Care Hospitals,hospital_info,CABG,Coronary artery bypass graft surgery,1.0096,10.92,10.8162,,,True
330286,GOOD SAMARITAN HOSPITAL MEDICAL CENTER,WEST ISLIP,NY,Acute Care Hospitals,hospital_info,AMI,Heart attack,1.0365,14.5263,14.0143,297,45,False
330304,WHITE PLAINS HOSPITAL CENTER,WHITE PLAINS,NY,Acute Care Hospitals,hospital_info,AMI,Heart attack,1.0102,13.2598,13.126,245,33,False
330304,WHITE PLAINS HOSPITAL CENTER,WHITE PLAINS,NY,Acute Care Hospitals,hospital_info,COPD,Chronic obstructive pulmonary disease,1.0159,18.3397,18.0525,179,34,False
330304,WHITE PLAINS HOSPITAL CENTER,WHITE PLAINS,NY,Acute Care Hospitals,hospital_info,PN,Pneumonia,1.0162,16.0526,15.7964,1451,234,False
330331,PLAINVIEW HOSPITAL,PLAINVIEW,NY,Acute Care Hospitals,hospital_info,AMI,Heart attack,1.0164,14.9947,14.7534,,,True
330331,PLAINVIEW HOSPITAL,PLAINVIEW,NY,Acute Care Hospitals,hospital_info,COPD,Chronic obstructive pulmonary disease,1.0277,17.5856,17.1118,108,21,False
330331,PLAINVIEW HOSPITAL,PLAINVIEW,NY,Acute Care Hospitals,hospital_info,HIP-KNEE,Hip/knee replacement,1.0619,5.1013,4.8038,,,True
330332,CHSLI ST JOSEPH HOSPITAL,BETHPAGE,NY,Acute Care Hospitals,hospital_info,HIP-KNEE,Hip/knee replacement,1.0589,4.9878,4.7105,,,True
330332,CHSLI ST JOSEPH HOSPITAL,BETHPAGE,NY,Acute Care Hospitals,hospital_info,PN,Pneumonia,1.0306,15.3139,14.8594,444,70,False
330350,SUNY/DOWNSTATE UNIVERSITY HOSPITAL OF BROOKLYN,BROOKLYN,NY,Acute Care Hospitals,hospital_info,HF,Heart failure,1.1005,20.755,18.8591,106,29,False
330350,SUNY/DOWNSTATE UNIVERSITY HOSPITAL OF BROOKLYN,BROOKLYN,NY,Acute Care Hospitals,hospital_info,PN,Pneumonia,1.072,16.3737,15.2745,51,13,False
330386,GARNET HEALTH  MEDICAL CENTER CATSKILLS,HARRIS,NY,Acute Care Hospitals,hospital_info,HF,Heart failure,1.0274,20.9385,20.3807,129,29,False
330386,GARNET HEALTH  MEDICAL CENTER CATSKILLS,HARRIS,NY,Acute Care Hospitals,hospital_info,PN,Pneumonia,1.0131,17.5831,17.3559,194,35,False
330393,SUNY/STONY BROOK UNIVERSITY HOSPITAL,STONY BROOK,NY,Acute Care Hospitals,hospital_info,HF,Heart failure,1.1051,23.0214,20.8328,1566,368,False
330394,"UNITED HEALTH SERVICES HOSPITALS, INC",BINGHAMTON,NY,Acute Care Hospitals,hospital_info,AMI,Heart attack,1.0048,13.2172,13.1541,210,28,False
330394,"UNITED HEALTH SERVICES HOSPITALS, INC",BINGHAMTON,NY,Acute Care Hospitals,hospital_info,CABG,Coronary artery bypass graft surgery,1.0195,11.2045,10.9897,,,True
330394,"UNITED HEALTH SERVICES HOSPITALS, INC",BINGHAMTON,NY,Acute Care Hospitals,hospital_info,PN,Pneumonia,1.0215,15.5806,15.2523,498,79,False
330395,ST JOHN'S EPISCOPAL HOSPITAL AT SOUTH SHORE,FAR ROCKAWAY,NY,Acute Care Hospitals,hospital_info,COPD,Chronic obstructive pulmonary disease,1.0796,19.7332,18.2775,77,21,False
330395,ST JOHN'S EPISCOPAL HOSPITAL AT SOUTH SHORE,FAR ROCKAWAY,NY,Acute Care Hospitals,hospital_info,HF,Heart failure,1.0835,21.0286,19.4076,86,24,False
330395,ST JOHN'S EPISCOPAL HOSPITAL AT SOUTH SHORE,FAR ROCKAWAY,NY,Acute Care Hospitals,hospital_info,PN,Pneumonia,1.3274,23.0836,17.3902,263,81,False
330396,WOODHULL MEDICAL & MENTAL HEALTH CENTER,BROOKLYN,NY,Acute Care Hospitals,hospital_info,HF,Heart failure,1.0444,22.3101,21.3616,57,16,False
330396,WOODHULL MEDICAL & MENTAL HEALTH CENTER,BROOKLYN,NY,Acute Care Hospitals,hospital_info,PN,Pneumonia,1.005,16.2562,16.1757,,,True
330399,ST BARNABAS HOSPITAL,BRONX,NY,Acute Care Hospitals,hospital_info,HF,Heart failure,1.0618,21.5597,20.3045,49,15,False
340001,CAROLINAS MEDICAL CENTER-NORTHEAST,CONCORD,NC,Acute Care Hospitals,hospital_info,AMI,Heart attack,1.0226,12.7424,12.4607,258,34,False
340001,CAROLINAS MEDICAL CENTER-NORTHEAST,CONCORD,NC,Acute Care Hospitals,hospital_info,COPD,Chronic obstructive pulmonary disease,1.0206,17.8439,17.4846,227,42,False
340001,CAROLINAS MEDICAL CENTER-NORTHEAST,CONCORD,NC,Acute Care Hospitals,hospital_info,HF,Heart failure,1.021,20.2253,19.8095,749,153,False
340004,HIGH POINT REGIONAL HEALTH SYSTEM,HIGH POINT,NC,Acute Care Hospitals,hospital_info,COPD,Chronic obstructive pulmonary disease,1.0268,20.8872,20.343,110,25,False
340004,HIGH POINT REGIONAL HEALTH SYSTEM,HIGH POINT,NC,Acute Care Hospitals,hospital_info,HF,Heart failure,1.0184,21.3126,20.9266,369,80,False
340004,HIGH POINT REGIONAL HEALTH SYSTEM,HIGH POINT,NC,Acute Care Hospitals,hospital_info,PN,Pneumonia,1.0659,17.8259,16.7243,172,35,False
340008,SCOTLAND MEMORIAL HOSPITAL,LAURINBURG,NC,Acute Care Hospitals,hospital_info,AMI,Heart attack,1.0069,17.1498,17.0315,,,True
340008,SCOTLAND MEMORIAL HOSPITAL,LAURINBURG,NC,Acute Care Hospitals,hospital_info,PN,Pneumonia,1.085,17.1628,15.819,160,33,False
340013,RUTHERFORD REGIONAL MEDICAL CENTER,RUTHERFORDTON,NC,Acute Care Hospitals,hospital_info,HIP-KNEE,Hip/knee replacement,1.0062,4.4302,4.4028,,,True
340014,NOVANT HEALTH FORSYTH MEDICAL CENTER,WINSTON-SALEM,NC,Acute Care Hospitals,hospital_info,CABG,Coronary artery bypass graft surgery,1.0094,9.4619,9.3737,156,15,False
340017,PARDEE HOSPITAL HENDERSON COUNTY,HENDERSONVILLE,NC,Acute Care Hospitals,hospital_info,AMI,Heart attack,1.0053,11.8203,11.7583,167,20,False
340020,CENTRAL CAROLINA HOSPITAL,SANFORD,NC,Acute Care Hospitals,hospital_info,HF,Heart failure,1.083,20.805,19.2099,150,37,False
340020,CENTRAL CAROLINA HOSPITAL,SANFORD,NC,Acute Care Hospitals,hospital_info,PN,Pneumonia,1.0094,16.2122,16.0605,138,23,False
340021,ATRIUM HEALTH CLEVELAND,SHELBY,NC,Acute Care Hospitals,hospital_info,HF,Heart failure,1.0411,19.4762,18.7068,401,81,False
340021,ATRIUM HEALTH CLEVELAND,SHELBY,NC,Acute Care Hospitals,hospital_info,HIP-KNEE,Hip/knee replacement,1.0707,4.6486,4.3416,,,True
340024,SAMPSON REGIONAL MEDICAL CENTER,CLINTON,NC,Acute Care Hospitals,hospital_info,COPD,Chronic obstructive pulmonary disease,1.0223,16.0962,15.745,,,True
340024,SAMPSON REGIONAL MEDICAL CENTER,CLINTON,NC,Acute Care Hospitals,hospital_info,HF,Heart failure,1.1102,20.4643,18.4332,100,28,False
340024,SAMPSON REGIONAL MEDICAL CENTER,CLINTON,NC,Acute Care Hospitals,hospital_info,PN,Pneumonia,1.0373,15.6744,15.1107,163,28,False
340027,UNC LENOIR HEALTH CARE,KINSTON,NC,Acute Care Hospitals,hospital_info,HF,Heart failure,1.0492,20.5519,19.5888,270,59,False
340028,CAPE FEAR VALLEY MEDICAL CENTER,FAYETTEVILLE,NC,Acute Care Hospitals,hospital_info,AMI,Heart attack,1.0156,13.1793,12.977,252,34,False
340028,CAPE FEAR VALLEY MEDICAL CENTER,FAYETTEVILLE,NC,Acute Care Hospitals,hospital_info,COPD,Chronic obstructive pulmonary disease,1.0409,20.8524,20.0328,297,65,False
340028,CAPE FEAR VALLEY MEDICAL CENTER,FAYETTEVILLE,NC,Acute Care Hospitals,hospital_info,HF,Heart failure,1.0818,22.348,20.6578,730,169,False
340028,CAPE FEAR VALLEY MEDICAL CENTER,FAYETTEVILLE,NC,Acute Care Hospitals,hospital_info,PN,Pneumonia,1.1016,18.6074,16.8911,620,122,False
340030,DUKE UNIVERSITY HOSPITAL,DURHAM,NC,Acute Care Hospitals,hospital_info,COPD,Chronic obstructive pulmonary disease,1.0097,18.1928,18.0184,172,32,False
340032,CAROMONT REGIONAL MEDICAL CENTER,GASTONIA,NC,Acute Care Hospitals,hospital_info,AMI,Heart attack,1.0764,13.6019,12.6368,230,35,False
340032,CAROMONT REGIONAL MEDICAL CENTER,GASTONIA,NC,Acute Care Hospitals,hospital_info,COPD,Chronic obstructive pulmonary disease,1.0515,20.029,19.0489,226,49,False
340032,CAROMONT REGIONAL MEDICAL CENTER,GASTONIA,NC,Acute Care Hospitals,hospital_info,HF,Heart failure,1.0456,20.6003,19.7025,790,166,False
340032,CAROMONT REGIONAL MEDICAL CENTER,GASTONIA,NC,Acute Care Hospitals,hospital_info,HIP-KNEE,Hip/knee replacement,1.2476,8.0594,6.4601,,,True
340032,CAROMONT REGIONAL MEDICAL CENTER,GASTONIA,NC,Acute Care Hospitals,hospital_info,PN,Pneumonia,1.065,16.6849,15.6663,544,95,False
340039,IREDELL MEMORIAL HOSPITAL INC,STATESVILLE,NC,Acute Care Hospitals,hospital_info,HIP-KNEE,Hip/knee replacement,1.1311,4.8855,4.3192,,,True
340040,ECU HEALTH MEDICAL CENTER,GREENVILLE,NC,Acute Care Hospitals,hospital_info,CABG,Coronary artery bypass graft surgery,1.0541,11.1034,10.5336,375,43,False
340040,ECU HEALTH MEDICAL CENTER,GREENVILLE,NC,Acute Care Hospitals,hospital_info,COPD,Chronic obstructive pulmonary disease,1.0499,19.2993,18.3823,375,76,False
340040,ECU HEALTH MEDICAL CENTER,GREENVILLE,NC,Acute Care Hospitals,hospital_info,HF,Heart failure,1.016,20.0455,19.7298,1421,286,False
340040,ECU HEALTH MEDICAL CENTER,GREENVILLE,NC,Acute Care Hospitals,hospital_info,HIP-KNEE,Hip/knee replacement,1.4851,8.4078,5.6613,171,19,False
340040,ECU HEALTH MEDICAL CENTER,GREENVILLE,NC,Acute Care Hospitals,hospital_info,PN,Pneumonia,1.1021,16.8861,15.3211,743,132,False
340041,CALDWELL MEMORIAL HOSPITAL,LENOIR,NC,Acute Care Hospitals,hospital_info,AMI,Heart attack,1.0445,14.1117,13.5105,,,True
340041,CALDWELL MEMORIAL HOSPITAL,LENOIR,NC,Acute Care Hospitals,hospital_info,HIP-KNEE,Hip/knee replacement,1.1822,5.3217,4.5015,,,True
340042,ONSLOW MEMORIAL HOSPITAL,JACKSONVILLE,NC,Acute Care Hospitals,hospital_info,HF,Heart failure,1.0024,17.1731,17.1317,197,34,False
340042,ONSLOW MEMORIAL HOSPITAL,JACKSONVILLE,NC,Acute Care Hospitals,hospital_info,PN,Pneumonia,1.1315,16.9204,14.9538,306,60,False
340047,NORTH CAROLINA BAPTIST HOSPITAL,WINSTON-SALEM,NC,Acute Care Hospitals,hospital_info,AMI,Heart attack,1.0567,12.9519,12.2572,357,49,False
340047,NORTH CAROLINA BAPTIST HOSPITAL,WINSTON-SALEM,NC,Acute Care Hospitals,hospital_info,COPD,Chronic obstructive pulmonary disease,1.0066,22.2622,22.1153,101,23,False
340047,NORTH CAROLINA BAPTIST HOSPITAL,WINSTON-SALEM,NC,Acute Care Hospitals,hospital_info,PN,Pneumonia,1.037,18.5752,17.9131,261,51,False
340049,NORTH CAROLINA SPECIALTY HOSPITAL,DURHAM,NC,Acute Care Hospitals,hospital_info,HIP-KNEE,Hip/knee replacement,1.0611,4.8855,4.604,,,True
340050,SOUTHEASTERN REGIONAL MEDICAL CENTER,LUMBERTON,NC,Acute Care Hospitals,hospital_info,COPD,Chronic obstructive pulmonary disease,1.0137,18.884,18.6281,127,25,False
340050,SOUTHEASTERN REGIONAL MEDICAL CENTER,LUMBERTON,NC,Acute Care Hospitals,hospital_info,HF,Heart failure,1.1187,22.4693,20.0857,288,73,False
340050,SOUTHEASTERN REGIONAL MEDICAL CENTER,LUMBERTON,NC,Acute Care Hospitals,hospital_info,PN,Pneumonia,1.0075,15.8601,15.7425,268,43,False
340051,WATAUGA MEDICAL CENTER,BOONE,NC,Acute Care Hospitals,hospital_info,HF,Heart failure,1.0298,19.3251,18.7653,165,34,False
340051,WATAUGA MEDICAL CENTER,BOONE,NC,Acute Care Hospitals,hospital_info,HIP-KNEE,Hip/knee replacement,1.1221,6.0667,5.4064,,,True
340051,WATAUGA MEDICAL CENTER,BOONE,NC,Acute Care Hospitals,hospital_info,PN,Pneumonia,1.0049,14.8211,14.7482,180,27,False
340060,UNC ROCKINGHAM,EDEN,NC,Acute Care Hospitals,hospital_info,COPD,Chronic obstructive pulmonary disease,1.0164,15.1759,14.9315,,,True
340060,UNC ROCKINGHAM,EDEN,NC,Acute Care Hospitals,hospital_info,HF,Heart failure,1.0132,16.0349,15.8267,63,11,False
340060,UNC ROCKINGHAM,EDEN,NC,Acute Care Hospitals,hospital_info,PN,Pneumonia,1.0329,15.0354,14.5567,59,11,False
340061,UNC HOSPITALS,CHAPEL HILL,NC,Acute Care Hospitals,hospital_info,CABG,Coronary artery bypass graft surgery,1.0549,9.6002,9.1005,,,True
340061,UNC HOSPITALS,CHAPEL HILL,NC,Acute Care Hospitals,hospital_info,HIP-KNEE,Hip/knee replacement,1.0596,4.7691,4.5008,,,True
340064,WILKES REGIONAL MEDICAL CENTER,NORTH WILKESBORO,NC,Acute Care Hospitals,hospital_info,COPD,Chronic obstructive pulmonary disease,1.04,19.0333,18.3021,53,13,False
340064,WILKES REGIONAL MEDICAL CENTER,NORTH WILKESBORO,NC,Acute Care Hospitals,hospital_info,PN,Pneumonia,1.024,14.9502,14.5993,110,18,False
340068,COLUMBUS REGIONAL HEALTHCARE SYSTEM,WHITEVILLE,NC,Acute Care Hospitals,hospital_info,COPD,Chronic obstructive pulmonary disease,1.0244,18.1482,17.7154,84,17,False
340068,COLUMBUS REGIONAL HEALTHCARE SYSTEM,WHITEVILLE,NC,Acute Care Hospitals,hospital_info,HF,Heart failure,1.0293,22.1784,21.5465,112,27,False
340068,COLUMBUS REGIONAL HEALTHCARE SYSTEM,WHITEVILLE,NC,Acute Care Hospitals,hospital_info,HIP-KNEE,Hip/knee replacement,1.1822,6.0879,5.1497,,,True
340069,"WAKEMED, RALEIGH CAMPUS",RALEIGH,NC,Acute Care Hospitals,hospital_info,COPD,Chronic obstructive pulmonary disease,1.0346,18.9244,18.2917,272,54,False
340070,ALAMANCE REGIONAL MEDICAL CENTER,BURLINGTON,NC,Acute Care Hospitals,hospital_info,HF,Heart failure,1.0359,20.8928,20.1686,337,73,False
340070,ALAMANCE REGIONAL MEDICAL CENTER,BURLINGTON,NC,Acute Care Hospitals,hospital_info,HIP-KNEE,Hip/knee replacement,1.2353,6.2579,5.0659,,,True
340071,BETSY JOHNSON REGIONAL HOSPITAL,DUNN,NC,Acute Care Hospitals,hospital_info,COPD,Chronic obstructive pulmonary disease,1.0006,17.8018,17.7906,84,15,False
340071,BETSY JOHNSON REGIONAL HOSPITAL,DUNN,NC,Acute Care Hospitals,hospital_info,HF,Heart failure,1.0695,20.9704,19.607,153,37,False
340084,ATRIUM HEALTH ANSON,WADESBORO,NC,Acute Care Hospitals,hospital_info,PN,Pneumonia,1.0139,14.1453,13.9518,,,True
340087,THE MCDOWELL HOSPITAL,MARION,NC,Acute Care Hospitals,hospital_info,COPD,Chronic obstructive pulmonary disease,1.006,13.1205,13.0418,,,True
340087,THE MCDOWELL HOSPITAL,MARION,NC,Acute Care Hospitals,hospital_info,HF,Heart failure,1.0824,20.5664,19.0014,74,21,False
340090,JOHNSTON HEALTH,SMITHFIELD,NC,Acute Care Hospitals,hospital_info,AMI,Heart attack,1.0234,13.6421,13.33,94,14,False
340090,JOHNSTON HEALTH,SMITHFIELD,NC,Acute Care Hospitals,hospital_info,COPD,Chronic obstructive pulmonary disease,1.0404,19.0573,18.3178,184,38,False
340090,JOHNSTON HEALTH,SMITHFIELD,NC,Acute Care Hospitals,hospital_info,HF,Heart failure,1.0494,20.7731,19.7959,450,97,False
340091,"MOSES H. CONE MEMORIAL HOSPITAL, THE",GREENSBORO,NC,Acute Care Hospitals,hospital_info,COPD,Chronic obstructive pulmonary disease,1.0447,19.9564,19.1024,239,51,False
340091,"MOSES H. CONE MEMORIAL HOSPITAL, THE",GREENSBORO,NC,Acute Care Hospitals,hospital_info,HIP-KNEE,Hip/knee replacement,1.0556,5.2478,4.9713,255,14,False
340096,LEXINGTON MEMORIAL HOSPITAL INC,LEXINGTON,NC,Acute Care Hospitals,hospital_info,COPD,Chronic obstructive pulmonary disease,1.067,20.3756,19.0961,45,14,False
340096,LEXINGTON MEMORIAL HOSPITAL INC,LEXINGTON,NC,Acute Care Hospitals,hospital_info,HF,Heart failure,1.0309,21.1562,20.5229,136,31,False
340097,HUGH CHATHAM MEMORIAL HOSPITAL,ELKIN,NC,Acute Care Hospitals,hospital_info,COPD,Chronic obstructive pulmonary disease,1.0236,17.0224,16.6296,,,True
340097,HUGH CHATHAM MEMORIAL HOSPITAL,ELKIN,NC,Acute Care Hospitals,hospital_info,HF,Heart failure,1.0086,19.5785,19.4125,99,20,False
340097,HUGH CHATHAM MEMORIAL HOSPITAL,ELKIN,NC,Acute Care Hospitals,hospital_info,HIP-KNEE,Hip/knee replacement,1.0595,4.5352,4.2805,,,True
340097,HUGH CHATHAM MEMORIAL HOSPITAL,ELKIN,NC,Acute Care Hospitals,hospital_info,PN,Pneumonia,1.0192,15.5008,15.209,179,29,False
340098,ATRIUM HEALTH PINEVILLE,CHARLOTTE,NC,Acute Care Hospitals,hospital_info,AMI,Heart attack,1.047,11.8545,11.3219,293,37,False
340098,ATRIUM HEALTH PINEVILLE,CHARLOTTE,NC,Acute Care Hospitals,hospital_info,COPD,Chronic obstructive pulmonary disease,1.0423,17.5722,16.859,216,41,False
340098,ATRIUM HEALTH PINEVILLE,CHARLOTTE,NC,Acute Care Hospitals,hospital_info,HIP-KNEE,Hip/knee replacement,1.1462,5.4953,4.7944,190,12,False
340098,ATRIUM HEALTH PINEVILLE,CHARLOTTE,NC,Acute Care Hospitals,hospital_info,PN,Pneumonia,1.04,14.6037,14.042,763,114,False
340099,VIDANT ROANOKE CHOWAN HOSPITAL,AHOSKIE,NC,Acute Care Hospitals,hospital_info,HF,Heart failure,1.0813,20.8444,19.2779,155,38,False
340099,VIDANT ROANOKE CHOWAN HOSPITAL,AHOSKIE,NC,Acute Care Hospitals,hospital_info,PN,Pneumonia,1.0354,14.9435,14.4322,132,22,False
340107,VIDANT EDGECOMBE HOSPITAL,TARBORO,NC,Acute Care Hospitals,hospital_info,HF,Heart failure,1.1544,21.7715,18.8594,126,38,False
340109,SENTARA ALBEMARLE MEDICAL CENTER,ELIZABETH CITY,NC,Acute Care Hospitals,hospital_info,HF,Heart failure,1.0423,21.9255,21.035,369,84,False
340114,REX HOSPITAL,RALEIGH,NC,Acute Care Hospitals,hospital_info,HIP-KNEE,Hip/knee replacement,1.1217,6.069,5.4105,176,12,False
340114,REX HOSPITAL,RALEIGH,NC,Acute Care Hospitals,hospital_info,PN,Pneumonia,1.0065,14.8344,14.738,651,97,False
340115,FIRSTHEALTH MOORE REGIONAL HOSPITAL,PINEHURST,NC,Acute Care Hospitals,hospital_info,AMI,Heart attack,1.0429,13.2374,12.6935,339,47,False
340115,FIRSTHEALTH MOORE REGIONAL HOSPITAL,PINEHURST,NC,Acute Care Hospitals,hospital_info,CABG,Coronary artery bypass graft surgery,1.0458,11.2661,10.7726,114,14,False
340115,FIRSTHEALTH MOORE REGIONAL HOSPITAL,PINEHURST,NC,Acute Care Hospitals,hospital_info,HIP-KNEE,Hip/knee replacement,1.233,6.2912,5.1024,200,15,False
340115,FIRSTHEALTH MOORE REGIONAL HOSPITAL,PINEHURST,NC,Acute Care Hospitals,hospital_info,PN,Pneumonia,1.0192,15.3244,15.0356,938,145,False
340116,FRYE REGIONAL MEDICAL CENTER,HICKORY,NC,Acute Care Hospitals,hospital_info,AMI,Heart attack,1.0107,12.7403,12.6057,192,25,False
340116,FRYE REGIONAL MEDICAL CENTER,HICKORY,NC,Acute Care Hospitals,hospital_info,CABG,Coronary artery bypass graft surgery,1.1115,10.4351,9.3881,89,12,False
340116,FRYE REGIONAL MEDICAL CENTER,HICKORY,NC,Acute Care Hospitals,hospital_info,COPD,Chronic obstructive pulmonary disease,1.0409,16.9108,16.247,119,23,False
340116,FRYE REGIONAL MEDICAL CENTER,HICKORY,NC,Acute Care Hospitals,hospital_info,HF,Heart failure,1.0296,19.1964,18.6439,260,52,False
340116,FRYE REGIONAL MEDICAL CENTER,HICKORY,NC,Acute Care Hospitals,hospital_info,PN,Pneumonia,1.0083,14.7902,14.6682,402,60,False
340119,STANLY REGIONAL MEDICAL CENTER,ALBEMARLE,NC,Acute Care Hospitals,hospital_info,COPD,Chronic obstructive pulmonary disease,1.0661,20.2077,18.9539,65,18,False
340120,VIDANT DUPLIN HOSPITAL,KENANSVILLE,NC,Acute Care Hospitals,hospital_info,COPD,Chronic obstructive pulmonary disease,1.032,21.1293,20.4742,50,13,False
340120,VIDANT DUPLIN HOSPITAL,KENANSVILLE,NC,Acute Care Hospitals,hospital_info,HF,Heart failure,1.0707,19.8203,18.5108,187,42,False
340126,WILSON MEDICAL CENTER,WILSON,NC,Acute Care Hospitals,hospital_info,COPD,Chronic obstructive pulmonary disease,1.0446,17.8519,17.0894,111,23,False
340126,WILSON MEDICAL CENTER,WILSON,NC,Acute Care Hospitals,hospital_info,HF,Heart failure,1.0119,19.2815,19.0541,286,56,False
340126,WILSON MEDICAL CENTER,WILSON,NC,Acute Care Hospitals,hospital_info,PN,Pneumonia,1.1144,17.4567,15.664,302,60,False
340127,GRANVILLE HEALTH SYSTEMS,OXFORD,NC,Acute Care Hospitals,hospital_info,PN,Pneumonia,1.0186,15.6194,15.3339,101,17,False
340129,DUKE HEALTH LAKE NORMAN HOSPITAL,MOORESVILLE,NC,Acute Care Hospitals,hospital_info,AMI,Heart attack,1.0722,12.3105,11.481,,,True
340129,DUKE HEALTH LAKE NORMAN HOSPITAL,MOORESVILLE,NC,Acute Care Hospitals,hospital_info,HF,Heart failure,1.056,19.4974,18.464,144,32,False
340129,DUKE HEALTH LAKE NORMAN HOSPITAL,MOORESVILLE,NC,Acute Care Hospitals,hospital_info,HIP-KNEE,Hip/knee replacement,1.2015,5.7879,4.8173,,,True
340129,DUKE HEALTH LAKE NORMAN HOSPITAL,MOORESVILLE,NC,Acute Care Hospitals,hospital_info,PN,Pneumonia,1.0602,15.0025,14.1503,181,31,False
340130,ATRIUM HEALTH UNION,MONROE,NC,Acute Care Hospitals,hospital_info,AMI,Heart attack,1.0107,12.466,12.3338,84,11,False
340130,ATRIUM HEALTH UNION,MONROE,NC,Acute Care Hospitals,hospital_info,HF,Heart failure,1.0559,19.4745,18.4434,478,97,False
340130,ATRIUM HEALTH UNION,MONROE,NC,Acute Care Hospitals,hospital_info,HIP-KNEE,Hip/knee replacement,1.0828,5.822,5.377,,,True
340131,CAROLINA EAST MEDICAL CENTER,NEW BERN,NC,Acute Care Hospitals,hospital_info,AMI,Heart attack,1.0169,12.3074,12.1031,302,38,False
340131,CAROLINA EAST MEDICAL CENTER,NEW BERN,NC,Acute Care Hospitals,hospital_info,CABG,Coronary artery bypass graft surgery,1.0411,10.1626,9.7617,167,18,False
340131,CAROLINA EAST MEDICAL CENTER,NEW BERN,NC,Acute Care Hospitals,hospital_info,HIP-KNEE,Hip/knee replacement,1.0575,6.081,5.7501,,,True
340132,MARIA PARHAM MEDICAL CENTER,HENDERSON,NC,Acute Care Hospitals,hospital_info,COPD,Chronic obstructive pulmonary disease,1.1083,20.228,18.252,80,24,False
340132,MARIA PARHAM MEDICAL CENTER,HENDERSON,NC,Acute Care Hospitals,hospital_info,HF,Heart failure,1.0609,21.3431,20.1175,78,21,False
340141,NOVANT HEALTH NEW HANOVER REGIONAL MEDICAL CENTER,WILMINGTON,NC,Acute Care Hospitals,hospital_info,AMI,Heart attack,1.0145,11.8878,11.7179,709,85,False
340141,NOVANT HEALTH NEW HANOVER REGIONAL MEDICAL CENTER,WILMINGTON,NC,Acute Care Hospitals,hospital_info,COPD,Chronic obstructive pulmonary disease,1.0055,17.8866,17.7884,322,58,False
340142,CARTERET GENERAL HOSPITAL,MOREHEAD CITY,NC,Acute Care Hospitals,hospital_info,AMI,Heart attack,1.0542,12.8675,12.206,65,11,False
340142,CARTERET GENERAL HOSPITAL,MOREHEAD CITY,NC,Acute Care Hospitals,hospital_info,COPD,Chronic obstructive pulmonary disease,1.1048,17.4862,15.8276,159,35,False
340142,CARTERET GENERAL HOSPITAL,MOREHEAD CITY,NC,Acute Care Hospitals,hospital_info,HF,Heart failure,1.0751,19.0648,17.7328,340,70,False
340142,CARTERET GENERAL HOSPITAL,MOREHEAD CITY,NC,Acute Care Hospitals,hospital_info,HIP-KNEE,Hip/knee replacement,1.0212,4.1835,4.0965,329,14,False
340142,CARTERET GENERAL HOSPITAL,MOREHEAD CITY,NC,Acute Care Hospitals,hospital_info,PN,Pneumonia,1.0402,13.9122,13.3747,413,60,False
340143,CATAWBA VALLEY MEDICAL CENTER,HICKORY,NC,Acute Care Hospitals,hospital_info,AMI,Heart attack,1.007,12.1079,12.0243,88,11,False
340145,ATRIUM HEALTH LINCOLN,LINCOLNTON,NC,Acute Care Hospitals,hospital_info,HF,Heart failure,1.0477,18.3842,17.5475,216,43,False
340145,ATRIUM HEALTH LINCOLN,LINCOLNTON,NC,Acute Care Hospitals,hospital_info,PN,Pneumonia,1.0023,15.2182,15.1836,275,42,False
340147,UNC HEALTH NASH,ROCKY MOUNT,NC,Acute Care Hospitals,hospital_info,AMI,Heart attack,1.0282,13.7322,13.3561,128,19,False
340147,UNC HEALTH NASH,ROCKY MOUNT,NC,Acute Care Hospitals,hospital_info,COPD,Chronic obstructive pulmonary disease,1.0193,18.0323,17.6912,153,29,False
340147,UNC HEALTH NASH,ROCKY MOUNT,NC,Acute Care Hospitals,hospital_info,HF,Heart failure,1.0946,22.0001,20.0979,515,120,False
340151,ECU HEALTH NORTH HOSPITAL,ROANOKE RAPIDS,NC,Acute Care Hospitals,hospital_info,COPD,Chronic obstructive pulmonary disease,1.0359,18.2466,17.614,79,17,False
340151,ECU HEALTH NORTH HOSPITAL,ROANOKE RAPIDS,NC,Acute Care Hospitals,hospital_info,PN,Pneumonia,1.0873,17.2406,15.8561,176,36,False
340155,DUKE REGIONAL HOSPITAL,DURHAM,NC,Acute Care Hospitals,hospital_info,AMI,Heart attack,1.0563,15.986,15.1342,126,23,False
340155,DUKE REGIONAL HOSPITAL,DURHAM,NC,Acute Care Hospitals,hospital_info,CABG,Coronary artery bypass graft surgery,1.0831,11.0129,10.1678,,,True
340155,DUKE REGIONAL HOSPITAL,DURHAM,NC,Acute Care Hospitals,hospital_info,COPD,Chronic obstructive pulmonary disease,1.0009,19.701,19.6828,157,31,False
340158,NOVANT HEALTH BRUNSWICK MEDICAL CENTER,SUPPLY,NC,Acute Care Hospitals,hospital_info,COPD,Chronic obstructive pulmonary disease,1.0535,17.6245,16.7297,109,23,False
340158,NOVANT HEALTH BRUNSWICK MEDICAL CENTER,SUPPLY,NC,Acute Care Hospitals,hospital_info,HF,Heart failure,1.0007,18.928,18.9143,322,61,False
340159,PERSON MEMORIAL HOSPITAL,ROXBORO,NC,Acute Care Hospitals,hospital_info,HF,Heart failure,1.0699,19.2673,18.0091,58,16,False
340166,ATRIUM HEALTH UNIVERSITY CITY,CHARLOTTE,NC,Acute Care Hospitals,hospital_info,COPD,Chronic obstructive pulmonary disease,1.0596,18.5347,17.4914,36,11,False
340171,NOVANT HEALTH MATTHEWS MEDICAL CENTER,MATTHEWS,NC,Acute Care Hospitals,hospital_info,AMI,Heart attack,1.0732,13.0964,12.2027,141,22,False
340171,NOVANT HEALTH MATTHEWS MEDICAL CENTER,MATTHEWS,NC,Acute Care Hospitals,hospital_info,HIP-KNEE,Hip/knee replacement,1.0683,5.6762,5.3132,,,True
340173,"WAKEMED, CARY HOSPITAL",CARY,NC,Acute Care Hospitals,hospital_info,COPD,Chronic obstructive pulmonary disease,1.0302,18.231,17.6966,180,35,False
340183,NOVANT HEALTH HUNTERSVILLE MEDICAL CENTER,HUNTERSVILLE,NC,Acute Care Hospitals,hospital_info,HF,Heart failure,1.0312,19.5077,18.9177,327,66,False
340184,HAYWOOD REGIONAL MEDICAL CENTER,CLYDE,NC,Acute Care Hospitals,hospital_info,AMI,Heart attack,1.0243,10.7166,10.462,,,True
340184,HAYWOOD REGIONAL MEDICAL CENTER,CLYDE,NC,Acute Care Hospitals,hospital_info,COPD,Chronic obstructive pulmonary disease,1.0018,15.3505,15.3236,136,21,False
340188,CAPE FEAR VALLEY HOKE HOSPITAL,RAEFORD,NC,Acute Care Hospitals,hospital_info,HF,Heart failure,1.0263,18.1684,17.703,78,16,False
340188,CAPE FEAR VALLEY HOKE HOSPITAL,RAEFORD,NC,Acute Care Hospitals,hospital_info,PN,Pneumonia,1.0629,14.715,13.8437,68,14,False
350002,CHI ST ALEXIUS HEALTH,BISMARCK,ND,Acute Care Hospitals,hospital_info,HIP-KNEE,Hip/knee replacement,1.0069,7.5368,7.4855,,,True
350006,TRINITY HOSPITALS,MINOT,ND,Acute Care Hospitals,hospital_info,COPD,Chronic obstructive pulmonary disease,1.0529,20.7,19.66,97,24,False
350011,SANFORD MEDICAL CENTER FARGO,FARGO,ND,Acute Care Hospitals,hospital_info,CABG,Coronary artery bypass graft surgery,1.0102,10.1527,10.0506,224,23,False
350015,SANFORD MEDICAL CENTER BISMARCK,BISMARCK,ND,Acute Care Hospitals,hospital_info,CABG,Coronary artery bypass graft surgery,1.0694,9.3709,8.7626,110,12,False
350063,P H S INDIAN HOSP AT BELCOURT-QUENTIN N BURDICK,BELCOURT,ND,Acute Care Hospitals,hospital_info,COPD,Chronic obstructive pulmonary disease,1.0525,14.789,14.0513,,,True
350070,ESSENTIA HEALTH,FARGO,ND,Acute Care Hospitals,hospital_info,CABG,Coronary artery bypass graft surgery,1.0793,11.3216,10.4902,,,True
360001,MERCY HEALTH-ANDERSON HOSPITAL,CINCINNATI,OH,Acute Care Hospitals,hospital_info,AMI,Heart attack,1.075,14.6717,13.6481,145,25,False
360001,MERCY HEALTH-ANDERSON HOSPITAL,CINCINNATI,OH,Acute Care Hospitals,hospital_info,CABG,Coronary artery bypass graft surgery,1.147,12.3317,10.7515,60,11,False
360002,UNIVERSITY HOSPITALS SAMARITAN MEDICAL CENTER,ASHLAND,OH,Acute Care Hospitals,hospital_info,COPD,Chronic obstructive pulmonary disease,1.0197,18.006,17.6579,53,11,False
360002,UNIVERSITY HOSPITALS SAMARITAN MEDICAL CENTER,ASHLAND,OH,Acute Care Hospitals,hospital_info,HF,Heart failure,1.0251,19.503,19.0257,119,25,False
360002,UNIVERSITY HOSPITALS SAMARITAN MEDICAL CENTER,ASHLAND,OH,Acute Care Hospitals,hospital_info,PN,Pneumonia,1.0086,15.4079,15.276,178,28,False
360003,"UNIVERSITY OF CINCINNATI MEDICAL CENTER, LLC",CINCINNATI,OH,Acute Care Hospitals,hospital_info,AMI,Heart attack,1.015,14.8606,14.6404,89,14,False
360003,"UNIVERSITY OF CINCINNATI MEDICAL CENTER, LLC",CINCINNATI,OH,Acute Care Hospitals,hospital_info,COPD,Chronic obstructive pulmonary disease,1.0034,19.9345,19.8661,94,19,False
360003,"UNIVERSITY OF CINCINNATI MEDICAL CENTER, LLC",CINCINNATI,OH,Acute Care Hospitals,hospital_info,PN,Pneumonia,1.125,19.5866,17.4106,188,45,False
360006,RIVERSIDE METHODIST HOSPITAL,COLUMBUS,OH,Acute Care Hospitals,hospital_info,AMI,Heart attack,1.0211,13.4723,13.1935,675,92,False
360006,RIVERSIDE METHODIST HOSPITAL,COLUMBUS,OH,Acute Care Hospitals,hospital_info,HIP-KNEE,Hip/knee replacement,1.0242,6.8455,6.6839,,,True
360008,SOUTHERN OHIO MEDICAL CENTER,PORTSMOUTH,OH,Acute Care Hospitals,hospital_info,HF,Heart failure,1.0566,21.4581,20.3094,475,106,False
360009,LIMA MEMORIAL HEALTH SYSTEM,LIMA,OH,Acute Care Hospitals,hospital_info,AMI,Heart attack,1.1246,15.2853,13.5921,124,25,False
360009,LIMA MEMORIAL HEALTH SYSTEM,LIMA,OH,Acute Care Hospitals,hospital_info,CABG,Coronary artery bypass graft surgery,1.0689,10.5737,9.8917,88,11,False
360009,LIMA MEMORIAL HEALTH SYSTEM,LIMA,OH,Acute Care Hospitals,hospital_info,COPD,Chronic obstructive pulmonary disease,1.0522,18.2401,17.3359,133,28,False
360009,LIMA MEMORIAL HEALTH SYSTEM,LIMA,OH,Acute Care Hospitals,hospital_info,HF,Heart failure,1.0544,21.1836,20.091,312,70,False
360010,UNION HOSPITAL,DOVER,OH,Acute Care Hospitals,hospital_info,COPD,Chronic obstructive pulmonary disease,1.0867,19.7545,18.1786,85,23,False
360011,MARION GENERAL HOSPITAL,MARION,OH,Acute Care Hospitals,hospital_info,HF,Heart failure,1.071,21.4501,20.0289,424,96,False
360012,MOUNT CARMEL ST ANN'S,WESTERVILLE,OH,Acute Care Hospitals,hospital_info,AMI,Heart attack,1.0605,14.5179,13.6895,117,20,False
360012,MOUNT CARMEL ST ANN'S,WESTERVILLE,OH,Acute Care Hospitals,hospital_info,HIP-KNEE,Hip/knee replacement,1.0676,5.5197,5.1702,,,True
360013,WILSON MEMORIAL HOSPITAL,SIDNEY,OH,Acute Care Hospitals,hospital_info,AMI,Heart attack,1.0196,10.9776,10.7661,,,True
360013,WILSON MEMORIAL HOSPITAL,SIDNEY,OH,Acute Care Hospitals,hospital_info,COPD,Chronic obstructive pulmonary disease,1.0135,17.1262,16.8978,,,True
360013,WILSON MEMORIAL HOSPITAL,SIDNEY,OH,Acute Care Hospitals,hospital_info,HF,Heart failure,1.0046,16.1892,16.1157,66,11,False
360014,OHIOHEALTH O'BLENESS HOSPITAL,ATHENS,OH,Acute Care Hospitals,hospital_info,PN,Pneumonia,1.0388,17.487,16.8337,214,40,False
360016,THE JEWISH HOSPITAL-MERCY HEALTH,CINCINNATI,OH,Acute Care Hospitals,hospital_info,AMI,Heart attack,1.0805,13.3942,12.3959,68,13,False
360016,THE JEWISH HOSPITAL-MERCY HEALTH,CINCINNATI,OH,Acute Care Hospitals,hospital_info,CABG,Coronary artery bypass graft surgery,1.0284,12.9985,12.6391,,,True
360016,THE JEWISH HOSPITAL-MERCY HEALTH,CINCINNATI,OH,Acute Care Hospitals,hospital_info,HIP-KNEE,Hip/knee replacement,1.3086,7.0825,5.4125,,,True
360016,THE JEWISH HOSPITAL-MERCY HEALTH,CINCINNATI,OH,Acute Care Hospitals,hospital_info,PN,Pneumonia,1.0479,16.5661,15.8093,325,57,False
360017,GRANT MEDICAL CENTER,COLUMBUS,OH,Acute Care Hospitals,hospital_info,HF,Heart failure,1.0624,21.8977,20.6122,322,75,False
360017,GRANT MEDICAL CENTER,COLUMBUS,OH,Acute Care Hospitals,hospital_info,PN,Pneumonia,1.0411,17.6227,16.9268,285,53,False
360020,SUMMA HEALTH SYSTEM,AKRON,OH,Acute Care Hospitals,hospital_info,AMI,Heart attack,1.1357,13.8483,12.1935,163,29,False
360020,SUMMA HEALTH SYSTEM,AKRON,OH,Acute Care Hospitals,hospital_info,CABG,Coronary artery bypass graft surgery,1.1053,10.231,9.2562,,,True
360020,SUMMA HEALTH SYSTEM,AKRON,OH,Acute Care Hospitals,hospital_info,HIP-KNEE,Hip/knee replacement,1.0536,7.0376,6.6798,,,True
360020,SUMMA HEALTH SYSTEM,AKRON,OH,Acute Care Hospitals,hospital_info,PN,Pneumonia,1.0691,18.0386,16.8733,407,78,False
360025,FIRELANDS REGIONAL MEDICAL CENTER,SANDUSKY,OH,Acute Care Hospitals,hospital_info,COPD,Chronic obstructive pulmonary disease,1.0271,16.1673,15.7414,149,26,False
360025,FIRELANDS REGIONAL MEDICAL CENTER,SANDUSKY,OH,Acute Care Hospitals,hospital_info,HF,Heart failure,1.0042,17.7442,17.6697,359,64,False
360026,KETTERING HEALTH GREENE MEMORIAL,XENIA,OH,Acute Care Hospitals,hospital_info,HF,Heart failure,1.0171,19.5644,19.2354,50,11,False
360027,AKRON GENERAL MEDICAL CENTER,AKRON,OH,Acute Care Hospitals,hospital_info,HIP-KNEE,Hip/knee replacement,1.0252,5.9652,5.8184,,,True
360029,WOOD COUNTY HOSPITAL,BOWLING GREEN,OH,Acute Care Hospitals,hospital_info,COPD,Chronic obstructive pulmonary disease,1.0023,15.3263,15.2909,,,True
360029,WOOD COUNTY HOSPITAL,BOWLING GREEN,OH,Acute Care Hospitals,hospital_info,HIP-KNEE,Hip/knee replacement,1.0925,4.3737,4.0034,,,True
360029,WOOD COUNTY HOSPITAL,BOWLING GREEN,OH,Acute Care Hospitals,hospital_info,PN,Pneumonia,1.0478,14.7516,14.0792,74,14,False
360035,MOUNT CARMEL EAST & WEST,COLUMBUS,OH,Acute Care Hospitals,hospital_info,AMI,Heart attack,1.0342,12.6364,12.2182,232,31,False
360035,MOUNT CARMEL EAST & WEST,COLUMBUS,OH,Acute Care Hospitals,hospital_info,COPD,Chronic obstructive pulmonary disease,1.0164,18.8832,18.5783,163,32,False
360035,MOUNT CARMEL EAST & WEST,COLUMBUS,OH,Acute Care Hospitals,hospital_info,HIP-KNEE,Hip/knee replacement,1.0239,6.9873,6.8243,,,True
360035,MOUNT CARMEL EAST & WEST,COLUMBUS,OH,Acute Care Hospitals,hospital_info,PN,Pneumonia,1.0974,16.8142,15.3215,516,93,False
360036,WOOSTER COMMUNITY HOSPITAL,WOOSTER,OH,Acute Care Hospitals,hospital_info,COPD,Chronic obstructive pulmonary disease,1.0335,17.7745,17.1978,82,17,False
360036,WOOSTER COMMUNITY HOSPITAL,WOOSTER,OH,Acute Care Hospitals,hospital_info,HF,Heart failure,1.0034,18.3688,18.3068,211,39,False
360039,GENESIS HOSPITAL,ZANESVILLE,OH,Acute Care Hospitals,hospital_info,COPD,Chronic obstructive pulmonary disease,1.0092,19.4581,19.2799,202,40,False
360040,KNOX COMMUNITY HOSPITAL,MOUNT VERNON,OH,Acute Care Hospitals,hospital_info,AMI,Heart attack,1.007,12.3835,12.2969,86,11,False
360040,KNOX COMMUNITY HOSPITAL,MOUNT VERNON,OH,Acute Care Hospitals,hospital_info,HF,Heart failure,1.0294,19.621,19.0598,183,38,False
360041,PARMA COMMUNITY GENERAL HOSPITAL,PARMA,OH,Acute Care Hospitals,hospital_info,AMI,Heart attack,1.0947,13.7586,12.568,177,29,False
360041,PARMA COMMUNITY GENERAL HOSPITAL,PARMA,OH,Acute Care Hospitals,hospital_info,CABG,Coronary artery bypass graft surgery,1.1793,12.7824,10.8392,52,11,False
360041,PARMA COMMUNITY GENERAL HOSPITAL,PARMA,OH,Acute Care Hospitals,hospital_info,COPD,Chronic obstructive pulmonary disease,1.0146,18.4104,18.1446,119,23,False
360041,PARMA COMMUNITY GENERAL HOSPITAL,PARMA,OH,Acute Care Hospitals,hospital_info,PN,Pneumonia,1.0795,16.7574,15.5238,399,72,False
360046,MCCULLOUGH-HYDE MEMORIAL HOSPITAL,OXFORD,OH,Acute Care Hospitals,hospital_info,HF,Heart failure,1.0336,18.4719,17.8716,74,16,False
360046,MCCULLOUGH-HYDE MEMORIAL HOSPITAL,OXFORD,OH,Acute Care Hospitals,hospital_info,HIP-KNEE,Hip/knee replacement,1.0188,5.5777,5.4748,,,True
360046,MCCULLOUGH-HYDE MEMORIAL HOSPITAL,OXFORD,OH,Acute Care Hospitals,hospital_info,PN,Pneumonia,1.0743,16.5301,15.3872,86,19,False
360048,UNIVERSITY OF TOLEDO MEDICAL CENTER,TOLEDO,OH,Acute Care Hospitals,hospital_info,AMI,Heart attack,1.0109,16.1407,15.9669,77,13,False
360048,UNIVERSITY OF TOLEDO MEDICAL CENTER,TOLEDO,OH,Acute Care Hospitals,hospital_info,CABG,Coronary artery bypass graft surgery,1.0768,11.0279,10.2416,,,True
360048,UNIVERSITY OF TOLEDO MEDICAL CENTER,TOLEDO,OH,Acute Care Hospitals,hospital_info,HF,Heart failure,1.0268,21.9447,21.371,155,36,False
360048,UNIVERSITY OF TOLEDO MEDICAL CENTER,TOLEDO,OH,Acute Care Hospitals,hospital_info,PN,Pneumonia,1.0075,17.9618,17.8274,114,21,False
360051,MIAMI VALLEY HOSPITAL,DAYTON,OH,Acute Care Hospitals,hospital_info,AMI,Heart attack,1.1843,15.235,12.8637,337,60,False
360051,MIAMI VALLEY HOSPITAL,DAYTON,OH,Acute Care Hospitals,hospital_info,HF,Heart failure,1.021,20.0291,19.6171,986,199,False
360051,MIAMI VALLEY HOSPITAL,DAYTON,OH,Acute Care Hospitals,hospital_info,HIP-KNEE,Hip/knee replacement,1.1904,7.0177,5.8953,,,True
360051,MIAMI VALLEY HOSPITAL,DAYTON,OH,Acute Care Hospitals,hospital_info,PN,Pneumonia,1.0649,16.1972,15.2094,684,115,False
360055,INSIGHT HOSPITAL AND MEDICAL CENTER TRUMBULL,WARREN,OH,Acute Care Hospitals,hospital_info,AMI,Heart attack,1.0271,14.763,14.3729,160,25,False
360055,INSIGHT HOSPITAL AND MEDICAL CENTER TRUMBULL,WARREN,OH,Acute Care Hospitals,hospital_info,COPD,Chronic obstructive pulmonary disease,1.0508,20.9616,19.9478,87,22,False
360055,INSIGHT HOSPITAL AND MEDICAL CENTER TRUMBULL,WARREN,OH,Acute Care Hospitals,hospital_info,HF,Heart failure,1.0221,19.6502,19.2257,221,45,False
360055,INSIGHT HOSPITAL AND MEDICAL CENTER TRUMBULL,WARREN,OH,Acute Care Hospitals,hospital_info,PN,Pneumonia,1.0476,17.4971,16.7017,199,38,False
360056,MERCY HEALTH - FAIRFIELD HOSPITAL,FAIRFIELD,OH,Acute Care Hospitals,hospital_info,AMI,Heart attack,1.0197,14.6282,14.3451,123,19,False
360056,MERCY HEALTH - FAIRFIELD HOSPITAL,FAIRFIELD,OH,Acute Care Hospitals,hospital_info,CABG,Coronary artery bypass graft surgery,1.0415,10.8206,10.3898,,,True
360056,MERCY HEALTH - FAIRFIELD HOSPITAL,FAIRFIELD,OH,Acute Care Hospitals,hospital_info,HF,Heart failure,1.029,20.5882,20.0084,427,90,False
360056,MERCY HEALTH - FAIRFIELD HOSPITAL,FAIRFIELD,OH,Acute Care Hospitals,hospital_info,PN,Pneumonia,1.0361,16.5088,15.9337,349,60,False
360058,MERCER COUNTY JOINT TOWNSHIP COMMUNITY HOSPITAL,COLDWATER,OH,Acute Care Hospitals,hospital_info,COPD,Chronic obstructive pulmonary disease,1.0071,16.2879,16.1724,,,True
360059,METROHEALTH SYSTEM,CLEVELAND,OH,Acute Care Hospitals,hospital_info,AMI,Heart attack,1.0346,14.5879,14.1005,77,13,False
360059,METROHEALTH SYSTEM,CLEVELAND,OH,Acute Care Hospitals,hospital_info,HF,Heart failure,1.0824,22.2293,20.5375,302,73,False
360059,METROHEALTH SYSTEM,CLEVELAND,OH,Acute Care Hospitals,hospital_info,PN,Pneumonia,1.0878,16.9824,15.6113,214,42,False
360064,MH ST ELIZABETH YOUNGSTOWN HOSPITAL,YOUNGSTOWN,OH,Acute Care Hospitals,hospital_info,CABG,Coronary artery bypass graft surgery,1.0189,13.0716,12.8295,88,12,False
360064,MH ST ELIZABETH YOUNGSTOWN HOSPITAL,YOUNGSTOWN,OH,Acute Care Hospitals,hospital_info,HF,Heart failure,1.0996,21.8144,19.8387,550,127,False
360064,MH ST ELIZABETH YOUNGSTOWN HOSPITAL,YOUNGSTOWN,OH,Acute Care Hospitals,hospital_info,PN,Pneumonia,1.0514,17.6878,16.8234,382,71,False
360065,FISHER-TITUS HOSPITAL,NORWALK,OH,Acute Care Hospitals,hospital_info,COPD,Chronic obstructive pulmonary disease,1.0812,18.8747,17.4569,150,34,False
360065,FISHER-TITUS HOSPITAL,NORWALK,OH,Acute Care Hospitals,hospital_info,HF,Heart failure,1.0921,20.3726,18.6548,165,40,False
360066,MERCY HEALTH ST RITAS MEDICAL CENTER,LIMA,OH,Acute Care Hospitals,hospital_info,CABG,Coronary artery bypass graft surgery,1.0423,11.4277,10.9636,,,True
360066,MERCY HEALTH ST RITAS MEDICAL CENTER,LIMA,OH,Acute Care Hospitals,hospital_info,HIP-KNEE,Hip/knee replacement,1.0294,8.1173,7.8857,,,True
360068,PROMEDICA TOLEDO HOSPITAL,TOLEDO,OH,Acute Care Hospitals,hospital_info,HIP-KNEE,Hip/knee replacement,1.1047,7.5242,6.8109,,,True
360070,MERCY MEDICAL CENTER,CANTON,OH,Acute Care Hospitals,hospital_info,CABG,Coronary artery bypass graft surgery,1.0808,9.879,9.1406,,,True
360070,MERCY MEDICAL CENTER,CANTON,OH,Acute Care Hospitals,hospital_info,COPD,Chronic obstructive pulmonary disease,1.0236,17.1806,16.7853,159,29,False
360070,MERCY MEDICAL CENTER,CANTON,OH,Acute Care Hospitals,hospital_info,HF,Heart failure,1.1138,21.9696,19.7257,337,82,False
360071,VAN WERT COUNTY HOSPITAL,VAN WERT,OH,Acute Care Hospitals,hospital_info,HF,Heart failure,1.0104,20.6766,20.4641,,,True
360072,FAIRFIELD MEDICAL CENTER,LANCASTER,OH,Acute Care Hospitals,hospital_info,AMI,Heart attack,1.068,11.9266,11.167,132,19,False
360072,FAIRFIELD MEDICAL CENTER,LANCASTER,OH,Acute Care Hospitals,hospital_info,CABG,Coronary artery bypass graft surgery,1.0614,10.8152,10.19,,,True
360072,FAIRFIELD MEDICAL CENTER,LANCASTER,OH,Acute Care Hospitals,hospital_info,HF,Heart failure,1.0436,19.3512,18.5426,351,71,False
360072,FAIRFIELD MEDICAL CENTER,LANCASTER,OH,Acute Care Hospitals,hospital_info,HIP-KNEE,Hip/knee replacement,1.6297,9.527,5.8459,,,True
360072,FAIRFIELD MEDICAL CENTER,LANCASTER,OH,Acute Care Hospitals,hospital_info,PN,Pneumonia,1.0253,15.6237,15.2376,367,59,False
360075,UH REGIONAL HOSPITALS,CHARDON,OH,Acute Care Hospitals,hospital_info,AMI,Heart attack,1.0083,12.4509,12.3488,85,11,False
360075,UH REGIONAL HOSPITALS,CHARDON,OH,Acute Care Hospitals,hospital_info,PN,Pneumonia,1.0334,18.0494,17.4669,270,51,False
360076,ATRIUM MEDICAL CENTER,FRANKLIN,OH,Acute Care Hospitals,hospital_info,AMI,Heart attack,1.0736,14.4553,13.464,113,20,False
360076,ATRIUM MEDICAL CENTER,FRANKLIN,OH,Acute Care Hospitals,hospital_info,CABG,Coronary artery bypass graft surgery,1.0995,11.8447,10.7731,,,True
360076,ATRIUM MEDICAL CENTER,FRANKLIN,OH,Acute Care Hospitals,hospital_info,PN,Pneumonia,1.0207,16.2915,15.9605,280,47,False
360077,FAIRVIEW HOSPITAL,CLEVELAND,OH,Acute Care Hospitals,hospital_info,AMI,Heart attack,1.0074,14.1491,14.0448,280,40,False
360077,FAIRVIEW HOSPITAL,CLEVELAND,OH,Acute Care Hospitals,hospital_info,HIP-KNEE,Hip/knee replacement,1.1115,6.3364,5.7009,,,True
360077,FAIRVIEW HOSPITAL,CLEVELAND,OH,Acute Care Hospitals,hospital_info,PN,Pneumonia,1.1121,19.2406,17.3012,502,104,False
360078,UNIVERSITY HOSPITALS PORTAGE MEDICAL CENTER,RAVENNA,OH,Acute Care Hospitals,hospital_info,AMI,Heart attack,1.0607,12.268,11.5658,66,11,False
360078,UNIVERSITY HOSPITALS PORTAGE MEDICAL CENTER,RAVENNA,OH,Acute Care Hospitals,hospital_info,HF,Heart failure,1.1039,21.9782,19.9101,226,57,False
360079,KETTERING HEALTH MAIN CAMPUS,KETTERING,OH,Acute Care Hospitals,hospital_info,CABG,Coronary artery bypass graft surgery,1.1657,13.127,11.261,114,19,False
360079,KETTERING HEALTH MAIN CAMPUS,KETTERING,OH,Acute Care Hospitals,hospital_info,COPD,Chronic obstructive pulmonary disease,1.1175,22.7698,20.3764,116,35,False
360079,KETTERING HEALTH MAIN CAMPUS,KETTERING,OH,Acute Care Hospitals,hospital_info,HF,Heart failure,1.1096,22.7066,20.4639,653,156,False
360080,EAST OHIO REGIONAL HOSPITAL,MARTINS FERRY,OH,Acute Care Hospitals,hospital_info,HF,Heart failure,1.0683,19.2846,18.0511,48,14,False
360080,EAST OHIO REGIONAL HOSPITAL,MARTINS FERRY,OH,Acute Care Hospitals,hospital_info,PN,Pneumonia,1.1155,17.1692,15.3917,97,24,False
360082,EUCLID HOSPITAL,EUCLID,OH,Acute Care Hospitals,hospital_info,HIP-KNEE,Hip/knee replacement,1.0471,5.6776,5.4224,,,True
360082,EUCLID HOSPITAL,EUCLID,OH,Acute Care Hospitals,hospital_info,PN,Pneumonia,1.0355,18.1304,17.5081,119,24,False
360084,AULTMAN HOSPITAL,CANTON,OH,Acute Care Hospitals,hospital_info,AMI,Heart attack,1.0072,12.5907,12.5011,291,37,False
360085,OHIO STATE UNIVERSITY STATE HEALTH SYSTEM,COLUMBUS,OH,Acute Care Hospitals,hospital_info,CABG,Coronary artery bypass graft surgery,1.043,10.6248,10.1864,131,15,False
360085,OHIO STATE UNIVERSITY STATE HEALTH SYSTEM,COLUMBUS,OH,Acute Care Hospitals,hospital_info,COPD,Chronic obstructive pulmonary disease,1.0076,19.4783,19.3307,187,37,False
360085,OHIO STATE UNIVERSITY STATE HEALTH SYSTEM,COLUMBUS,OH,Acute Care Hospitals,hospital_info,HIP-KNEE,Hip/knee replacement,1.0735,7.1132,6.626,157,12,False
360086,SPRINGFIELD REGIONAL MEDICAL CENTER,SPRINGFIELD,OH,Acute Care Hospitals,hospital_info,AMI,Heart attack,1.1195,15.6745,14.0012,90,20,False
360086,SPRINGFIELD REGIONAL MEDICAL CENTER,SPRINGFIELD,OH,Acute Care Hospitals,hospital_info,COPD,Chronic obstructive pulmonary disease,1.0042,19.4774,19.3958,137,27,False
360086,SPRINGFIELD REGIONAL MEDICAL CENTER,SPRINGFIELD,OH,Acute Care Hospitals,hospital_info,HF,Heart failure,1.024,20.8452,20.3557,337,72,False
360087,LUTHERAN HOSPITAL,CLEVELAND,OH,Acute Care Hospitals,hospital_info,HF,Heart failure,1.004,21.2303,21.1457,,,True
360087,LUTHERAN HOSPITAL,CLEVELAND,OH,Acute Care Hospitals,hospital_info,HIP-KNEE,Hip/knee replacement,1.0416,6.294,6.0428,,,True
360087,LUTHERAN HOSPITAL,CLEVELAND,OH,Acute Care Hospitals,hospital_info,PN,Pneumonia,1.0316,15.283,14.8142,,,True
360089,MERCY HEALTH - TIFFIN HOSPITAL,TIFFIN,OH,Acute Care Hospitals,hospital_info,HF,Heart failure,1.0702,19.5698,18.2869,200,44,False
360095,BLANCHARD VALLEY HOSPITAL,FINDLAY,OH,Acute Care Hospitals,hospital_info,CABG,Coronary artery bypass graft surgery,1.0794,11.488,10.6427,,,True
360095,BLANCHARD VALLEY HOSPITAL,FINDLAY,OH,Acute Care Hospitals,hospital_info,COPD,Chronic obstructive pulmonary disease,1.0222,15.9629,15.6166,128,22,False
360095,BLANCHARD VALLEY HOSPITAL,FINDLAY,OH,Acute Care Hospitals,hospital_info,HIP-KNEE,Hip/knee replacement,1.1313,7.4761,6.6084,,,True
360096,EAST LIVERPOOL CITY HOSPITAL,EAST LIVERPOOL,OH,Acute Care Hospitals,hospital_info,AMI,Heart attack,1.0027,17.3416,17.2957,,,True
360096,EAST LIVERPOOL CITY HOSPITAL,EAST LIVERPOOL,OH,Acute Care Hospitals,hospital_info,COPD,Chronic obstructive pulmonary disease,1.0471,19.4179,18.544,44,12,False
360096,EAST LIVERPOOL CITY HOSPITAL,EAST LIVERPOOL,OH,Acute Care Hospitals,hospital_info,HF,Heart failure,1.1227,24.4892,21.8131,152,46,False
360096,EAST LIVERPOOL CITY HOSPITAL,EAST LIVERPOOL,OH,Acute Care Hospitals,hospital_info,PN,Pneumonia,1.0684,19.4492,18.2035,218,47,False
360098,LAKE HEALTH,CONCORD,OH,Acute Care Hospitals,hospital_info,AMI,Heart attack,1.016,13.616,13.4018,185,26,False
360098,LAKE HEALTH,CONCORD,OH,Acute Care Hospitals,hospital_info,CABG,Coronary artery bypass graft surgery,1.0829,9.9168,9.1577,,,True
360098,LAKE HEALTH,CONCORD,OH,Acute Care Hospitals,hospital_info,HF,Heart failure,1.1025,20.2459,18.3642,627,134,False
360107,BELLEVUE HOSPITAL,BELLEVUE,OH,Acute Care Hospitals,hospital_info,PN,Pneumonia,1.0594,16.441,15.5189,80,17,False
360109,COSHOCTON REGIONAL MEDICAL CENTER,COSHOCTON,OH,Acute Care Hospitals,hospital_info,HF,Heart failure,1.0179,19.0131,18.6788,88,18,False
360112,MERCY ST VINCENT MEDICAL CENTER,TOLEDO,OH,Acute Care Hospitals,hospital_info,AMI,Heart attack,1.109,16.2596,14.6611,397,70,False
360112,MERCY ST VINCENT MEDICAL CENTER,TOLEDO,OH,Acute Care Hospitals,hospital_info,CABG,Coronary artery bypass graft surgery,1.2141,14.7083,12.1143,114,22,False
360112,MERCY ST VINCENT MEDICAL CENTER,TOLEDO,OH,Acute Care Hospitals,hospital_info,HF,Heart failure,1.0563,21.2885,20.1541,695,152,False
360112,MERCY ST VINCENT MEDICAL CENTER,TOLEDO,OH,Acute Care Hospitals,hospital_info,PN,Pneumonia,1.074,18.4597,17.1873,645,124,False
360118,OHIOHEALTH MANSFIELD HOSPITAL,MANSFIELD,OH,Acute Care Hospitals,hospital_info,AMI,Heart attack,1.1455,14.7019,12.8349,218,39,False
360121,COMMUNITY HOSPITALS AND WELLNESS CENTERS,BRYAN,OH,Acute Care Hospitals,hospital_info,COPD,Chronic obstructive pulmonary disease,1.0057,15.1311,15.0446,,,True
360121,COMMUNITY HOSPITALS AND WELLNESS CENTERS,BRYAN,OH,Acute Care Hospitals,hospital_info,HF,Heart failure,1.0229,18.6114,18.1947,88,18,False
360121,COMMUNITY HOSPITALS AND WELLNESS CENTERS,BRYAN,OH,Acute Care Hospitals,hospital_info,PN,Pneumonia,1.0112,15.0295,14.8629,,,True
360123,UH ST JOHN MEDICAL CENTER,WESTLAKE,OH,Acute Care Hospitals,hospital_info,COPD,Chronic obstructive pulmonary disease,1.051,20.8728,19.8604,116,28,False
360123,UH ST JOHN MEDICAL CENTER,WESTLAKE,OH,Acute Care Hospitals,hospital_info,PN,Pneumonia,1.04,17.7291,17.0473,357,66,False
360125,ASHTABULA COUNTY MEDICAL CENTER,ASHTABULA,OH,Acute Care Hospitals,hospital_info,COPD,Chronic obstructive pulmonary disease,1.0059,19.4691,19.3551,121,24,False
360125,ASHTABULA COUNTY MEDICAL CENTER,ASHTABULA,OH,Acute Care Hospitals,hospital_info,HF,Heart failure,1.128,22.322,19.7896,247,64,False
360125,ASHTABULA COUNTY MEDICAL CENTER,ASHTABULA,OH,Acute Care Hospitals,hospital_info,HIP-KNEE,Hip/knee replacement,1.0058,4.857,4.829,,,True
360125,ASHTABULA COUNTY MEDICAL CENTER,ASHTABULA,OH,Acute Care Hospitals,hospital_info,PN,Pneumonia,1.0869,18.0865,16.6411,245,50,False
360132,FORT HAMILTON HUGHES MEMORIAL HOSPITAL,HAMILTON,OH,Acute Care Hospitals,hospital_info,AMI,Heart attack,1.0101,13.8063,13.6687,76,11,False
360132,FORT HAMILTON HUGHES MEMORIAL HOSPITAL,HAMILTON,OH,Acute Care Hospitals,hospital_info,COPD,Chronic obstructive pulmonary disease,1.1044,18.6844,16.9188,79,22,False
360133,KETTERING HEALTH DAYTON,DAYTON,OH,Acute Care Hospitals,hospital_info,AMI,Heart attack,1.1633,15.2185,13.0823,133,28,False
360133,KETTERING HEALTH DAYTON,DAYTON,OH,Acute Care Hospitals,hospital_info,CABG,Coronary artery bypass graft surgery,1.111,13.0464,11.7428,63,11,False
360133,KETTERING HEALTH DAYTON,DAYTON,OH,Acute Care Hospitals,hospital_info,COPD,Chronic obstructive pulmonary disease,1.0876,20.3601,18.72,141,35,False
360133,KETTERING HEALTH DAYTON,DAYTON,OH,Acute Care Hospitals,hospital_info,HF,Heart failure,1.015,20.0905,19.7928,348,71,False
360133,KETTERING HEALTH DAYTON,DAYTON,OH,Acute Care Hospitals,hospital_info,HIP-KNEE,Hip/knee replacement,1.0588,7.5269,7.1091,,,True
360134,GOOD SAMARITAN HOSPITAL,CINCINNATI,OH,Acute Care Hospitals,hospital_info,AMI,Heart attack,1.0845,14.3004,13.1862,97,18,False
360134,GOOD SAMARITAN HOSPITAL,CINCINNATI,OH,Acute Care Hospitals,hospital_info,HIP-KNEE,Hip/knee replacement,1.0661,5.7579,5.401,,,True
360137,UH CLEVELAND MEDICAL CENTER,CLEVELAND,OH,Acute Care Hospitals,hospital_info,CABG,Coronary artery bypass graft surgery,1.0141,11.4801,11.3204,171,20,False
360137,UH CLEVELAND MEDICAL CENTER,CLEVELAND,OH,Acute Care Hospitals,hospital_info,HF,Heart failure,1.0253,21.9636,21.4217,292,66,False
360137,UH CLEVELAND MEDICAL CENTER,CLEVELAND,OH,Acute Care Hospitals,hospital_info,HIP-KNEE,Hip/knee replacement,1.1424,5.9247,5.186,,,True
360137,UH CLEVELAND MEDICAL CENTER,CLEVELAND,OH,Acute Care Hospitals,hospital_info,PN,Pneumonia,1.0982,20.7679,18.9112,156,39,False
360143,MARYMOUNT HOSPITAL,GARFIELD HEIGHTS,OH,Acute Care Hospitals,hospital_info,COPD,Chronic obstructive pulmonary disease,1.0076,18.1702,18.034,96,18,False
360143,MARYMOUNT HOSPITAL,GARFIELD HEIGHTS,OH,Acute Care Hospitals,hospital_info,PN,Pneumonia,1.1201,18.5944,16.6014,324,68,False
360144,SOUTH POINTE HOSPITAL,WARRENSVILLE HEIGHTS,OH,Acute Care Hospitals,hospital_info,HF,Heart failure,1.0687,20.8424,19.5018,231,53,False
360144,SOUTH POINTE HOSPITAL,WARRENSVILLE HEIGHTS,OH,Acute Care Hospitals,hospital_info,PN,Pneumonia,1.064,17.8468,16.7739,217,43,False
360145,UNIVERSITY HOSPITALS - ELYRIA MEDICAL CENTER,ELYRIA,OH,Acute Care Hospitals,hospital_info,CABG,Coronary artery bypass graft surgery,1.0401,10.0041,9.6183,,,True
360145,UNIVERSITY HOSPITALS - ELYRIA MEDICAL CENTER,ELYRIA,OH,Acute Care Hospitals,hospital_info,HF,Heart failure,1.1,23.3896,21.2632,337,86,False
360145,UNIVERSITY HOSPITALS - ELYRIA MEDICAL CENTER,ELYRIA,OH,Acute Care Hospitals,hospital_info,HIP-KNEE,Hip/knee replacement,1.0116,6.7735,6.6956,,,True
360145,UNIVERSITY HOSPITALS - ELYRIA MEDICAL CENTER,ELYRIA,OH,Acute Care Hospitals,hospital_info,PN,Pneumonia,1.0647,17.4937,16.43,313,59,False
360147,MARIETTA MEMORIAL HOSPITAL,MARIETTA,OH,Acute Care Hospitals,hospital_info,COPD,Chronic obstructive pulmonary disease,1.0755,20.6898,19.2372,123,31,False
360147,MARIETTA MEMORIAL HOSPITAL,MARIETTA,OH,Acute Care Hospitals,hospital_info,HF,Heart failure,1.061,21.8714,20.6147,460,105,False
360150,SUMMA WESTERN RESERVE HOSPITAL,CUYAHOGA FALLS,OH,Acute Care Hospitals,hospital_info,COPD,Chronic obstructive pulmonary disease,1.0392,18.5225,17.8239,60,14,False
360150,SUMMA WESTERN RESERVE HOSPITAL,CUYAHOGA FALLS,OH,Acute Care Hospitals,hospital_info,HF,Heart failure,1.0104,18.6725,18.48,71,14,False
360150,SUMMA WESTERN RESERVE HOSPITAL,CUYAHOGA FALLS,OH,Acute Care Hospitals,hospital_info,PN,Pneumonia,1.0279,15.0036,14.597,68,12,False
360152,DOCTORS HOSPITAL,COLUMBUS,OH,Acute Care Hospitals,hospital_info,COPD,Chronic obstructive pulmonary disease,1.0306,21.3328,20.7002,64,16,False
360152,DOCTORS HOSPITAL,COLUMBUS,OH,Acute Care Hospitals,hospital_info,PN,Pneumonia,1.0609,16.8654,15.8968,190,36,False
360155,SOUTHWEST GENERAL HEALTH CENTER,MIDDLEBURG HEIGHTS,OH,Acute Care Hospitals,hospital_info,AMI,Heart attack,1.131,14.3808,12.7151,165,30,False
360155,SOUTHWEST GENERAL HEALTH CENTER,MIDDLEBURG HEIGHTS,OH,Acute Care Hospitals,hospital_info,HF,Heart failure,1.0767,20.7545,19.2766,427,94,False
360155,SOUTHWEST GENERAL HEALTH CENTER,MIDDLEBURG HEIGHTS,OH,Acute Care Hospitals,hospital_info,HIP-KNEE,Hip/knee replacement,1.1614,5.9914,5.1587,255,17,False
360155,SOUTHWEST GENERAL HEALTH CENTER,MIDDLEBURG HEIGHTS,OH,Acute Care Hospitals,hospital_info,PN,Pneumonia,1.0896,17.6461,16.1954,545,102,False
360156,MEMORIAL HOSPITAL,FREMONT,OH,Acute Care Hospitals,hospital_info,COPD,Chronic obstructive pulmonary disease,1.0132,15.6919,15.4877,,,True
360156,MEMORIAL HOSPITAL,FREMONT,OH,Acute Care Hospitals,hospital_info,HF,Heart failure,1.0066,17.4916,17.3773,106,19,False
360159,ADENA REGIONAL MEDICAL CENTER,CHILLICOTHE,OH,Acute Care Hospitals,hospital_info,AMI,Heart attack,1.1109,16.903,15.2162,186,37,False
360159,ADENA REGIONAL MEDICAL CENTER,CHILLICOTHE,OH,Acute Care Hospitals,hospital_info,CABG,Coronary artery bypass graft surgery,1.014,12.1219,11.9551,,,True
360159,ADENA REGIONAL MEDICAL CENTER,CHILLICOTHE,OH,Acute Care Hospitals,hospital_info,COPD,Chronic obstructive pulmonary disease,1.0385,20.1175,19.3713,135,30,False
360161,MH ST JOSEPH WARREN HOSPITAL,WARREN,OH,Acute Care Hospitals,hospital_info,HF,Heart failure,1.0016,20.1833,20.1504,262,53,False
360161,MH ST JOSEPH WARREN HOSPITAL,WARREN,OH,Acute Care Hospitals,hospital_info,HIP-KNEE,Hip/knee replacement,1.1181,5.7687,5.1594,,,True
360163,CHRIST HOSPITAL,CINCINNATI,OH,Acute Care Hospitals,hospital_info,CABG,Coronary artery bypass graft surgery,1.008,9.5685,9.4928,186,18,False
360163,CHRIST HOSPITAL,CINCINNATI,OH,Acute Care Hospitals,hospital_info,COPD,Chronic obstructive pulmonary disease,1.0008,18.7906,18.7749,154,29,False
360163,CHRIST HOSPITAL,CINCINNATI,OH,Acute Care Hospitals,hospital_info,PN,Pneumonia,1.0576,17.6374,16.6771,534,98,False
360170,BERGER HOSPITAL,CIRCLEVILLE,OH,Acute Care Hospitals,hospital_info,COPD,Chronic obstructive pulmonary disease,1.0051,16.982,16.895,,,True
360170,BERGER HOSPITAL,CIRCLEVILLE,OH,Acute Care Hospitals,hospital_info,HF,Heart failure,1.1053,21.8429,19.7621,108,31,False
360172,MERCY REGIONAL MEDICAL CENTER,LORAIN,OH,Acute Care Hospitals,hospital_info,AMI,Heart attack,1.0696,13.1473,12.2922,73,13,False
360172,MERCY REGIONAL MEDICAL CENTER,LORAIN,OH,Acute Care Hospitals,hospital_info,COPD,Chronic obstructive pulmonary disease,1.0802,19.409,17.9673,125,30,False
360172,MERCY REGIONAL MEDICAL CENTER,LORAIN,OH,Acute Care Hospitals,hospital_info,HF,Heart failure,1.035,20.9564,20.2474,279,61,False
360172,MERCY REGIONAL MEDICAL CENTER,LORAIN,OH,Acute Care Hospitals,hospital_info,HIP-KNEE,Hip/knee replacement,1.0009,6.2162,6.2104,,,True
360174,UPPER VALLEY MEDICAL CENTER,TROY,OH,Acute Care Hospitals,hospital_info,AMI,Heart attack,1.0513,13.0265,12.3907,65,11,False
360174,UPPER VALLEY MEDICAL CENTER,TROY,OH,Acute Care Hospitals,hospital_info,COPD,Chronic obstructive pulmonary disease,1.0597,19.032,17.9593,56,15,False
360174,UPPER VALLEY MEDICAL CENTER,TROY,OH,Acute Care Hospitals,hospital_info,HF,Heart failure,1.0754,20.3674,18.939,254,57,False
360175,TRIHEALTH CLINTON REGIONAL HOSPITAL,WILMINGTON,OH,Acute Care Hospitals,hospital_info,AMI,Heart attack,1.0087,12.3361,12.2296,,,True
360175,TRIHEALTH CLINTON REGIONAL HOSPITAL,WILMINGTON,OH,Acute Care Hospitals,hospital_info,HF,Heart failure,1.0797,21.0513,19.4976,54,17,False
360175,TRIHEALTH CLINTON REGIONAL HOSPITAL,WILMINGTON,OH,Acute Care Hospitals,hospital_info,PN,Pneumonia,1.0327,15.778,15.2786,75,14,False
360179,BETHESDA NORTH,CINCINNATI,OH,Acute Care Hospitals,hospital_info,AMI,Heart attack,1.0217,12.7764,12.5053,422,55,False
360179,BETHESDA NORTH,CINCINNATI,OH,Acute Care Hospitals,hospital_info,COPD,Chronic obstructive pulmonary disease,1.0591,17.5117,16.535,233,45,False
360179,BETHESDA NORTH,CINCINNATI,OH,Acute Care Hospitals,hospital_info,HF,Heart failure,1.0385,18.6746,17.9822,837,159,False
360179,BETHESDA NORTH,CINCINNATI,OH,Acute Care Hospitals,hospital_info,HIP-KNEE,Hip/knee replacement,1.2344,7.285,5.9016,,,True
360179,BETHESDA NORTH,CINCINNATI,OH,Acute Care Hospitals,hospital_info,PN,Pneumonia,1.0821,16.3526,15.1114,775,132,False
360180,CLEVELAND CLINIC,CLEVELAND,OH,Acute Care Hospitals,hospital_info,AMI,Heart attack,1.0677,15.8186,14.8161,503,83,False
360180,CLEVELAND CLINIC,CLEVELAND,OH,Acute Care Hospitals,hospital_info,COPD,Chronic obstructive pulmonary disease,1.0373,20.0033,19.2845,141,31,False
360180,CLEVELAND CLINIC,CLEVELAND,OH,Acute Care Hospitals,hospital_info,PN,Pneumonia,1.0817,20.3221,18.7878,327,72,False
360189,MADISON HEALTH,LONDON,OH,Acute Care Hospitals,hospital_info,HF,Heart failure,1.0497,18.7578,17.8692,40,11,False
360211,TRINITY MEDICAL CTR EAST &TRINITY MEDICAL CTR WEST,STEUBENVILLE,OH,Acute Care Hospitals,hospital_info,AMI,Heart attack,1.0799,15.5251,14.3762,116,22,False
360211,TRINITY MEDICAL CTR EAST &TRINITY MEDICAL CTR WEST,STEUBENVILLE,OH,Acute Care Hospitals,hospital_info,CABG,Coronary artery bypass graft surgery,1.0352,10.0727,9.7297,,,True
360211,TRINITY MEDICAL CTR EAST &TRINITY MEDICAL CTR WEST,STEUBENVILLE,OH,Acute Care Hospitals,hospital_info,HF,Heart failure,1.0895,22.55,20.6978,291,72,False
360211,TRINITY MEDICAL CTR EAST &TRINITY MEDICAL CTR WEST,STEUBENVILLE,OH,Acute Care Hospitals,hospital_info,HIP-KNEE,Hip/knee replacement,1.0246,6.1744,6.0263,,,True
360211,TRINITY MEDICAL CTR EAST &TRINITY MEDICAL CTR WEST,STEUBENVILLE,OH,Acute Care Hospitals,hospital_info,PN,Pneumonia,1.0179,18.2714,17.9502,163,31,False
360218,LICKING MEMORIAL HOSPITAL,NEWARK,OH,Acute Care Hospitals,hospital_info,COPD,Chronic obstructive pulmonary disease,1.0113,18.0878,17.8862,106,20,False
360218,LICKING MEMORIAL HOSPITAL,NEWARK,OH,Acute Care Hospitals,hospital_info,HF,Heart failure,1.0658,19.556,18.3491,309,65,False
360218,LICKING MEMORIAL HOSPITAL,NEWARK,OH,Acute Care Hospitals,hospital_info,PN,Pneumonia,1.056,15.9918,15.1438,240,42,False
360230,HILLCREST HOSPITAL,MAYFIELD HEIGHTS,OH,Acute Care Hospitals,hospital_info,CABG,Coronary artery bypass graft surgery,1.0223,10.7476,10.5133,97,11,False
360230,HILLCREST HOSPITAL,MAYFIELD HEIGHTS,OH,Acute Care Hospitals,hospital_info,COPD,Chronic obstructive pulmonary disease,1.0134,18.9887,18.7384,216,42,False
360230,HILLCREST HOSPITAL,MAYFIELD HEIGHTS,OH,Acute Care Hospitals,hospital_info,HF,Heart failure,1.0011,20.1674,20.1446,1026,207,False
360234,MERCY HEALTH - WEST HOSPITAL,CINCINNATI,OH,Acute Care Hospitals,hospital_info,AMI,Heart attack,1.0993,14.3825,13.0838,147,26,False
360234,MERCY HEALTH - WEST HOSPITAL,CINCINNATI,OH,Acute Care Hospitals,hospital_info,COPD,Chronic obstructive pulmonary disease,1.0619,20.5491,19.3504,109,27,False
360234,MERCY HEALTH - WEST HOSPITAL,CINCINNATI,OH,Acute Care Hospitals,hospital_info,HF,Heart failure,1.061,20.7218,19.5299,370,81,False
360234,MERCY HEALTH - WEST HOSPITAL,CINCINNATI,OH,Acute Care Hospitals,hospital_info,PN,Pneumonia,1.0207,15.7222,15.4037,462,74,False
360236,MERCY HEALTH - CLERMONT HOSPITAL,BATAVIA,OH,Acute Care Hospitals,hospital_info,COPD,Chronic obstructive pulmonary disease,1.0146,18.6143,18.3458,150,29,False
360236,MERCY HEALTH - CLERMONT HOSPITAL,BATAVIA,OH,Acute Care Hospitals,hospital_info,PN,Pneumonia,1.0397,17.5162,16.8466,333,61,False
360239,KETTERING HEALTH MIAMISBURG,MIAMISBURG,OH,Acute Care Hospitals,hospital_info,COPD,Chronic obstructive pulmonary disease,1.0186,21.2796,20.8906,78,18,False
360239,KETTERING HEALTH MIAMISBURG,MIAMISBURG,OH,Acute Care Hospitals,hospital_info,HF,Heart failure,1.0927,22.8605,20.9208,286,72,False
360239,KETTERING HEALTH MIAMISBURG,MIAMISBURG,OH,Acute Care Hospitals,hospital_info,PN,Pneumonia,1.0054,16.3724,16.2838,181,30,False
360259,BAY PARK COMMUNITY HOSPITAL,OREGON,OH,Acute Care Hospitals,hospital_info,COPD,Chronic obstructive pulmonary disease,1.0408,17.4801,16.7944,52,12,False
360259,BAY PARK COMMUNITY HOSPITAL,OREGON,OH,Acute Care Hospitals,hospital_info,PN,Pneumonia,1.0431,15.9262,15.2678,133,24,False
360270,MERCY HEALTH - DEFIANCE HOSPITAL,DEFIANCE,OH,Acute Care Hospitals,hospital_info,HF,Heart failure,1.0031,20.9951,20.9304,118,25,False
360276,HMHP ST ELIZABETH BOARDMAN HEALTH CENTER,BOARDMAN,OH,Acute Care Hospitals,hospital_info,COPD,Chronic obstructive pulmonary disease,1.0357,17.091,16.5018,190,35,False
360276,HMHP ST ELIZABETH BOARDMAN HEALTH CENTER,BOARDMAN,OH,Acute Care Hospitals,hospital_info,HF,Heart failure,1.0698,21.1575,19.777,539,119,False
360276,HMHP ST ELIZABETH BOARDMAN HEALTH CENTER,BOARDMAN,OH,Acute Care Hospitals,hospital_info,PN,Pneumonia,1.0866,17.453,16.0626,426,80,False
360354,WEST CHESTER HOSPITAL,WEST CHESTER,OH,Acute Care Hospitals,hospital_info,AMI,Heart attack,1.0076,13.0851,12.9869,127,17,False
360354,WEST CHESTER HOSPITAL,WEST CHESTER,OH,Acute Care Hospitals,hospital_info,COPD,Chronic obstructive pulmonary disease,1.0073,19.1568,19.0178,112,22,False
360354,WEST CHESTER HOSPITAL,WEST CHESTER,OH,Acute Care Hospitals,hospital_info,HF,Heart failure,1.2312,24.0,19.4926,348,99,False
360359,UNIVERSITY HOSPITALS AHUJA MEDICAL CENTER,BEACHWOOD,OH,Acute Care Hospitals,hospital_info,AMI,Heart attack,1.0142,12.3088,12.1359,108,14,False
360359,UNIVERSITY HOSPITALS AHUJA MEDICAL CENTER,BEACHWOOD,OH,Acute Care Hospitals,hospital_info,CABG,Coronary artery bypass graft surgery,1.0008,9.9756,9.968,,,True
360359,UNIVERSITY HOSPITALS AHUJA MEDICAL CENTER,BEACHWOOD,OH,Acute Care Hospitals,hospital_info,HF,Heart failure,1.0985,21.4219,19.5019,542,123,False
360359,UNIVERSITY HOSPITALS AHUJA MEDICAL CENTER,BEACHWOOD,OH,Acute Care Hospitals,hospital_info,PN,Pneumonia,1.101,16.8226,15.2792,419,77,False
360360,SOIN MEDICAL CENTER,BEAVER CREEK,OH,Acute Care Hospitals,hospital_info,AMI,Heart attack,1.0029,14.1664,14.1252,126,18,False
360360,SOIN MEDICAL CENTER,BEAVER CREEK,OH,Acute Care Hospitals,hospital_info,COPD,Chronic obstructive pulmonary disease,1.134,21.4924,18.9522,137,39,False
360360,SOIN MEDICAL CENTER,BEAVER CREEK,OH,Acute Care Hospitals,hospital_info,HF,Heart failure,1.2443,25.666,20.627,364,110,False
360364,CLEVELAND CLINIC AVON HOSPITAL,AVON,OH,Acute Care Hospitals,hospital_info,COPD,Chronic obstructive pulmonary disease,1.0201,18.6779,18.3101,126,25,False
360364,CLEVELAND CLINIC AVON HOSPITAL,AVON,OH,Acute Care Hospitals,hospital_info,HIP-KNEE,Hip/knee replacement,1.0183,5.4265,5.329,,,True
360364,CLEVELAND CLINIC AVON HOSPITAL,AVON,OH,Acute Care Hospitals,hospital_info,PN,Pneumonia,1.0313,17.2723,16.7477,451,80,False
360365,AVITA ONTARIO,ONTARIO,OH,Acute Care Hospitals,hospital_info,HF,Heart failure,1.0286,21.9717,21.3612,45,12,False
370001,HILLCREST MEDICAL CENTER,TULSA,OK,Acute Care Hospitals,hospital_info,CABG,Coronary artery bypass graft surgery,1.0002,12.1587,12.1564,148,18,False
370008,NORMAN REGIONAL,NORMAN,OK,Acute Care Hospitals,hospital_info,AMI,Heart attack,1.0636,13.3399,12.5427,224,33,False
370008,NORMAN REGIONAL,NORMAN,OK,Acute Care Hospitals,hospital_info,HF,Heart failure,1.0884,21.2829,19.555,328,76,False
370008,NORMAN REGIONAL,NORMAN,OK,Acute Care Hospitals,hospital_info,HIP-KNEE,Hip/knee replacement,1.2192,7.1958,5.9022,,,True
370013,"MERCY HOSPITAL OKLAHOMA CITY, INC",OKLAHOMA CITY,OK,Acute Care Hospitals,hospital_info,HIP-KNEE,Hip/knee replacement,1.1092,5.3936,4.8626,,,True
370014,ALLIANCEHEALTH DURANT,DURANT,OK,Acute Care Hospitals,hospital_info,AMI,Heart attack,1.0882,18.7034,17.1882,168,36,False
370014,ALLIANCEHEALTH DURANT,DURANT,OK,Acute Care Hospitals,hospital_info,COPD,Chronic obstructive pulmonary disease,1.1467,23.008,20.0653,201,57,False
370014,ALLIANCEHEALTH DURANT,DURANT,OK,Acute Care Hospitals,hospital_info,HF,Heart failure,1.1813,24.3157,20.5842,191,59,False
370014,ALLIANCEHEALTH DURANT,DURANT,OK,Acute Care Hospitals,hospital_info,HIP-KNEE,Hip/knee replacement,1.2165,6.9067,5.6775,,,True
370014,ALLIANCEHEALTH DURANT,DURANT,OK,Acute Care Hospitals,hospital_info,PN,Pneumonia,1.2349,20.5516,16.6427,415,100,False
370015,HILLCREST HOSPITAL PRYOR,PRYOR,OK,Acute Care Hospitals,hospital_info,HF,Heart failure,1.0071,19.5867,19.4479,,,True
370018,ASCENSION ST JOHN JANE PHILLIPS,BARTLESVILLE,OK,Acute Care Hospitals,hospital_info,HIP-KNEE,Hip/knee replacement,1.0486,5.4099,5.1592,,,True
370018,ASCENSION ST JOHN JANE PHILLIPS,BARTLESVILLE,OK,Acute Care Hospitals,hospital_info,PN,Pneumonia,1.0347,14.5584,14.0703,232,36,False
370019,GREAT PLAINS REGIONAL MEDICAL CENTER,ELK CITY,OK,Acute Care Hospitals,hospital_info,HIP-KNEE,Hip/knee replacement,1.5367,9.0754,5.9059,,,True
370020,MERCY HOSPITAL ADA,ADA,OK,Acute Care Hospitals,hospital_info,COPD,Chronic obstructive pulmonary disease,1.0002,20.5681,20.5644,68,14,False
370020,MERCY HOSPITAL ADA,ADA,OK,Acute Care Hospitals,hospital_info,HF,Heart failure,1.0736,19.7156,18.3635,172,39,False
370020,MERCY HOSPITAL ADA,ADA,OK,Acute Care Hospitals,hospital_info,HIP-KNEE,Hip/knee replacement,1.0032,5.6109,5.5931,,,True
370020,MERCY HOSPITAL ADA,ADA,OK,Acute Care Hospitals,hospital_info,PN,Pneumonia,1.0798,17.005,15.7482,299,56,False
370022,JACKSON COUNTY MEMORIAL HOSPITAL AUTHORITY,ALTUS,OK,Acute Care Hospitals,hospital_info,COPD,Chronic obstructive pulmonary disease,1.0122,14.9046,14.725,,,True
370023,"DUNCAN REGIONAL HOSPITAL, INC",DUNCAN,OK,Acute Care Hospitals,hospital_info,PN,Pneumonia,1.0406,15.4428,14.8397,378,61,False
370025,SAINT FRANCIS HOSPITAL MUSKOGEE,MUSKOGEE,OK,Acute Care Hospitals,hospital_info,COPD,Chronic obstructive pulmonary disease,1.0214,20.9908,20.5504,159,35,False
370025,SAINT FRANCIS HOSPITAL MUSKOGEE,MUSKOGEE,OK,Acute Care Hospitals,hospital_info,HF,Heart failure,1.0014,21.7552,21.7256,450,98,False
370025,SAINT FRANCIS HOSPITAL MUSKOGEE,MUSKOGEE,OK,Acute Care Hospitals,hospital_info,HIP-KNEE,Hip/knee replacement,1.5217,7.0468,4.631,102,12,False
370025,SAINT FRANCIS HOSPITAL MUSKOGEE,MUSKOGEE,OK,Acute Care Hospitals,hospital_info,PN,Pneumonia,1.0801,18.4214,17.0548,411,81,False
370026,ST MARY'S REGIONAL MEDICAL CENTER,ENID,OK,Acute Care Hospitals,hospital_info,COPD,Chronic obstructive pulmonary disease,1.0379,16.7239,16.113,,,True
370028,"INTEGRIS BAPTIST MEDICAL CENTER, INC",OKLAHOMA CITY,OK,Acute Care Hospitals,hospital_info,AMI,Heart attack,1.0647,13.4456,12.6287,326,47,False
370028,"INTEGRIS BAPTIST MEDICAL CENTER, INC",OKLAHOMA CITY,OK,Acute Care Hospitals,hospital_info,CABG,Coronary artery bypass graft surgery,1.0481,10.7928,10.2979,174,20,False
370034,MCALESTER REGIONAL HEALTH CENTER,MCALESTER,OK,Acute Care Hospitals,hospital_info,AMI,Heart attack,1.0023,13.5651,13.5336,,,True
370034,MCALESTER REGIONAL HEALTH CENTER,MCALESTER,OK,Acute Care Hospitals,hospital_info,COPD,Chronic obstructive pulmonary disease,1.0514,16.9716,16.1412,67,15,False
370034,MCALESTER REGIONAL HEALTH CENTER,MCALESTER,OK,Acute Care Hospitals,hospital_info,HF,Heart failure,1.0213,19.6503,19.2406,150,31,False
370047,"MERCY HOSPITAL ARDMORE, INC",ARDMORE,OK,Acute Care Hospitals,hospital_info,COPD,Chronic obstructive pulmonary disease,1.0059,18.3641,18.2565,112,21,False
370047,"MERCY HOSPITAL ARDMORE, INC",ARDMORE,OK,Acute Care Hospitals,hospital_info,HF,Heart failure,1.0591,21.7477,20.5348,284,66,False
370047,"MERCY HOSPITAL ARDMORE, INC",ARDMORE,OK,Acute Care Hospitals,hospital_info,PN,Pneumonia,1.0283,17.5564,17.0734,479,86,False
370049,STILLWATER MEDICAL CENTER,STILLWATER,OK,Acute Care Hospitals,hospital_info,AMI,Heart attack,1.0074,11.1961,11.1139,95,11,False
370049,STILLWATER MEDICAL CENTER,STILLWATER,OK,Acute Care Hospitals,hospital_info,HF,Heart failure,1.1092,19.8302,17.8772,240,55,False
370049,STILLWATER MEDICAL CENTER,STILLWATER,OK,Acute Care Hospitals,hospital_info,PN,Pneumonia,1.0018,14.7406,14.7144,257,38,False
370056,MEMORIAL HEALTH,LAWTON,OK,Acute Care Hospitals,hospital_info,AMI,Heart attack,1.0812,12.7709,11.8112,134,21,False
370056,MEMORIAL HEALTH,LAWTON,OK,Acute Care Hospitals,hospital_info,CABG,Coronary artery bypass graft surgery,1.0857,13.048,12.0178,,,True
370056,MEMORIAL HEALTH,LAWTON,OK,Acute Care Hospitals,hospital_info,HF,Heart failure,1.1801,22.7853,19.3077,600,149,False
370056,MEMORIAL HEALTH,LAWTON,OK,Acute Care Hospitals,hospital_info,HIP-KNEE,Hip/knee replacement,1.0468,5.1006,4.8726,,,True
370056,MEMORIAL HEALTH,LAWTON,OK,Acute Care Hospitals,hospital_info,PN,Pneumonia,1.0396,18.4333,17.7319,528,100,False
370078,OKLAHOMA STATE UNIVERSITY MEDICAL CENTER,TULSA,OK,Acute Care Hospitals,hospital_info,AMI,Heart attack,1.0511,15.4718,14.7197,80,15,False
370078,OKLAHOMA STATE UNIVERSITY MEDICAL CENTER,TULSA,OK,Acute Care Hospitals,hospital_info,CABG,Coronary artery bypass graft surgery,1.0722,12.951,12.0784,,,True
370078,OKLAHOMA STATE UNIVERSITY MEDICAL CENTER,TULSA,OK,Acute Care Hospitals,hospital_info,HF,Heart failure,1.0214,20.6671,20.2345,157,34,False
370078,OKLAHOMA STATE UNIVERSITY MEDICAL CENTER,TULSA,OK,Acute Care Hospitals,hospital_info,PN,Pneumonia,1.0367,16.1625,15.5897,115,21,False
370083,PUSHMATAHA HOSPITAL,ANTLERS,OK,Acute Care Hospitals,hospital_info,COPD,Chronic obstructive pulmonary disease,1.0357,17.8571,17.2417,,,True
370089,NORTHEASTERN HEALTH SYSTEM,TAHLEQUAH,OK,Acute Care Hospitals,hospital_info,AMI,Heart attack,1.0646,16.4113,15.4151,59,13,False
370089,NORTHEASTERN HEALTH SYSTEM,TAHLEQUAH,OK,Acute Care Hospitals,hospital_info,COPD,Chronic obstructive pulmonary disease,1.0019,21.282,21.242,51,11,False
370089,NORTHEASTERN HEALTH SYSTEM,TAHLEQUAH,OK,Acute Care Hospitals,hospital_info,HF,Heart failure,1.1018,21.2044,19.246,174,44,False
370089,NORTHEASTERN HEALTH SYSTEM,TAHLEQUAH,OK,Acute Care Hospitals,hospital_info,HIP-KNEE,Hip/knee replacement,1.0841,4.7112,4.3459,,,True
370091,"SAINT FRANCIS HOSPITAL, INC",TULSA,OK,Acute Care Hospitals,hospital_info,COPD,Chronic obstructive pulmonary disease,1.0326,20.8193,20.161,382,82,False
370093,O U MEDICAL CENTER,OKLAHOMA CITY,OK,Acute Care Hospitals,hospital_info,HF,Heart failure,1.0041,20.7991,20.7149,263,55,False
370093,O U MEDICAL CENTER,OKLAHOMA CITY,OK,Acute Care Hospitals,hospital_info,PN,Pneumonia,1.0222,17.7651,17.3784,318,58,False
370094,SSM HEALTH ST ANTHONY HOSPITAL - MIDWEST,MIDWEST CITY,OK,Acute Care Hospitals,hospital_info,AMI,Heart attack,1.1321,18.0055,15.9046,80,21,False
370094,SSM HEALTH ST ANTHONY HOSPITAL - MIDWEST,MIDWEST CITY,OK,Acute Care Hospitals,hospital_info,HF,Heart failure,1.0566,21.7631,20.5968,142,35,False
370094,SSM HEALTH ST ANTHONY HOSPITAL - MIDWEST,MIDWEST CITY,OK,Acute Care Hospitals,hospital_info,HIP-KNEE,Hip/knee replacement,1.4128,7.6564,5.4193,,,True
370094,SSM HEALTH ST ANTHONY HOSPITAL - MIDWEST,MIDWEST CITY,OK,Acute Care Hospitals,hospital_info,PN,Pneumonia,1.0615,16.406,15.4549,317,56,False
370097,SOUTHWESTERN MEDICAL CENTER,LAWTON,OK,Acute Care Hospitals,hospital_info,HF,Heart failure,1.101,22.7022,20.6188,74,24,False
370100,CHOCTAW MEMORIAL HOSPITAL,HUGO,OK,Acute Care Hospitals,hospital_info,COPD,Chronic obstructive pulmonary disease,1.0121,14.7152,14.5392,,,True
370100,CHOCTAW MEMORIAL HOSPITAL,HUGO,OK,Acute Care Hospitals,hospital_info,HF,Heart failure,1.0578,17.7322,16.7626,51,13,False
370106,INTEGRIS SOUTHWEST MEDICAL CENTER,OKLAHOMA CITY,OK,Acute Care Hospitals,hospital_info,AMI,Heart attack,1.0149,14.9725,14.7526,75,12,False
370106,INTEGRIS SOUTHWEST MEDICAL CENTER,OKLAHOMA CITY,OK,Acute Care Hospitals,hospital_info,COPD,Chronic obstructive pulmonary disease,1.0626,20.9988,19.7622,135,33,False
370113,INTEGRIS GROVE HOSPITAL,GROVE,OK,Acute Care Hospitals,hospital_info,HF,Heart failure,1.0098,19.0781,18.8929,54,11,False
370114,ASCENSION ST JOHN MEDICAL CENTER,TULSA,OK,Acute Care Hospitals,hospital_info,AMI,Heart attack,1.0305,13.6057,13.2032,224,32,False
370114,ASCENSION ST JOHN MEDICAL CENTER,TULSA,OK,Acute Care Hospitals,hospital_info,COPD,Chronic obstructive pulmonary disease,1.0131,20.4393,20.1753,137,29,False
370149,SSM HEALTH ST ANTHONY HOSPITAL - SHAWNEE,SHAWNEE,OK,Acute Care Hospitals,hospital_info,HIP-KNEE,Hip/knee replacement,1.0043,3.5273,3.5123,,,True
370149,SSM HEALTH ST ANTHONY HOSPITAL - SHAWNEE,SHAWNEE,OK,Acute Care Hospitals,hospital_info,PN,Pneumonia,1.0302,15.5135,15.0587,213,35,False
370158,PURCELL MUNICIPAL HOSPITAL,PURCELL,OK,Acute Care Hospitals,hospital_info,HF,Heart failure,1.0085,16.3385,16.2003,,,True
370158,PURCELL MUNICIPAL HOSPITAL,PURCELL,OK,Acute Care Hospitals,hospital_info,PN,Pneumonia,1.0086,13.303,13.1892,,,True
370166,WAGONER COMMUNITY HOSPITAL,WAGONER,OK,Acute Care Hospitals,hospital_info,PN,Pneumonia,1.0207,16.982,16.6378,,,True
370171,CHEROKEE NATION W W HASTINGS INDIAN HOSPITAL,TAHLEQUAH,OK,Acute Care Hospitals,hospital_info,COPD,Chronic obstructive pulmonary disease,1.0396,19.6413,18.8929,,,True
370171,CHEROKEE NATION W W HASTINGS INDIAN HOSPITAL,TAHLEQUAH,OK,Acute Care Hospitals,hospital_info,HF,Heart failure,1.0292,18.8206,18.2875,90,19,False
370180,CHICKASAW NATION MEDICAL CENTER,ADA,OK,Acute Care Hospitals,hospital_info,COPD,Chronic obstructive pulmonary disease,1.0138,18.5007,18.2482,,,True
370183,HILLCREST HOSPITAL HENRYETTA,HENRYETTA,OK,Acute Care Hospitals,hospital_info,PN,Pneumonia,1.0356,12.2484,11.8268,,,True
370202,HILLCREST HOSPITAL SOUTH,TULSA,OK,Acute Care Hospitals,hospital_info,COPD,Chronic obstructive pulmonary disease,1.0846,20.2204,18.6435,108,28,False
370202,HILLCREST HOSPITAL SOUTH,TULSA,OK,Acute Care Hospitals,hospital_info,HIP-KNEE,Hip/knee replacement,1.1992,7.186,5.9921,,,True
370203,"COMMUNITY HOSPITAL, LLC",OKLAHOMA CITY,OK,Acute Care Hospitals,hospital_info,HIP-KNEE,Hip/knee replacement,1.0208,4.8464,4.7478,,,True
370211,INTEGRIS CANADIAN VALLEY HOSPITAL,YUKON,OK,Acute Care Hospitals,hospital_info,PN,Pneumonia,1.002,13.4728,13.4465,244,33,False
370212,OKLAHOMA CENTER FOR ORTHOPAEDIC & MULTI-SP,OKLAHOMA CITY,OK,Acute Care Hospitals,hospital_info,HIP-KNEE,Hip/knee replacement,1.0631,4.152,3.9055,,,True
370215,"OKLAHOMA HEART HOSPITAL, LLC",OKLAHOMA CITY,OK,Acute Care Hospitals,hospital_info,AMI,Heart attack,1.0277,12.5797,12.2406,951,121,False
370215,"OKLAHOMA HEART HOSPITAL, LLC",OKLAHOMA CITY,OK,Acute Care Hospitals,hospital_info,CABG,Coronary artery bypass graft surgery,1.0104,10.2066,10.1014,791,81,False
370215,"OKLAHOMA HEART HOSPITAL, LLC",OKLAHOMA CITY,OK,Acute Care Hospitals,hospital_info,PN,Pneumonia,1.0326,16.5823,16.0581,162,29,False
370216,TULSA SPINE & SPECIALTY HOSPITAL,TULSA,OK,Acute Care Hospitals,hospital_info,HIP-KNEE,Hip/knee replacement,1.0973,5.1207,4.6668,,,True
370218,"SAINT FRANCIS HOSPITAL SOUTH, LLC",TULSA,OK,Acute Care Hospitals,hospital_info,AMI,Heart attack,1.0084,12.7988,12.6925,,,True
370218,"SAINT FRANCIS HOSPITAL SOUTH, LLC",TULSA,OK,Acute Care Hospitals,hospital_info,COPD,Chronic obstructive pulmonary disease,1.0364,17.5507,16.9336,116,23,False
370218,"SAINT FRANCIS HOSPITAL SOUTH, LLC",TULSA,OK,Acute Care Hospitals,hospital_info,HIP-KNEE,Hip/knee replacement,1.3858,5.9001,4.2575,,,True
370218,"SAINT FRANCIS HOSPITAL SOUTH, LLC",TULSA,OK,Acute Care Hospitals,hospital_info,PN,Pneumonia,1.0428,14.7621,14.1564,293,46,False
370220,ONECORE HEALTH,OKLAHOMA CITY,OK,Acute Care Hospitals,hospital_info,HIP-KNEE,Hip/knee replacement,1.0437,4.5686,4.3772,,,True
370235,ASCENSION ST JOHN BROKEN ARROW,BROKEN ARROW,OK,Acute Care Hospitals,hospital_info,PN,Pneumonia,1.0153,13.4645,13.2618,,,True
370236,INTEGRIS HEALTH EDMOND HOSPITAL,EDMOND,OK,Acute Care Hospitals,hospital_info,AMI,Heart attack,1.0701,13.8858,12.9757,76,14,False
370237,"SAINT FRANCIS HOSPITAL VINITA, INC",VINITA,OK,Acute Care Hospitals,hospital_info,PN,Pneumonia,1.0786,15.1515,14.0479,139,26,False
370240,INTEGRIS COMMUNITY HOSPITAL - COUNCIL CROSSING,OKLAHOMA CITY,OK,Acute Care Hospitals,hospital_info,PN,Pneumonia,1.0111,13.0091,12.8665,,,True
380004,PROVIDENCE ST VINCENT MEDICAL CENTER,PORTLAND,OR,Acute Care Hospitals,hospital_info,HIP-KNEE,Hip/knee replacement,1.0045,6.2657,6.2375,,,True
380004,PROVIDENCE ST VINCENT MEDICAL CENTER,PORTLAND,OR,Acute Care Hospitals,hospital_info,PN,Pneumonia,1.0161,14.4719,14.2423,283,42,False
380007,LEGACY EMANUEL MEDICAL CENTER,PORTLAND,OR,Acute Care Hospitals,hospital_info,HF,Heart failure,1.0264,20.6426,20.1123,141,31,False
380009,OHSU HOSPITAL AND CLINICS,PORTLAND,OR,Acute Care Hospitals,hospital_info,AMI,Heart attack,1.0553,13.9402,13.2099,138,22,False
380009,OHSU HOSPITAL AND CLINICS,PORTLAND,OR,Acute Care Hospitals,hospital_info,CABG,Coronary artery bypass graft surgery,1.0439,10.8749,10.4174,,,True
380014,GOOD SAMARITAN REGIONAL MEDICAL CENTER,CORVALLIS,OR,Acute Care Hospitals,hospital_info,HIP-KNEE,Hip/knee replacement,1.0088,4.4844,4.4454,,,True
380014,GOOD SAMARITAN REGIONAL MEDICAL CENTER,CORVALLIS,OR,Acute Care Hospitals,hospital_info,PN,Pneumonia,1.0296,14.0429,13.6394,129,20,False
380017,LEGACY GOOD SAMARITAN MEDICAL CENTER,PORTLAND,OR,Acute Care Hospitals,hospital_info,HF,Heart failure,1.012,20.0708,19.8319,190,39,False
380017,LEGACY GOOD SAMARITAN MEDICAL CENTER,PORTLAND,OR,Acute Care Hospitals,hospital_info,PN,Pneumonia,1.0191,16.2235,15.9196,97,17,False
380020,MCKENZIE-WILLAMETTE MEDICAL CENTER,SPRINGFIELD,OR,Acute Care Hospitals,hospital_info,COPD,Chronic obstructive pulmonary disease,1.0187,14.7663,14.4946,,,True
380020,MCKENZIE-WILLAMETTE MEDICAL CENTER,SPRINGFIELD,OR,Acute Care Hospitals,hospital_info,HIP-KNEE,Hip/knee replacement,1.0028,5.4256,5.4104,,,True
380020,MCKENZIE-WILLAMETTE MEDICAL CENTER,SPRINGFIELD,OR,Acute Care Hospitals,hospital_info,PN,Pneumonia,1.0289,14.4127,14.0073,112,18,False
380021,HILLSBORO MEDICAL CENTER,HILLSBORO,OR,Acute Care Hospitals,hospital_info,PN,Pneumonia,1.0068,15.3921,15.2883,114,18,False
380029,LEGACY SILVERTON MEDICAL CENTER,SILVERTON,OR,Acute Care Hospitals,hospital_info,PN,Pneumonia,1.004,14.3629,14.3055,,,True
380038,PROVIDENCE WILLAMETTE FALLS MEDICAL CENTER,OREGON CITY,OR,Acute Care Hospitals,hospital_info,HIP-KNEE,Hip/knee replacement,1.1384,5.8074,5.1015,,,True
380038,PROVIDENCE WILLAMETTE FALLS MEDICAL CENTER,OREGON CITY,OR,Acute Care Hospitals,hospital_info,PN,Pneumonia,1.003,13.4615,13.4213,110,15,False
380050,SKY LAKES MEDICAL CENTER,KLAMATH FALLS,OR,Acute Care Hospitals,hospital_info,AMI,Heart attack,1.0018,12.8706,12.8478,,,True
380050,SKY LAKES MEDICAL CENTER,KLAMATH FALLS,OR,Acute Care Hospitals,hospital_info,HF,Heart failure,1.0302,20.2704,19.6756,236,50,False
380052,SAINT ALPHONSUS MEDICAL CENTER ONTARIO,ONTARIO,OR,Acute Care Hospitals,hospital_info,HF,Heart failure,1.0146,19.235,18.9585,57,12,False
380060,ADVENTIST HEALTH PORTLAND,PORTLAND,OR,Acute Care Hospitals,hospital_info,COPD,Chronic obstructive pulmonary disease,1.0086,19.8754,19.7066,,,True
380071,WILLAMETTE VALLEY MEDICAL CENTER,MCMINNVILLE,OR,Acute Care Hospitals,hospital_info,COPD,Chronic obstructive pulmonary disease,1.0703,17.3068,16.1698,47,13,False
380075,PROVIDENCE MEDFORD MEDICAL CENTER,MEDFORD,OR,Acute Care Hospitals,hospital_info,AMI,Heart attack,1.0625,12.7054,11.958,,,True
380075,PROVIDENCE MEDFORD MEDICAL CENTER,MEDFORD,OR,Acute Care Hospitals,hospital_info,HIP-KNEE,Hip/knee replacement,1.1866,9.191,7.7457,,,True
380082,PROVIDENCE MILWAUKIE HOSPITAL,MILWAUKIE,OR,Acute Care Hospitals,hospital_info,PN,Pneumonia,1.007,13.2528,13.1608,,,True
380089,LEGACY MERIDIAN PARK MEDICAL CENTER,TUALATIN,OR,Acute Care Hospitals,hospital_info,COPD,Chronic obstructive pulmonary disease,1.0229,15.6039,15.2541,,,True
380089,LEGACY MERIDIAN PARK MEDICAL CENTER,TUALATIN,OR,Acute Care Hospitals,hospital_info,HIP-KNEE,Hip/knee replacement,1.2764,7.8519,6.1517,,,True
380090,BAY AREA HOSPITAL,COOS BAY,OR,Acute Care Hospitals,hospital_info,AMI,Heart attack,1.0084,13.6076,13.4949,210,29,False
380090,BAY AREA HOSPITAL,COOS BAY,OR,Acute Care Hospitals,hospital_info,COPD,Chronic obstructive pulmonary disease,1.0572,19.1465,18.1099,135,30,False
380090,BAY AREA HOSPITAL,COOS BAY,OR,Acute Care Hospitals,hospital_info,HF,Heart failure,1.0521,20.5789,19.559,395,85,False
380090,BAY AREA HOSPITAL,COOS BAY,OR,Acute Care Hospitals,hospital_info,HIP-KNEE,Hip/knee replacement,1.0233,5.6388,5.5103,,,True
390001,GEISINGER-COMMUNITY MEDICAL CENTER,SCRANTON,PA,Acute Care Hospitals,hospital_info,AMI,Heart attack,1.0093,12.5981,12.4825,163,21,False
390001,GEISINGER-COMMUNITY MEDICAL CENTER,SCRANTON,PA,Acute Care Hospitals,hospital_info,CABG,Coronary artery bypass graft surgery,1.0255,11.1167,10.8399,,,True
390001,GEISINGER-COMMUNITY MEDICAL CENTER,SCRANTON,PA,Acute Care Hospitals,hospital_info,HIP-KNEE,Hip/knee replacement,1.1619,6.0896,5.2409,,,True
390001,GEISINGER-COMMUNITY MEDICAL CENTER,SCRANTON,PA,Acute Care Hospitals,hospital_info,PN,Pneumonia,1.0984,17.796,16.2023,571,108,False
390002,UPMC MCKEESPORT HOSPITAL,MC KEESPORT,PA,Acute Care Hospitals,hospital_info,COPD,Chronic obstructive pulmonary disease,1.0114,20.406,20.1766,,,True
390003,GEISINGER-BLOOMSBURG HOSPITAL,BLOOMSBURG,PA,Acute Care Hospitals,hospital_info,HF,Heart failure,1.0128,17.7137,17.4899,74,14,False
390004,PENN STATE HEALTH HOLY SPIRIT MEDICAL CENTER,CAMP HILL,PA,Acute Care Hospitals,hospital_info,AMI,Heart attack,1.1173,14.865,13.3049,110,22,False
390004,PENN STATE HEALTH HOLY SPIRIT MEDICAL CENTER,CAMP HILL,PA,Acute Care Hospitals,hospital_info,CABG,Coronary artery bypass graft surgery,1.0083,10.7127,10.6242,,,True
390004,PENN STATE HEALTH HOLY SPIRIT MEDICAL CENTER,CAMP HILL,PA,Acute Care Hospitals,hospital_info,HF,Heart failure,1.0254,20.0483,19.5525,385,79,False
390004,PENN STATE HEALTH HOLY SPIRIT MEDICAL CENTER,CAMP HILL,PA,Acute Care Hospitals,hospital_info,HIP-KNEE,Hip/knee replacement,1.0043,5.5736,5.5498,,,True
390006,GEISINGER MEDICAL CENTER,DANVILLE,PA,Acute Care Hospitals,hospital_info,CABG,Coronary artery bypass graft surgery,1.0232,10.223,9.9912,141,15,False
390006,GEISINGER MEDICAL CENTER,DANVILLE,PA,Acute Care Hospitals,hospital_info,HF,Heart failure,1.0837,21.5207,19.858,586,132,False
390006,GEISINGER MEDICAL CENTER,DANVILLE,PA,Acute Care Hospitals,hospital_info,PN,Pneumonia,1.09,17.9017,16.4235,498,95,False
390009,SAINT VINCENT HOSPITAL,ERIE,PA,Acute Care Hospitals,hospital_info,AMI,Heart attack,1.0019,12.7062,12.682,196,25,False
390009,SAINT VINCENT HOSPITAL,ERIE,PA,Acute Care Hospitals,hospital_info,COPD,Chronic obstructive pulmonary disease,1.0138,17.8854,17.6411,95,18,False
390012,JEFFERSON LANSDALE HOSPITAL,LANSDALE,PA,Acute Care Hospitals,hospital_info,COPD,Chronic obstructive pulmonary disease,1.0417,17.5086,16.8085,120,24,False
390012,JEFFERSON LANSDALE HOSPITAL,LANSDALE,PA,Acute Care Hospitals,hospital_info,HF,Heart failure,1.0489,19.1206,18.2294,411,82,False
390012,JEFFERSON LANSDALE HOSPITAL,LANSDALE,PA,Acute Care Hospitals,hospital_info,PN,Pneumonia,1.033,14.6967,14.2267,278,43,False
390013,WELLSPAN EVANGELICAL COMMUNITY HOSPITAL,LEWISBURG,PA,Acute Care Hospitals,hospital_info,AMI,Heart attack,1.0337,12.482,12.0745,91,13,False
390016,UPMC JAMESON,NEW CASTLE,PA,Acute Care Hospitals,hospital_info,COPD,Chronic obstructive pulmonary disease,1.003,18.3676,18.3124,,,True
390016,UPMC JAMESON,NEW CASTLE,PA,Acute Care Hospitals,hospital_info,PN,Pneumonia,1.0625,20.0882,18.907,158,36,False
390026,TEMPLE HEALTH - CHESTNUT HILL HOSPITAL,PHILADELPHIA,PA,Acute Care Hospitals,hospital_info,HIP-KNEE,Hip/knee replacement,1.1752,6.3133,5.3723,,,True
390026,TEMPLE HEALTH - CHESTNUT HILL HOSPITAL,PHILADELPHIA,PA,Acute Care Hospitals,hospital_info,PN,Pneumonia,1.0783,18.6946,17.3366,309,63,False
390027,TEMPLE UNIVERSITY HOSPITAL,PHILADELPHIA,PA,Acute Care Hospitals,hospital_info,COPD,Chronic obstructive pulmonary disease,1.083,19.0835,17.6205,393,81,False
390027,TEMPLE UNIVERSITY HOSPITAL,PHILADELPHIA,PA,Acute Care Hospitals,hospital_info,HF,Heart failure,1.0611,22.5485,21.2495,712,165,False
390028,UPMC MERCY,PITTSBURGH,PA,Acute Care Hospitals,hospital_info,AMI,Heart attack,1.0274,12.5936,12.2572,,,True
390028,UPMC MERCY,PITTSBURGH,PA,Acute Care Hospitals,hospital_info,COPD,Chronic obstructive pulmonary disease,1.0329,22.3081,21.5975,38,11,False
390030,SCHUYLKILL MEDICAL CENTER - SOUTH JACKSON STREET,POTTSVILLE,PA,Acute Care Hospitals,hospital_info,HF,Heart failure,1.0405,20.5575,19.757,234,51,False
390032,ALLEGHENY VALLEY HOSPITAL,NATRONA,PA,Acute Care Hospitals,hospital_info,COPD,Chronic obstructive pulmonary disease,1.0057,17.4605,17.3619,,,True
390032,ALLEGHENY VALLEY HOSPITAL,NATRONA,PA,Acute Care Hospitals,hospital_info,HF,Heart failure,1.0168,19.1463,18.829,140,28,False
390035,ST LUKE'S HOSPITAL - UPPER BUCKS CAMPUS,QUAKERTOWN,PA,Acute Care Hospitals,hospital_info,COPD,Chronic obstructive pulmonary disease,1.0047,17.0163,16.9376,,,True
390035,ST LUKE'S HOSPITAL - UPPER BUCKS CAMPUS,QUAKERTOWN,PA,Acute Care Hospitals,hospital_info,HF,Heart failure,1.0073,18.8176,18.6817,247,47,False
390035,ST LUKE'S HOSPITAL - UPPER BUCKS CAMPUS,QUAKERTOWN,PA,Acute Care Hospitals,hospital_info,PN,Pneumonia,1.0477,16.1723,15.4359,228,40,False
390036,HERITAGE VALLEY BEAVER,BEAVER,PA,Acute Care Hospitals,hospital_info,AMI,Heart attack,1.0271,12.0636,11.7452,105,14,False
390036,HERITAGE VALLEY BEAVER,BEAVER,PA,Acute Care Hospitals,hospital_info,COPD,Chronic obstructive pulmonary disease,1.0179,14.9974,14.7334,,,True
390036,HERITAGE VALLEY BEAVER,BEAVER,PA,Acute Care Hospitals,hospital_info,HIP-KNEE,Hip/knee replacement,1.0461,4.6163,4.4128,,,True
390037,HERITAGE VALLEY SEWICKLEY,SEWICKLEY,PA,Acute Care Hospitals,hospital_info,HIP-KNEE,Hip/knee replacement,1.0487,3.878,3.6979,,,True
390037,HERITAGE VALLEY SEWICKLEY,SEWICKLEY,PA,Acute Care Hospitals,hospital_info,PN,Pneumonia,1.0009,14.1066,14.0937,113,16,False
390039,UPMC SOMERSET,SOMERSET,PA,Acute Care Hospitals,hospital_info,AMI,Heart attack,1.0273,14.7727,14.3805,,,True
390041,UNIONTOWN HOSPITAL,UNIONTOWN,PA,Acute Care Hospitals,hospital_info,AMI,Heart attack,1.0422,13.8574,13.2961,64,11,False
390041,UNIONTOWN HOSPITAL,UNIONTOWN,PA,Acute Care Hospitals,hospital_info,COPD,Chronic obstructive pulmonary disease,1.0014,17.9481,17.9226,83,15,False
390041,UNIONTOWN HOSPITAL,UNIONTOWN,PA,Acute Care Hospitals,hospital_info,HF,Heart failure,1.0898,22.5027,20.6487,180,47,False
390042,"WASHINGTON HOSPITAL, THE",WASHINGTON,PA,Acute Care Hospitals,hospital_info,COPD,Chronic obstructive pulmonary disease,1.0337,16.5984,16.0566,52,11,False
390042,"WASHINGTON HOSPITAL, THE",WASHINGTON,PA,Acute Care Hospitals,hospital_info,HF,Heart failure,1.0242,17.3978,16.9865,203,37,False
390042,"WASHINGTON HOSPITAL, THE",WASHINGTON,PA,Acute Care Hospitals,hospital_info,PN,Pneumonia,1.0111,14.4308,14.2722,189,28,False
390044,READING HOSPITAL,WEST READING,PA,Acute Care Hospitals,hospital_info,CABG,Coronary artery bypass graft surgery,1.1314,12.6008,11.1374,133,20,False
390044,READING HOSPITAL,WEST READING,PA,Acute Care Hospitals,hospital_info,COPD,Chronic obstructive pulmonary disease,1.0451,21.1041,20.1937,287,64,False
390044,READING HOSPITAL,WEST READING,PA,Acute Care Hospitals,hospital_info,HF,Heart failure,1.0129,20.3264,20.0678,1368,279,False
390044,READING HOSPITAL,WEST READING,PA,Acute Care Hospitals,hospital_info,PN,Pneumonia,1.0719,17.7986,16.6052,923,169,False
390045,UPMC WILLIAMSPORT,WILLIAMSPORT,PA,Acute Care Hospitals,hospital_info,AMI,Heart attack,1.0522,12.1877,11.583,209,28,False
390045,UPMC WILLIAMSPORT,WILLIAMSPORT,PA,Acute Care Hospitals,hospital_info,CABG,Coronary artery bypass graft surgery,1.0167,10.8449,10.6665,,,True
390045,UPMC WILLIAMSPORT,WILLIAMSPORT,PA,Acute Care Hospitals,hospital_info,COPD,Chronic obstructive pulmonary disease,1.0181,19.1116,18.7718,129,26,False
390046,WELLSPAN YORK HOSPITAL,YORK,PA,Acute Care Hospitals,hospital_info,AMI,Heart attack,1.0694,14.4069,13.4721,351,54,False
390046,WELLSPAN YORK HOSPITAL,YORK,PA,Acute Care Hospitals,hospital_info,CABG,Coronary artery bypass graft surgery,1.0341,9.7584,9.4369,104,11,False
390048,GEISINGER-LEWISTOWN HOSPITAL,LEWISTOWN,PA,Acute Care Hospitals,hospital_info,HF,Heart failure,1.0088,18.8844,18.7203,235,45,False
390049,ST LUKES HOSPITAL,BETHLEHEM,PA,Acute Care Hospitals,hospital_info,AMI,Heart attack,1.0397,12.3867,11.9142,275,36,False
390049,ST LUKES HOSPITAL,BETHLEHEM,PA,Acute Care Hospitals,hospital_info,CABG,Coronary artery bypass graft surgery,1.0976,10.9096,9.9398,198,24,False
390049,ST LUKES HOSPITAL,BETHLEHEM,PA,Acute Care Hospitals,hospital_info,HF,Heart failure,1.1156,21.5116,19.2825,1125,250,False
390049,ST LUKES HOSPITAL,BETHLEHEM,PA,Acute Care Hospitals,hospital_info,PN,Pneumonia,1.037,16.9198,16.3167,606,105,False
390050,ALLEGHENY GENERAL HOSPITAL,PITTSBURGH,PA,Acute Care Hospitals,hospital_info,CABG,Coronary artery bypass graft surgery,1.0628,10.2448,9.6396,141,16,False
390050,ALLEGHENY GENERAL HOSPITAL,PITTSBURGH,PA,Acute Care Hospitals,hospital_info,COPD,Chronic obstructive pulmonary disease,1.0229,17.0477,16.6654,,,True
390050,ALLEGHENY GENERAL HOSPITAL,PITTSBURGH,PA,Acute Care Hospitals,hospital_info,HF,Heart failure,1.0066,21.6513,21.5095,358,78,False
390050,ALLEGHENY GENERAL HOSPITAL,PITTSBURGH,PA,Acute Care Hospitals,hospital_info,HIP-KNEE,Hip/knee replacement,1.1174,6.9677,6.2358,,,True
390056,PENN HIGHLANDS HUNTINGDON,HUNTINGDON,PA,Acute Care Hospitals,hospital_info,AMI,Heart attack,1.0407,11.8456,11.382,,,True
390056,PENN HIGHLANDS HUNTINGDON,HUNTINGDON,PA,Acute Care Hospitals,hospital_info,COPD,Chronic obstructive pulmonary disease,1.0096,16.6352,16.4778,,,True
390056,PENN HIGHLANDS HUNTINGDON,HUNTINGDON,PA,Acute Care Hospitals,hospital_info,PN,Pneumonia,1.0378,14.5347,14.0048,66,12,False
390057,ST LUKE'S HOSPITAL - GRAND VIEW CAMPUS,SELLERSVILLE,PA,Acute Care Hospitals,hospital_info,AMI,Heart attack,1.0354,12.4995,12.0721,74,11,False
390057,ST LUKE'S HOSPITAL - GRAND VIEW CAMPUS,SELLERSVILLE,PA,Acute Care Hospitals,hospital_info,PN,Pneumonia,1.0336,16.2178,15.6902,344,58,False
390058,UPMC CARLISLE,CARLISLE,PA,Acute Care Hospitals,hospital_info,HF,Heart failure,1.0531,20.162,19.1458,264,57,False
390063,UPMC HAMOT,ERIE,PA,Acute Care Hospitals,hospital_info,CABG,Coronary artery bypass graft surgery,1.0469,9.2871,8.8707,106,11,False
390063,UPMC HAMOT,ERIE,PA,Acute Care Hospitals,hospital_info,COPD,Chronic obstructive pulmonary disease,1.0404,19.1479,18.4046,136,29,False
390063,UPMC HAMOT,ERIE,PA,Acute Care Hospitals,hospital_info,HF,Heart failure,1.1106,21.9545,19.7685,575,134,False
390067,UPMC PINNACLE HOSPITALS,HARRISBURG,PA,Acute Care Hospitals,hospital_info,AMI,Heart attack,1.0587,13.1563,12.4273,381,53,False
390067,UPMC PINNACLE HOSPITALS,HARRISBURG,PA,Acute Care Hospitals,hospital_info,CABG,Coronary artery bypass graft surgery,1.1892,12.4849,10.4984,236,34,False
390067,UPMC PINNACLE HOSPITALS,HARRISBURG,PA,Acute Care Hospitals,hospital_info,COPD,Chronic obstructive pulmonary disease,1.0559,18.2225,17.2576,203,41,False
390068,UPMC LITITZ,LITITZ,PA,Acute Care Hospitals,hospital_info,HF,Heart failure,1.0305,17.2717,16.7598,121,23,False
390068,UPMC LITITZ,LITITZ,PA,Acute Care Hospitals,hospital_info,HIP-KNEE,Hip/knee replacement,1.083,5.919,5.4651,,,True
390070,LOWER BUCKS HOSPITAL,BRISTOL,PA,Acute Care Hospitals,hospital_info,COPD,Chronic obstructive pulmonary disease,1.0564,18.9836,17.9708,,,True
390070,LOWER BUCKS HOSPITAL,BRISTOL,PA,Acute Care Hospitals,hospital_info,HF,Heart failure,1.0533,20.3011,19.2743,70,18,False
390073,UPMC ALTOONA,ALTOONA,PA,Acute Care Hospitals,hospital_info,AMI,Heart attack,1.006,13.8864,13.8037,113,16,False
390079,ROBERT PACKER HOSPITAL,SAYRE,PA,Acute Care Hospitals,hospital_info,COPD,Chronic obstructive pulmonary disease,1.0875,18.4961,17.0074,172,38,False
390090,WEST PENN HOSPITAL,PITTSBURGH,PA,Acute Care Hospitals,hospital_info,PN,Pneumonia,1.0109,19.4114,19.2015,63,13,False
390091,UPMC NORTHWEST,SENECA,PA,Acute Care Hospitals,hospital_info,COPD,Chronic obstructive pulmonary disease,1.0128,17.8918,17.6649,73,14,False
390091,UPMC NORTHWEST,SENECA,PA,Acute Care Hospitals,hospital_info,PN,Pneumonia,1.1278,19.4538,17.2495,209,49,False
390093,INDEPENDENCE HEALTH SYSTEM CLARION HOSPITAL,CLARION,PA,Acute Care Hospitals,hospital_info,COPD,Chronic obstructive pulmonary disease,1.0239,16.5269,16.1413,,,True
390096,PENN STATE HEALTH ST. JOSEPH,READING,PA,Acute Care Hospitals,hospital_info,CABG,Coronary artery bypass graft surgery,1.0565,11.1609,10.5643,,,True
390096,PENN STATE HEALTH ST. JOSEPH,READING,PA,Acute Care Hospitals,hospital_info,HF,Heart failure,1.0326,20.0934,19.4582,501,103,False
390097,HOLY REDEEMER HOSPITAL AND MEDICAL CENTER,MEADOWBROOK,PA,Acute Care Hospitals,hospital_info,AMI,Heart attack,1.0459,14.149,13.5282,104,17,False
390097,HOLY REDEEMER HOSPITAL AND MEDICAL CENTER,MEADOWBROOK,PA,Acute Care Hospitals,hospital_info,HF,Heart failure,1.054,18.8261,17.8613,490,96,False
390097,HOLY REDEEMER HOSPITAL AND MEDICAL CENTER,MEADOWBROOK,PA,Acute Care Hospitals,hospital_info,HIP-KNEE,Hip/knee replacement,1.075,4.7768,4.4435,255,13,False
390100,LANCASTER GENERAL HOSPITAL,LANCASTER,PA,Acute Care Hospitals,hospital_info,AMI,Heart attack,1.0626,14.7088,13.8425,448,69,False
390100,LANCASTER GENERAL HOSPITAL,LANCASTER,PA,Acute Care Hospitals,hospital_info,CABG,Coronary artery bypass graft surgery,1.0986,10.8063,9.8362,172,21,False
390101,UPMC MEMORIAL,YORK,PA,Acute Care Hospitals,hospital_info,HF,Heart failure,1.0093,18.4091,18.2401,230,43,False
390101,UPMC MEMORIAL,YORK,PA,Acute Care Hospitals,hospital_info,HIP-KNEE,Hip/knee replacement,1.137,6.4539,5.6762,,,True
390101,UPMC MEMORIAL,YORK,PA,Acute Care Hospitals,hospital_info,PN,Pneumonia,1.0314,15.7383,15.259,152,26,False
390102,UPMC ST MARGARET,PITTSBURGH,PA,Acute Care Hospitals,hospital_info,COPD,Chronic obstructive pulmonary disease,1.0096,15.4257,15.2788,,,True
390102,UPMC ST MARGARET,PITTSBURGH,PA,Acute Care Hospitals,hospital_info,HF,Heart failure,1.0334,21.1455,20.4621,225,50,False
390102,UPMC ST MARGARET,PITTSBURGH,PA,Acute Care Hospitals,hospital_info,HIP-KNEE,Hip/knee replacement,1.482,6.2026,4.1853,185,16,False
390107,UPMC PASSAVANT,PITTSBURGH,PA,Acute Care Hospitals,hospital_info,AMI,Heart attack,1.0348,14.0052,13.5342,166,25,False
390107,UPMC PASSAVANT,PITTSBURGH,PA,Acute Care Hospitals,hospital_info,CABG,Coronary artery bypass graft surgery,1.0782,10.995,10.1978,,,True
390107,UPMC PASSAVANT,PITTSBURGH,PA,Acute Care Hospitals,hospital_info,COPD,Chronic obstructive pulmonary disease,1.0002,17.2683,17.2653,81,14,False
390107,UPMC PASSAVANT,PITTSBURGH,PA,Acute Care Hospitals,hospital_info,HF,Heart failure,1.0145,19.9436,19.6589,436,88,False
390110,CONEMAUGH MEMORIAL MEDICAL CENTER,JOHNSTOWN,PA,Acute Care Hospitals,hospital_info,COPD,Chronic obstructive pulmonary disease,1.021,18.6359,18.2519,,,True
390110,CONEMAUGH MEMORIAL MEDICAL CENTER,JOHNSTOWN,PA,Acute Care Hospitals,hospital_info,HF,Heart failure,1.0023,19.834,19.7884,221,44,False
390110,CONEMAUGH MEMORIAL MEDICAL CENTER,JOHNSTOWN,PA,Acute Care Hospitals,hospital_info,PN,Pneumonia,1.1529,21.2308,18.4147,292,72,False
390111,HOSPITAL OF UNIV OF PENNSYLVANIA,PHILADELPHIA,PA,Acute Care Hospitals,hospital_info,AMI,Heart attack,1.0294,14.8315,14.4078,145,23,False
390111,HOSPITAL OF UNIV OF PENNSYLVANIA,PHILADELPHIA,PA,Acute Care Hospitals,hospital_info,CABG,Coronary artery bypass graft surgery,1.0324,10.8041,10.4645,270,30,False
390111,HOSPITAL OF UNIV OF PENNSYLVANIA,PHILADELPHIA,PA,Acute Care Hospitals,hospital_info,PN,Pneumonia,1.0858,21.5556,19.8528,316,74,False
390112,CHAN SOON- SHIONG MEDICAL CENTER AT WINDBER,WINDBER,PA,Acute Care Hospitals,hospital_info,AMI,Heart attack,1.0019,12.2083,12.1853,,,True
390112,CHAN SOON- SHIONG MEDICAL CENTER AT WINDBER,WINDBER,PA,Acute Care Hospitals,hospital_info,HF,Heart failure,1.0257,17.4037,16.9683,53,11,False
390112,CHAN SOON- SHIONG MEDICAL CENTER AT WINDBER,WINDBER,PA,Acute Care Hospitals,hospital_info,HIP-KNEE,Hip/knee replacement,1.0881,4.8632,4.4695,,,True
390112,CHAN SOON- SHIONG MEDICAL CENTER AT WINDBER,WINDBER,PA,Acute Care Hospitals,hospital_info,PN,Pneumonia,1.0303,14.3747,13.9517,,,True
390113,MEADVILLE MEDICAL CENTER,MEADVILLE,PA,Acute Care Hospitals,hospital_info,HF,Heart failure,1.005,18.817,18.7242,216,41,False
390114,MAGEE WOMENS HOSPITAL OF UPMC HEALTH SYSTEM,PITTSBURGH,PA,Acute Care Hospitals,hospital_info,HIP-KNEE,Hip/knee replacement,1.19,5.7476,4.8299,,,True
390115,JEFFERSON HEALTH- NORTHEAST,PHILADELPHIA,PA,Acute Care Hospitals,hospital_info,AMI,Heart attack,1.0959,15.2778,13.9408,185,33,False
390115,JEFFERSON HEALTH- NORTHEAST,PHILADELPHIA,PA,Acute Care Hospitals,hospital_info,CABG,Coronary artery bypass graft surgery,1.1005,13.1792,11.9756,102,16,False
390115,JEFFERSON HEALTH- NORTHEAST,PHILADELPHIA,PA,Acute Care Hospitals,hospital_info,COPD,Chronic obstructive pulmonary disease,1.1018,19.9055,18.0657,310,69,False
390115,JEFFERSON HEALTH- NORTHEAST,PHILADELPHIA,PA,Acute Care Hospitals,hospital_info,HF,Heart failure,1.2197,24.2057,19.8449,839,218,False
390115,JEFFERSON HEALTH- NORTHEAST,PHILADELPHIA,PA,Acute Care Hospitals,hospital_info,HIP-KNEE,Hip/knee replacement,1.0699,5.0599,4.7292,222,12,False
390115,JEFFERSON HEALTH- NORTHEAST,PHILADELPHIA,PA,Acute Care Hospitals,hospital_info,PN,Pneumonia,1.0699,17.8106,16.6463,468,88,False
390116,SUBURBAN COMMUNITY HOSPITAL,NORRISTOWN,PA,Acute Care Hospitals,hospital_info,HF,Heart failure,1.032,20.2445,19.616,48,12,False
390117,UPMC BEDFORD MEMORIAL,EVERETT,PA,Acute Care Hospitals,hospital_info,PN,Pneumonia,1.0044,15.9904,15.9205,142,23,False
390123,POTTSTOWN HOSPITAL,POTTSTOWN,PA,Acute Care Hospitals,hospital_info,COPD,Chronic obstructive pulmonary disease,1.013,17.24,17.0194,99,18,False
390123,POTTSTOWN HOSPITAL,POTTSTOWN,PA,Acute Care Hospitals,hospital_info,HIP-KNEE,Hip/knee replacement,1.1144,5.6324,5.0541,,,True
390123,POTTSTOWN HOSPITAL,POTTSTOWN,PA,Acute Care Hospitals,hospital_info,PN,Pneumonia,1.0058,15.8777,15.7865,281,45,False
390125,WAYNE MEMORIAL HOSPITAL,HONESDALE,PA,Acute Care Hospitals,hospital_info,HIP-KNEE,Hip/knee replacement,1.1901,5.4918,4.6144,,,True
390127,PHOENIXVILLE HOSPITAL,PHOENIXVILLE,PA,Acute Care Hospitals,hospital_info,AMI,Heart attack,1.1651,15.1275,12.9844,153,31,False
390127,PHOENIXVILLE HOSPITAL,PHOENIXVILLE,PA,Acute Care Hospitals,hospital_info,COPD,Chronic obstructive pulmonary disease,1.0147,19.6184,19.3335,132,27,False
390127,PHOENIXVILLE HOSPITAL,PHOENIXVILLE,PA,Acute Care Hospitals,hospital_info,HF,Heart failure,1.0926,21.2357,19.4356,365,84,False
390127,PHOENIXVILLE HOSPITAL,PHOENIXVILLE,PA,Acute Care Hospitals,hospital_info,PN,Pneumonia,1.1271,17.8168,15.8077,269,56,False
390133,LEHIGH VALLEY HOSPITAL,ALLENTOWN,PA,Acute Care Hospitals,hospital_info,AMI,Heart attack,1.0285,13.313,12.9441,763,103,False
390133,LEHIGH VALLEY HOSPITAL,ALLENTOWN,PA,Acute Care Hospitals,hospital_info,COPD,Chronic obstructive pulmonary disease,1.153,21.129,18.3257,555,128,False
390133,LEHIGH VALLEY HOSPITAL,ALLENTOWN,PA,Acute Care Hospitals,hospital_info,HF,Heart failure,1.0272,19.6852,19.1637,2459,486,False
390133,LEHIGH VALLEY HOSPITAL,ALLENTOWN,PA,Acute Care Hospitals,hospital_info,HIP-KNEE,Hip/knee replacement,1.2876,7.493,5.8195,641,51,False
390133,LEHIGH VALLEY HOSPITAL,ALLENTOWN,PA,Acute Care Hospitals,hospital_info,PN,Pneumonia,1.154,18.0053,15.6022,1329,249,False
390137,WILKES-BARRE GENERAL HOSPITAL,WILKES-BARRE,PA,Acute Care Hospitals,hospital_info,AMI,Heart attack,1.102,16.2906,14.7829,165,32,False
390138,WELLSPAN WAYNESBORO HOSPITAL,WAYNESBORO,PA,Acute Care Hospitals,hospital_info,COPD,Chronic obstructive pulmonary disease,1.0829,16.8527,15.5624,61,16,False
390139,BRYN MAWR HOSPITAL,BRYN MAWR,PA,Acute Care Hospitals,hospital_info,AMI,Heart attack,1.0634,13.5865,12.7761,117,19,False
390139,BRYN MAWR HOSPITAL,BRYN MAWR,PA,Acute Care Hospitals,hospital_info,COPD,Chronic obstructive pulmonary disease,1.0446,18.8264,18.0234,206,42,False
390139,BRYN MAWR HOSPITAL,BRYN MAWR,PA,Acute Care Hospitals,hospital_info,HF,Heart failure,1.0936,20.9565,19.1631,718,157,False
390139,BRYN MAWR HOSPITAL,BRYN MAWR,PA,Acute Care Hospitals,hospital_info,HIP-KNEE,Hip/knee replacement,1.2329,6.9607,5.6458,324,25,False
390142,JEFFERSON EINSTEIN PHILADELPHIA HOSPITAL,PHILADELPHIA,PA,Acute Care Hospitals,hospital_info,AMI,Heart attack,1.0593,18.8368,17.7825,63,15,False
390142,JEFFERSON EINSTEIN PHILADELPHIA HOSPITAL,PHILADELPHIA,PA,Acute Care Hospitals,hospital_info,CABG,Coronary artery bypass graft surgery,1.0068,15.2236,15.1203,,,True
390142,JEFFERSON EINSTEIN PHILADELPHIA HOSPITAL,PHILADELPHIA,PA,Acute Care Hospitals,hospital_info,HF,Heart failure,1.0369,23.9853,23.1315,322,80,False
390142,JEFFERSON EINSTEIN PHILADELPHIA HOSPITAL,PHILADELPHIA,PA,Acute Care Hospitals,hospital_info,PN,Pneumonia,1.0212,18.3374,17.9575,123,24,False
390145,EXCELA HEALTH WESTMORELAND REGIONAL HOSPITAL,GREENSBURG,PA,Acute Care Hospitals,hospital_info,CABG,Coronary artery bypass graft surgery,1.0138,11.2258,11.0733,,,True
390145,EXCELA HEALTH WESTMORELAND REGIONAL HOSPITAL,GREENSBURG,PA,Acute Care Hospitals,hospital_info,HF,Heart failure,1.1225,23.7584,21.1662,258,70,False
390145,EXCELA HEALTH WESTMORELAND REGIONAL HOSPITAL,GREENSBURG,PA,Acute Care Hospitals,hospital_info,HIP-KNEE,Hip/knee replacement,1.2573,4.7003,3.7385,392,21,False
390146,WARREN GENERAL HOSPITAL,WARREN,PA,Acute Care Hospitals,hospital_info,COPD,Chronic obstructive pulmonary disease,1.0443,20.2139,19.3558,58,15,False
390146,WARREN GENERAL HOSPITAL,WARREN,PA,Acute Care Hospitals,hospital_info,PN,Pneumonia,1.0558,16.6895,15.8068,146,28,False
390147,PENN HIGHLANDS MON VALLEY,MONONGAHELA,PA,Acute Care Hospitals,hospital_info,AMI,Heart attack,1.0237,12.6741,12.3813,,,True
390147,PENN HIGHLANDS MON VALLEY,MONONGAHELA,PA,Acute Care Hospitals,hospital_info,HF,Heart failure,1.0978,17.7834,16.1986,87,22,False
390151,WELLSPAN CHAMBERSBURG HOSPITAL,CHAMBERSBURG,PA,Acute Care Hospitals,hospital_info,AMI,Heart attack,1.0447,13.4513,12.8753,266,38,False
390151,WELLSPAN CHAMBERSBURG HOSPITAL,CHAMBERSBURG,PA,Acute Care Hospitals,hospital_info,COPD,Chronic obstructive pulmonary disease,1.016,18.2483,17.9618,147,28,False
390153,PAOLI HOSPITAL,PAOLI,PA,Acute Care Hospitals,hospital_info,COPD,Chronic obstructive pulmonary disease,1.0223,17.6966,17.3102,200,37,False
390156,MERCY CATHOLIC MEDICAL CENTER- MERCY FITZGERALD,DARBY,PA,Acute Care Hospitals,hospital_info,COPD,Chronic obstructive pulmonary disease,1.0415,21.3339,20.4842,107,26,False
390156,MERCY CATHOLIC MEDICAL CENTER- MERCY FITZGERALD,DARBY,PA,Acute Care Hospitals,hospital_info,HF,Heart failure,1.0995,21.9722,19.9839,200,51,False
390156,MERCY CATHOLIC MEDICAL CENTER- MERCY FITZGERALD,DARBY,PA,Acute Care Hospitals,hospital_info,PN,Pneumonia,1.0691,19.4267,18.1706,84,21,False
390160,CANONSBURG GENERAL HOSPITAL,CANONSBURG,PA,Acute Care Hospitals,hospital_info,HF,Heart failure,1.0058,18.1205,18.0164,75,14,False
390160,CANONSBURG GENERAL HOSPITAL,CANONSBURG,PA,Acute Care Hospitals,hospital_info,PN,Pneumonia,1.0088,17.0475,16.8981,61,11,False
390162,ST LUKE'S HOSPITAL - EASTON CAMPUS,EASTON,PA,Acute Care Hospitals,hospital_info,COPD,Chronic obstructive pulmonary disease,1.0318,13.3511,12.9397,,,True
390163,ACMH HOSPITAL,KITTANNING,PA,Acute Care Hospitals,hospital_info,COPD,Chronic obstructive pulmonary disease,1.0346,15.8944,15.3622,,,True
390163,ACMH HOSPITAL,KITTANNING,PA,Acute Care Hospitals,hospital_info,PN,Pneumonia,1.112,15.4253,13.8719,78,19,False
390164,UPMC PRESBYTERIAN SHADYSIDE,PITTSBURGH,PA,Acute Care Hospitals,hospital_info,AMI,Heart attack,1.0508,15.2898,14.5511,225,37,False
390164,UPMC PRESBYTERIAN SHADYSIDE,PITTSBURGH,PA,Acute Care Hospitals,hospital_info,CABG,Coronary artery bypass graft surgery,1.2072,12.5844,10.4246,136,22,False
390164,UPMC PRESBYTERIAN SHADYSIDE,PITTSBURGH,PA,Acute Care Hospitals,hospital_info,COPD,Chronic obstructive pulmonary disease,1.0165,19.4152,19.1007,107,22,False
390164,UPMC PRESBYTERIAN SHADYSIDE,PITTSBURGH,PA,Acute Care Hospitals,hospital_info,HF,Heart failure,1.0141,22.1724,21.8649,541,121,False
390168,INDEPENDENCE HEALTH SYSTEM BUTLER MEMORIAL HOSPITA,BUTLER,PA,Acute Care Hospitals,hospital_info,AMI,Heart attack,1.0211,11.47,11.2335,148,18,False
390168,INDEPENDENCE HEALTH SYSTEM BUTLER MEMORIAL HOSPITA,BUTLER,PA,Acute Care Hospitals,hospital_info,CABG,Coronary artery bypass graft surgery,1.0332,9.9558,9.6356,,,True
390168,INDEPENDENCE HEALTH SYSTEM BUTLER MEMORIAL HOSPITA,BUTLER,PA,Acute Care Hospitals,hospital_info,COPD,Chronic obstructive pulmonary disease,1.0389,18.9191,18.21,75,17,False
390173,INDIANA REGIONAL MEDICAL CENTER,INDIANA,PA,Acute Care Hospitals,hospital_info,AMI,Heart attack,1.0028,11.9121,11.8789,,,True
390173,INDIANA REGIONAL MEDICAL CENTER,INDIANA,PA,Acute Care Hospitals,hospital_info,HF,Heart failure,1.0767,18.9159,17.5677,136,31,False
390173,INDIANA REGIONAL MEDICAL CENTER,INDIANA,PA,Acute Care Hospitals,hospital_info,HIP-KNEE,Hip/knee replacement,1.028,5.0768,4.9383,,,True
390174,THOMAS JEFFERSON UNIVERSITY HOSPITAL,PHILADELPHIA,PA,Acute Care Hospitals,hospital_info,AMI,Heart attack,1.0713,14.8443,13.8563,185,31,False
390174,THOMAS JEFFERSON UNIVERSITY HOSPITAL,PHILADELPHIA,PA,Acute Care Hospitals,hospital_info,CABG,Coronary artery bypass graft surgery,1.1201,11.1912,9.9916,99,14,False
390174,THOMAS JEFFERSON UNIVERSITY HOSPITAL,PHILADELPHIA,PA,Acute Care Hospitals,hospital_info,COPD,Chronic obstructive pulmonary disease,1.1376,21.8312,19.1906,165,46,False
390174,THOMAS JEFFERSON UNIVERSITY HOSPITAL,PHILADELPHIA,PA,Acute Care Hospitals,hospital_info,HF,Heart failure,1.0924,22.5831,20.6733,666,157,False
390174,THOMAS JEFFERSON UNIVERSITY HOSPITAL,PHILADELPHIA,PA,Acute Care Hospitals,hospital_info,HIP-KNEE,Hip/knee replacement,1.3441,7.8701,5.8555,477,41,False
390178,UPMC HORIZON,GREENVILLE,PA,Acute Care Hospitals,hospital_info,COPD,Chronic obstructive pulmonary disease,1.0146,16.9546,16.7103,,,True
390178,UPMC HORIZON,GREENVILLE,PA,Acute Care Hospitals,hospital_info,HIP-KNEE,Hip/knee replacement,1.0461,5.907,5.6465,,,True
390178,UPMC HORIZON,GREENVILLE,PA,Acute Care Hospitals,hospital_info,PN,Pneumonia,1.0158,16.7402,16.4796,143,25,False
390179,CHESTER COUNTY HOSPITAL,WEST CHESTER,PA,Acute Care Hospitals,hospital_info,AMI,Heart attack,1.0407,12.7706,12.271,274,37,False
390179,CHESTER COUNTY HOSPITAL,WEST CHESTER,PA,Acute Care Hospitals,hospital_info,CABG,Coronary artery bypass graft surgery,1.0754,11.2547,10.4657,,,True
390179,CHESTER COUNTY HOSPITAL,WEST CHESTER,PA,Acute Care Hospitals,hospital_info,COPD,Chronic obstructive pulmonary disease,1.0069,18.3951,18.2689,356,66,False
390180,CROZER CHESTER MEDICAL CENTER,UPLAND,PA,Acute Care Hospitals,hospital_info,AMI,Heart attack,1.0261,13.1543,12.8194,104,15,False
390180,CROZER CHESTER MEDICAL CENTER,UPLAND,PA,Acute Care Hospitals,hospital_info,HF,Heart failure,1.0326,20.1937,19.5566,241,51,False
390183,ST LUKE'S MINERS MEMORIAL HOSPITAL,COALDALE,PA,Acute Care Hospitals,hospital_info,COPD,Chronic obstructive pulmonary disease,1.0428,18.2322,17.4837,49,12,False
390183,ST LUKE'S MINERS MEMORIAL HOSPITAL,COALDALE,PA,Acute Care Hospitals,hospital_info,HF,Heart failure,1.0856,21.3175,19.636,244,58,False
390195,MAIN LINE HOSPITAL LANKENAU,WYNNEWOOD,PA,Acute Care Hospitals,hospital_info,COPD,Chronic obstructive pulmonary disease,1.0365,17.9019,17.2714,125,25,False
390195,MAIN LINE HOSPITAL LANKENAU,WYNNEWOOD,PA,Acute Care Hospitals,hospital_info,HIP-KNEE,Hip/knee replacement,1.2038,8.4862,7.0494,,,True
390195,MAIN LINE HOSPITAL LANKENAU,WYNNEWOOD,PA,Acute Care Hospitals,hospital_info,PN,Pneumonia,1.0733,17.3838,16.197,513,94,False
390198,LECOM MEDICAL CENTER AND BEHAVIORAL HEALTH PAV,ERIE,PA,Acute Care Hospitals,hospital_info,HF,Heart failure,1.022,17.8575,17.4732,,,True
390198,LECOM MEDICAL CENTER AND BEHAVIORAL HEALTH PAV,ERIE,PA,Acute Care Hospitals,hospital_info,PN,Pneumonia,1.0368,14.5394,14.0238,,,True
390199,PUNXSUTAWNEY AREA HOSPITAL,PUNXSUTAWNEY,PA,Acute Care Hospitals,hospital_info,PN,Pneumonia,1.0035,13.8211,13.7727,,,True
390201,LEHIGH VALLEY HOSPITAL - POCONO,EAST STROUDSBURG,PA,Acute Care Hospitals,hospital_info,AMI,Heart attack,1.0843,13.2487,12.2188,105,18,False
390201,LEHIGH VALLEY HOSPITAL - POCONO,EAST STROUDSBURG,PA,Acute Care Hospitals,hospital_info,CABG,Coronary artery bypass graft surgery,1.0261,10.1025,9.8456,,,True
390201,LEHIGH VALLEY HOSPITAL - POCONO,EAST STROUDSBURG,PA,Acute Care Hospitals,hospital_info,COPD,Chronic obstructive pulmonary disease,1.0369,17.4638,16.8425,111,22,False
390201,LEHIGH VALLEY HOSPITAL - POCONO,EAST STROUDSBURG,PA,Acute Care Hospitals,hospital_info,HIP-KNEE,Hip/knee replacement,1.2479,6.7873,5.4389,,,True
390201,LEHIGH VALLEY HOSPITAL - POCONO,EAST STROUDSBURG,PA,Acute Care Hospitals,hospital_info,PN,Pneumonia,1.052,15.7056,14.9293,297,50,False
390203,DOYLESTOWN HOSPITAL,DOYLESTOWN,PA,Acute Care Hospitals,hospital_info,AMI,Heart attack,1.0995,13.1933,11.9993,343,50,False
390203,DOYLESTOWN HOSPITAL,DOYLESTOWN,PA,Acute Care Hospitals,hospital_info,CABG,Coronary artery bypass graft surgery,1.1322,10.9744,9.6929,135,18,False
390203,DOYLESTOWN HOSPITAL,DOYLESTOWN,PA,Acute Care Hospitals,hospital_info,HF,Heart failure,1.0284,19.7791,19.2334,1097,219,False
390203,DOYLESTOWN HOSPITAL,DOYLESTOWN,PA,Acute Care Hospitals,hospital_info,HIP-KNEE,Hip/knee replacement,1.0533,5.7033,5.4146,498,29,False
390203,DOYLESTOWN HOSPITAL,DOYLESTOWN,PA,Acute Care Hospitals,hospital_info,PN,Pneumonia,1.0093,15.4783,15.3352,655,102,False
390204,NAZARETH HOSPITAL,PHILADELPHIA,PA,Acute Care Hospitals,hospital_info,AMI,Heart attack,1.0223,16.3451,15.9884,,,True
390204,NAZARETH HOSPITAL,PHILADELPHIA,PA,Acute Care Hospitals,hospital_info,COPD,Chronic obstructive pulmonary disease,1.0071,22.8922,22.7318,98,23,False
390211,SHARON REGIONAL MEDICAL CENTER,SHARON,PA,Acute Care Hospitals,hospital_info,HF,Heart failure,1.0447,20.6133,19.7313,193,43,False
390217,EXCELA HEALTH - FRICK HOSPITAL,MOUNT PLEASANT,PA,Acute Care Hospitals,hospital_info,COPD,Chronic obstructive pulmonary disease,1.0225,19.6422,19.2094,,,True
390217,EXCELA HEALTH - FRICK HOSPITAL,MOUNT PLEASANT,PA,Acute Care Hospitals,hospital_info,HF,Heart failure,1.0068,19.5519,19.4203,64,13,False
390222,RIDDLE MEMORIAL HOSPITAL,MEDIA,PA,Acute Care Hospitals,hospital_info,AMI,Heart attack,1.0044,14.3299,14.2675,138,20,False
390222,RIDDLE MEMORIAL HOSPITAL,MEDIA,PA,Acute Care Hospitals,hospital_info,COPD,Chronic obstructive pulmonary disease,1.0262,17.1419,16.705,170,31,False
390222,RIDDLE MEMORIAL HOSPITAL,MEDIA,PA,Acute Care Hospitals,hospital_info,HIP-KNEE,Hip/knee replacement,1.3126,6.5546,4.9937,364,27,False
390223,PENN PRESBYTERIAN MEDICAL CENTER,PHILADELPHIA,PA,Acute Care Hospitals,hospital_info,COPD,Chronic obstructive pulmonary disease,1.0527,20.0589,19.0544,110,26,False
390223,PENN PRESBYTERIAN MEDICAL CENTER,PHILADELPHIA,PA,Acute Care Hospitals,hospital_info,PN,Pneumonia,1.032,18.1851,17.6214,98,20,False
390225,WELLSPAN EPHRATA COMMUNITY HOSPITAL,EPHRATA,PA,Acute Care Hospitals,hospital_info,COPD,Chronic obstructive pulmonary disease,1.0172,19.0635,18.7412,,,True
390226,PENNSYLVANIA HOSPITAL,PHILADELPHIA,PA,Acute Care Hospitals,hospital_info,AMI,Heart attack,1.0011,12.3867,12.3733,,,True
390226,PENNSYLVANIA HOSPITAL,PHILADELPHIA,PA,Acute Care Hospitals,hospital_info,COPD,Chronic obstructive pulmonary disease,1.0233,20.258,19.7972,95,21,False
390226,PENNSYLVANIA HOSPITAL,PHILADELPHIA,PA,Acute Care Hospitals,hospital_info,HF,Heart failure,1.0314,21.0465,20.4047,355,77,False
390226,PENNSYLVANIA HOSPITAL,PHILADELPHIA,PA,Acute Care Hospitals,hospital_info,PN,Pneumonia,1.0058,15.6621,15.5716,138,22,False
390228,ST CLAIR HOSPITAL,PITTSBURGH,PA,Acute Care Hospitals,hospital_info,AMI,Heart attack,1.0592,11.086,10.4668,119,16,False
390228,ST CLAIR HOSPITAL,PITTSBURGH,PA,Acute Care Hospitals,hospital_info,COPD,Chronic obstructive pulmonary disease,1.0683,15.2404,14.2661,81,17,False
390228,ST CLAIR HOSPITAL,PITTSBURGH,PA,Acute Care Hospitals,hospital_info,HF,Heart failure,1.0937,18.8167,17.2052,487,98,False
390231,JEFFERSON ABINGTON HOSPITAL,ABINGTON,PA,Acute Care Hospitals,hospital_info,COPD,Chronic obstructive pulmonary disease,1.0314,18.2977,17.741,299,57,False
390231,JEFFERSON ABINGTON HOSPITAL,ABINGTON,PA,Acute Care Hospitals,hospital_info,HF,Heart failure,1.1228,20.9793,18.6843,1304,282,False
390231,JEFFERSON ABINGTON HOSPITAL,ABINGTON,PA,Acute Care Hospitals,hospital_info,HIP-KNEE,Hip/knee replacement,1.0519,6.0825,5.7822,,,True
390231,JEFFERSON ABINGTON HOSPITAL,ABINGTON,PA,Acute Care Hospitals,hospital_info,PN,Pneumonia,1.161,16.9405,14.591,791,144,False
390233,UPMC HANOVER,HANOVER,PA,Acute Care Hospitals,hospital_info,AMI,Heart attack,1.1205,13.1603,11.7453,93,18,False
390237,REGIONAL HOSPITAL OF SCRANTON,SCRANTON,PA,Acute Care Hospitals,hospital_info,HF,Heart failure,1.0315,19.7358,19.1324,698,140,False
390237,REGIONAL HOSPITAL OF SCRANTON,SCRANTON,PA,Acute Care Hospitals,hospital_info,PN,Pneumonia,1.079,17.2917,16.0262,537,98,False
390256,MILTON S HERSHEY MEDICAL CENTER,HERSHEY,PA,Acute Care Hospitals,hospital_info,HF,Heart failure,1.0118,20.0272,19.794,550,111,False
390256,MILTON S HERSHEY MEDICAL CENTER,HERSHEY,PA,Acute Care Hospitals,hospital_info,HIP-KNEE,Hip/knee replacement,1.1221,7.7077,6.869,,,True
390256,MILTON S HERSHEY MEDICAL CENTER,HERSHEY,PA,Acute Care Hospitals,hospital_info,PN,Pneumonia,1.0552,17.1532,16.2555,282,52,False
390258,ST MARY MEDICAL CENTER,LANGHORNE,PA,Acute Care Hospitals,hospital_info,CABG,Coronary artery bypass graft surgery,1.1255,10.9327,9.7138,91,13,False
390258,ST MARY MEDICAL CENTER,LANGHORNE,PA,Acute Care Hospitals,hospital_info,COPD,Chronic obstructive pulmonary disease,1.161,22.5647,19.4355,237,65,False
390258,ST MARY MEDICAL CENTER,LANGHORNE,PA,Acute Care Hospitals,hospital_info,HF,Heart failure,1.1038,21.2208,19.2259,734,163,False
390258,ST MARY MEDICAL CENTER,LANGHORNE,PA,Acute Care Hospitals,hospital_info,HIP-KNEE,Hip/knee replacement,1.2338,5.3307,4.3205,199,13,False
390258,ST MARY MEDICAL CENTER,LANGHORNE,PA,Acute Care Hospitals,hospital_info,PN,Pneumonia,1.0396,16.5538,15.9231,848,143,False
390265,JEFFERSON HOSPITAL,JEFFERSON HILLS,PA,Acute Care Hospitals,hospital_info,AMI,Heart attack,1.1602,13.4823,11.6208,115,23,False
390265,JEFFERSON HOSPITAL,JEFFERSON HILLS,PA,Acute Care Hospitals,hospital_info,CABG,Coronary artery bypass graft surgery,1.1038,10.3596,9.3852,,,True
390265,JEFFERSON HOSPITAL,JEFFERSON HILLS,PA,Acute Care Hospitals,hospital_info,COPD,Chronic obstructive pulmonary disease,1.0474,16.7119,15.9555,76,16,False
390265,JEFFERSON HOSPITAL,JEFFERSON HILLS,PA,Acute Care Hospitals,hospital_info,HIP-KNEE,Hip/knee replacement,1.2713,5.9814,4.705,,,True
390266,GROVE CITY MEDICAL CENTER,GROVE CITY,PA,Acute Care Hospitals,hospital_info,HF,Heart failure,1.0117,17.3325,17.1326,,,True
390267,FORBES HOSPITAL,MONROEVILLE,PA,Acute Care Hospitals,hospital_info,CABG,Coronary artery bypass graft surgery,1.1376,13.1965,11.6002,,,True
390267,FORBES HOSPITAL,MONROEVILLE,PA,Acute Care Hospitals,hospital_info,COPD,Chronic obstructive pulmonary disease,1.0156,19.2454,18.95,72,15,False
390267,FORBES HOSPITAL,MONROEVILLE,PA,Acute Care Hospitals,hospital_info,PN,Pneumonia,1.0934,18.008,16.4696,260,53,False
390268,MOUNT NITTANY MEDICAL CENTER,STATE COLLEGE,PA,Acute Care Hospitals,hospital_info,AMI,Heart attack,1.0547,12.791,12.1275,81,13,False
390268,MOUNT NITTANY MEDICAL CENTER,STATE COLLEGE,PA,Acute Care Hospitals,hospital_info,HF,Heart failure,1.012,19.1,18.8729,362,70,False
390270,GEISINGER WYOMING VALLEY MEDICAL CENTER,WILKES BARRE,PA,Acute Care Hospitals,hospital_info,HF,Heart failure,1.0029,19.8202,19.7621,675,134,False
390270,GEISINGER WYOMING VALLEY MEDICAL CENTER,WILKES BARRE,PA,Acute Care Hospitals,hospital_info,PN,Pneumonia,1.0906,18.0406,16.5418,538,103,False
390304,ROXBOROUGH MEMORIAL HOSPITAL,PHILADELPHIA,PA,Acute Care Hospitals,hospital_info,HF,Heart failure,1.0032,22.5082,22.4362,70,16,False
390316,SURGICAL INSTITUTE OF READING,WYOMISSING,PA,Acute Care Hospitals,hospital_info,HIP-KNEE,Hip/knee replacement,1.3097,6.1862,4.7235,241,18,False
390326,ST LUKE'S HOSPITAL - ANDERSON CAMPUS,,PA,,hrrp_fallback,AMI,Heart attack,1.0835,11.9626,11.0404,84,14,False
390326,ST LUKE'S HOSPITAL - ANDERSON CAMPUS,,PA,,hrrp_fallback,COPD,Chronic obstructive pulmonary disease,1.0028,16.6448,16.599,143,24,False
390328,UPMC EAST,MONROEVILLE,PA,Acute Care Hospitals,hospital_info,AMI,Heart attack,1.0345,13.9578,13.4929,,,True
390328,UPMC EAST,MONROEVILLE,PA,Acute Care Hospitals,hospital_info,HF,Heart failure,1.0174,21.2659,20.9019,215,47,False
390328,UPMC EAST,MONROEVILLE,PA,Acute Care Hospitals,hospital_info,HIP-KNEE,Hip/knee replacement,1.0286,4.4296,4.3065,,,True
390328,UPMC EAST,MONROEVILLE,PA,Acute Care Hospitals,hospital_info,PN,Pneumonia,1.0091,17.8278,17.667,204,37,False
390329,JEFFERSON EINSTEIN MONTGOMERY HOSPITAL,EAST NORRITON,PA,Acute Care Hospitals,hospital_info,AMI,Heart attack,1.0249,14.3992,14.0488,144,22,False
390329,JEFFERSON EINSTEIN MONTGOMERY HOSPITAL,EAST NORRITON,PA,Acute Care Hospitals,hospital_info,HF,Heart failure,1.049,21.4384,20.4372,548,121,False
390329,JEFFERSON EINSTEIN MONTGOMERY HOSPITAL,EAST NORRITON,PA,Acute Care Hospitals,hospital_info,PN,Pneumonia,1.0622,17.5133,16.4881,319,60,False
390330,ST LUKE'S HOSPITAL - MONROE CAMPUS,STROUDSBURG,PA,Acute Care Hospitals,hospital_info,AMI,Heart attack,1.0366,13.064,12.603,,,True
390330,ST LUKE'S HOSPITAL - MONROE CAMPUS,STROUDSBURG,PA,Acute Care Hospitals,hospital_info,COPD,Chronic obstructive pulmonary disease,1.1944,20.7955,17.4102,133,41,False
390330,ST LUKE'S HOSPITAL - MONROE CAMPUS,STROUDSBURG,PA,Acute Care Hospitals,hospital_info,HF,Heart failure,1.0899,21.071,19.3338,421,95,False
390330,ST LUKE'S HOSPITAL - MONROE CAMPUS,STROUDSBURG,PA,Acute Care Hospitals,hospital_info,HIP-KNEE,Hip/knee replacement,1.1361,6.9882,6.1512,,,True
390330,ST LUKE'S HOSPITAL - MONROE CAMPUS,STROUDSBURG,PA,Acute Care Hospitals,hospital_info,PN,Pneumonia,1.0088,15.9898,15.8506,284,46,False
390332,GEISINGER ST. LUKE'S  HOSPITAL,ORWIGSBURG,PA,Acute Care Hospitals,hospital_info,HF,Heart failure,1.0086,19.0169,18.8543,307,59,False
390332,GEISINGER ST. LUKE'S  HOSPITAL,ORWIGSBURG,PA,Acute Care Hospitals,hospital_info,PN,Pneumonia,1.0619,17.156,16.1555,192,37,False
390334,AHN WEXFORD HOSPITAL,WEXFORD,PA,Acute Care Hospitals,hospital_info,HF,Heart failure,1.0165,20.7205,20.3852,139,30,False
390335,ST LUKE'S HOSPITAL - CARBON CAMPUS,LEHIGHTON,PA,Acute Care Hospitals,hospital_info,COPD,Chronic obstructive pulmonary disease,1.1013,18.0336,16.3747,72,20,False
390335,ST LUKE'S HOSPITAL - CARBON CAMPUS,LEHIGHTON,PA,Acute Care Hospitals,hospital_info,HF,Heart failure,1.0014,18.5577,18.5315,215,40,False
390335,ST LUKE'S HOSPITAL - CARBON CAMPUS,LEHIGHTON,PA,Acute Care Hospitals,hospital_info,HIP-KNEE,Hip/knee replacement,1.0478,5.8689,5.601,,,True
390335,ST LUKE'S HOSPITAL - CARBON CAMPUS,LEHIGHTON,PA,Acute Care Hospitals,hospital_info,PN,Pneumonia,1.0174,15.6957,15.4278,171,28,False
390336,PENN STATE HEALTH HAMPDEN MEDICAL CENTER,ENOLA,PA,Acute Care Hospitals,hospital_info,COPD,Chronic obstructive pulmonary disease,1.0115,19.1786,18.9601,,,True
390336,PENN STATE HEALTH HAMPDEN MEDICAL CENTER,ENOLA,PA,Acute Care Hospitals,hospital_info,HF,Heart failure,1.0534,20.6245,19.5793,98,24,False
390337,GEISINGER MEDICAL CENTER MUNCY,,PA,,hrrp_fallback,HF,Heart failure,1.022,21.077,20.6237,,,True
390337,GEISINGER MEDICAL CENTER MUNCY,,PA,,hrrp_fallback,PN,Pneumonia,1.0157,13.1738,12.9696,,,True
390339,PENN STATE HEALTH LANCASTER MEDICAL CENTER,LANCASTER,PA,Acute Care Hospitals,hospital_info,COPD,Chronic obstructive pulmonary disease,1.018,18.0397,17.7201,,,True
390339,PENN STATE HEALTH LANCASTER MEDICAL CENTER,LANCASTER,PA,Acute Care Hospitals,hospital_info,HF,Heart failure,1.0132,18.5509,18.3083,92,18,False
410005,OUR LADY OF FATIMA HOSPITAL,NORTH PROVIDENCE,RI,Acute Care Hospitals,hospital_info,COPD,Chronic obstructive pulmonary disease,1.0285,17.6963,17.2057,,,True
410005,OUR LADY OF FATIMA HOSPITAL,NORTH PROVIDENCE,RI,Acute Care Hospitals,hospital_info,HIP-KNEE,Hip/knee replacement,1.3266,7.074,5.3325,,,True
410007,RHODE ISLAND HOSPITAL,PROVIDENCE,RI,Acute Care Hospitals,hospital_info,AMI,Heart attack,1.0326,13.3687,12.9471,317,44,False
410007,RHODE ISLAND HOSPITAL,PROVIDENCE,RI,Acute Care Hospitals,hospital_info,PN,Pneumonia,1.0333,17.0607,16.5101,409,72,False
410008,SOUTH COUNTY HOSPITAL INC,WAKEFIELD,RI,Acute Care Hospitals,hospital_info,HIP-KNEE,Hip/knee replacement,1.0985,4.9958,4.5478,419,22,False
410009,KENT COUNTY MEMORIAL HOSPITAL,WARWICK,RI,Acute Care Hospitals,hospital_info,COPD,Chronic obstructive pulmonary disease,1.1151,20.2757,18.183,216,52,False
410009,KENT COUNTY MEMORIAL HOSPITAL,WARWICK,RI,Acute Care Hospitals,hospital_info,HF,Heart failure,1.0495,21.0246,20.0339,630,136,False
410011,LANDMARK MEDICAL CENTER,WOONSOCKET,RI,Acute Care Hospitals,hospital_info,AMI,Heart attack,1.0715,16.6999,15.5856,68,15,False
410011,LANDMARK MEDICAL CENTER,WOONSOCKET,RI,Acute Care Hospitals,hospital_info,COPD,Chronic obstructive pulmonary disease,1.084,17.6902,16.3189,57,16,False
410011,LANDMARK MEDICAL CENTER,WOONSOCKET,RI,Acute Care Hospitals,hospital_info,HF,Heart failure,1.0992,21.2597,19.3414,179,45,False
410011,LANDMARK MEDICAL CENTER,WOONSOCKET,RI,Acute Care Hospitals,hospital_info,PN,Pneumonia,1.0674,18.2962,17.1401,205,42,False
410012,THE MIRIAM HOSPITAL,PROVIDENCE,RI,Acute Care Hospitals,hospital_info,AMI,Heart attack,1.0708,13.4452,12.5564,309,45,False
410012,THE MIRIAM HOSPITAL,PROVIDENCE,RI,Acute Care Hospitals,hospital_info,COPD,Chronic obstructive pulmonary disease,1.0479,18.4389,17.5956,182,37,False
420002,PIEDMONT MEDICAL CENTER,ROCK HILL,SC,Acute Care Hospitals,hospital_info,AMI,Heart attack,1.1289,14.5483,12.8872,274,46,False
420002,PIEDMONT MEDICAL CENTER,ROCK HILL,SC,Acute Care Hospitals,hospital_info,COPD,Chronic obstructive pulmonary disease,1.0042,17.3473,17.2749,102,18,False
420002,PIEDMONT MEDICAL CENTER,ROCK HILL,SC,Acute Care Hospitals,hospital_info,HF,Heart failure,1.0196,20.1344,19.7464,584,119,False
420002,PIEDMONT MEDICAL CENTER,ROCK HILL,SC,Acute Care Hospitals,hospital_info,HIP-KNEE,Hip/knee replacement,1.0316,4.9936,4.8408,,,True
420004,MUSC MEDICAL CENTER,CHARLESTON,SC,Acute Care Hospitals,hospital_info,CABG,Coronary artery bypass graft surgery,1.0946,11.382,10.3985,199,25,False
420004,MUSC MEDICAL CENTER,CHARLESTON,SC,Acute Care Hospitals,hospital_info,COPD,Chronic obstructive pulmonary disease,1.0068,19.6821,19.5494,160,32,False
420004,MUSC MEDICAL CENTER,CHARLESTON,SC,Acute Care Hospitals,hospital_info,HF,Heart failure,1.0858,22.1028,20.3561,642,148,False
420004,MUSC MEDICAL CENTER,CHARLESTON,SC,Acute Care Hospitals,hospital_info,HIP-KNEE,Hip/knee replacement,1.2147,7.7003,6.3392,,,True
420004,MUSC MEDICAL CENTER,CHARLESTON,SC,Acute Care Hospitals,hospital_info,PN,Pneumonia,1.0462,17.1406,16.3836,408,73,False
420005,MCLEOD MEDICAL CENTER - DILLON,DILLON,SC,Acute Care Hospitals,hospital_info,HF,Heart failure,1.078,22.7987,21.1496,63,20,False
420005,MCLEOD MEDICAL CENTER - DILLON,DILLON,SC,Acute Care Hospitals,hospital_info,PN,Pneumonia,1.0614,15.7121,14.803,134,25,False
420007,SPARTANBURG MEDICAL CENTER,SPARTANBURG,SC,Acute Care Hospitals,hospital_info,CABG,Coronary artery bypass graft surgery,1.0419,11.138,10.6904,179,21,False
420007,SPARTANBURG MEDICAL CENTER,SPARTANBURG,SC,Acute Care Hospitals,hospital_info,HF,Heart failure,1.0569,20.1235,19.0407,810,167,False
420007,SPARTANBURG MEDICAL CENTER,SPARTANBURG,SC,Acute Care Hospitals,hospital_info,HIP-KNEE,Hip/knee replacement,1.0894,6.5884,6.0478,,,True
420009,PRISMA HEALTH OCONEE MEMORIAL HOSPITAL,SENECA,SC,Acute Care Hospitals,hospital_info,AMI,Heart attack,1.0101,15.9973,15.8377,,,True
420009,PRISMA HEALTH OCONEE MEMORIAL HOSPITAL,SENECA,SC,Acute Care Hospitals,hospital_info,HIP-KNEE,Hip/knee replacement,1.2388,6.5219,5.2648,,,True
420009,PRISMA HEALTH OCONEE MEMORIAL HOSPITAL,SENECA,SC,Acute Care Hospitals,hospital_info,PN,Pneumonia,1.0941,16.1874,14.7945,377,67,False
420010,CAROLINA PINES REGIONAL MEDICAL CENTER,HARTSVILLE,SC,Acute Care Hospitals,hospital_info,COPD,Chronic obstructive pulmonary disease,1.0048,14.9011,14.8303,,,True
420010,CAROLINA PINES REGIONAL MEDICAL CENTER,HARTSVILLE,SC,Acute Care Hospitals,hospital_info,HF,Heart failure,1.0804,19.7892,18.3172,78,21,False
420010,CAROLINA PINES REGIONAL MEDICAL CENTER,HARTSVILLE,SC,Acute Care Hospitals,hospital_info,PN,Pneumonia,1.1139,16.7846,15.0686,225,45,False
420015,PRISMA HEALTH BAPTIST EASLEY HOSPITAL,EASLEY,SC,Acute Care Hospitals,hospital_info,COPD,Chronic obstructive pulmonary disease,1.0402,18.6691,17.948,54,13,False
420018,PRISMA HEALTH RICHLAND HOSPITAL,COLUMBIA,SC,Acute Care Hospitals,hospital_info,AMI,Heart attack,1.0351,13.2947,12.8434,378,52,False
420018,PRISMA HEALTH RICHLAND HOSPITAL,COLUMBIA,SC,Acute Care Hospitals,hospital_info,COPD,Chronic obstructive pulmonary disease,1.047,16.7611,16.0087,58,13,False
420019,MUSC HEALTH CHESTER MEDICAL CENTER,CHESTER,SC,Acute Care Hospitals,hospital_info,PN,Pneumonia,1.0005,15.4764,15.468,,,True
420020,TIDELANDS GEORGETOWN MEMORIAL HOSPITAL,GEORGETOWN,SC,Acute Care Hospitals,hospital_info,AMI,Heart attack,1.0921,11.9631,10.9542,139,21,False
420023,ST FRANCIS-DOWNTOWN,GREENVILLE,SC,Acute Care Hospitals,hospital_info,CABG,Coronary artery bypass graft surgery,1.0095,9.554,9.4638,144,14,False
420023,ST FRANCIS-DOWNTOWN,GREENVILLE,SC,Acute Care Hospitals,hospital_info,HF,Heart failure,1.0035,18.5728,18.508,634,118,False
420026,MUSC HEALTH COLUMBIA MEDICAL CENTER DOWNTOWN,COLUMBIA,SC,Acute Care Hospitals,hospital_info,PN,Pneumonia,1.0344,15.6867,15.165,247,41,False
420027,ANMED HEALTH,ANDERSON,SC,Acute Care Hospitals,hospital_info,PN,Pneumonia,1.0057,14.8747,14.7902,858,128,False
420030,COLLETON MEDICAL CENTER,WALTERBORO,SC,Acute Care Hospitals,hospital_info,COPD,Chronic obstructive pulmonary disease,1.0349,17.1428,16.5652,,,True
420030,COLLETON MEDICAL CENTER,WALTERBORO,SC,Acute Care Hospitals,hospital_info,HF,Heart failure,1.053,20.7564,19.7124,107,26,False
420030,COLLETON MEDICAL CENTER,WALTERBORO,SC,Acute Care Hospitals,hospital_info,HIP-KNEE,Hip/knee replacement,1.1302,5.3301,4.716,,,True
420030,COLLETON MEDICAL CENTER,WALTERBORO,SC,Acute Care Hospitals,hospital_info,PN,Pneumonia,1.0014,15.3718,15.3505,123,19,False
420036,MUSC HEALTH LANCASTER MEDICAL CENTER,LANCASTER,SC,Acute Care Hospitals,hospital_info,HF,Heart failure,1.0315,20.2879,19.6677,122,27,False
420038,PRISMA HEALTH LAURENS COUNTY HOSPITAL,CLINTON,SC,Acute Care Hospitals,hospital_info,COPD,Chronic obstructive pulmonary disease,1.0022,17.8089,17.7691,,,True
420038,PRISMA HEALTH LAURENS COUNTY HOSPITAL,CLINTON,SC,Acute Care Hospitals,hospital_info,PN,Pneumonia,1.0476,15.8797,15.1579,138,25,False
420043,CHEROKEE MEDICAL CENTER,GAFFNEY,SC,Acute Care Hospitals,hospital_info,HF,Heart failure,1.064,18.8583,17.7246,35,11,False
420048,KERSHAWHEALTH,CAMDEN,SC,Acute Care Hospitals,hospital_info,COPD,Chronic obstructive pulmonary disease,1.0543,18.6143,17.656,65,16,False
420049,CONWAY MEDICAL CENTER,CONWAY,SC,Acute Care Hospitals,hospital_info,COPD,Chronic obstructive pulmonary disease,1.0757,16.8336,15.6495,177,35,False
420049,CONWAY MEDICAL CENTER,CONWAY,SC,Acute Care Hospitals,hospital_info,PN,Pneumonia,1.1685,16.0997,13.7784,284,56,False
420051,MCLEOD REGIONAL MEDICAL CENTER-PEE DEE,FLORENCE,SC,Acute Care Hospitals,hospital_info,AMI,Heart attack,1.1485,15.1981,13.2334,427,72,False
420051,MCLEOD REGIONAL MEDICAL CENTER-PEE DEE,FLORENCE,SC,Acute Care Hospitals,hospital_info,CABG,Coronary artery bypass graft surgery,1.2401,14.2547,11.4945,170,30,False
420051,MCLEOD REGIONAL MEDICAL CENTER-PEE DEE,FLORENCE,SC,Acute Care Hospitals,hospital_info,COPD,Chronic obstructive pulmonary disease,1.0765,20.936,19.4489,269,62,False
420051,MCLEOD REGIONAL MEDICAL CENTER-PEE DEE,FLORENCE,SC,Acute Care Hospitals,hospital_info,HF,Heart failure,1.12,22.7626,20.3239,868,206,False
420053,NEWBERRY COUNTY MEMORIAL HOSPITAL,NEWBERRY,SC,Acute Care Hospitals,hospital_info,HF,Heart failure,1.0341,18.367,17.7607,47,11,False
420055,MUSC HEALTH MARION MEDICAL CENTER,MULLINS,SC,Acute Care Hospitals,hospital_info,HF,Heart failure,1.01,18.7125,18.5265,71,14,False
420055,MUSC HEALTH MARION MEDICAL CENTER,MULLINS,SC,Acute Care Hospitals,hospital_info,PN,Pneumonia,1.0233,14.8423,14.504,64,11,False
420065,BON SECOURS-ST FRANCIS XAVIER HOSPITAL,CHARLESTON,SC,Acute Care Hospitals,hospital_info,HF,Heart failure,1.0094,18.4184,18.2466,257,48,False
420067,BEAUFORT COUNTY MEMORIAL HOSPITAL,BEAUFORT,SC,Acute Care Hospitals,hospital_info,AMI,Heart attack,1.0495,12.2629,11.6845,78,12,False
420067,BEAUFORT COUNTY MEMORIAL HOSPITAL,BEAUFORT,SC,Acute Care Hospitals,hospital_info,COPD,Chronic obstructive pulmonary disease,1.0016,16.7032,16.6766,143,24,False
420067,BEAUFORT COUNTY MEMORIAL HOSPITAL,BEAUFORT,SC,Acute Care Hospitals,hospital_info,HF,Heart failure,1.0855,20.5958,18.9734,306,69,False
420067,BEAUFORT COUNTY MEMORIAL HOSPITAL,BEAUFORT,SC,Acute Care Hospitals,hospital_info,PN,Pneumonia,1.0297,16.7874,16.3037,304,53,False
420070,PRISMA HEALTH TUOMEY HOSPITAL,SUMTER,SC,Acute Care Hospitals,hospital_info,HF,Heart failure,1.0496,19.7465,18.8137,352,73,False
420070,PRISMA HEALTH TUOMEY HOSPITAL,SUMTER,SC,Acute Care Hospitals,hospital_info,PN,Pneumonia,1.0333,15.8047,15.2946,214,36,False
420071,SELF REGIONAL HEALTHCARE,GREENWOOD,SC,Acute Care Hospitals,hospital_info,AMI,Heart attack,1.0493,12.4888,11.9018,197,27,False
420071,SELF REGIONAL HEALTHCARE,GREENWOOD,SC,Acute Care Hospitals,hospital_info,HIP-KNEE,Hip/knee replacement,1.1271,6.5364,5.7995,,,True
420073,LEXINGTON MEDICAL CENTER,WEST COLUMBIA,SC,Acute Care Hospitals,hospital_info,AMI,Heart attack,1.0794,12.0077,11.1243,335,44,False
420073,LEXINGTON MEDICAL CENTER,WEST COLUMBIA,SC,Acute Care Hospitals,hospital_info,CABG,Coronary artery bypass graft surgery,1.1006,9.6007,8.7234,204,22,False
420073,LEXINGTON MEDICAL CENTER,WEST COLUMBIA,SC,Acute Care Hospitals,hospital_info,COPD,Chronic obstructive pulmonary disease,1.0952,19.1201,17.458,399,83,False
420073,LEXINGTON MEDICAL CENTER,WEST COLUMBIA,SC,Acute Care Hospitals,hospital_info,HIP-KNEE,Hip/knee replacement,1.2467,6.211,4.9819,,,True
420073,LEXINGTON MEDICAL CENTER,WEST COLUMBIA,SC,Acute Care Hospitals,hospital_info,PN,Pneumonia,1.0473,15.6188,14.9136,992,158,False
420078,PRISMA HEALTH GREENVILLE MEMORIAL HOSPITAL,GREENVILLE,SC,Acute Care Hospitals,hospital_info,CABG,Coronary artery bypass graft surgery,1.2197,11.5261,9.4497,242,33,False
420079,TRIDENT MEDICAL CENTER,CHARLESTON,SC,Acute Care Hospitals,hospital_info,AMI,Heart attack,1.0445,14.4717,13.8555,406,61,False
420079,TRIDENT MEDICAL CENTER,CHARLESTON,SC,Acute Care Hospitals,hospital_info,COPD,Chronic obstructive pulmonary disease,1.0892,18.0394,16.5619,176,38,False
420079,TRIDENT MEDICAL CENTER,CHARLESTON,SC,Acute Care Hospitals,hospital_info,HF,Heart failure,1.002,19.955,19.9156,766,153,False
420079,TRIDENT MEDICAL CENTER,CHARLESTON,SC,Acute Care Hospitals,hospital_info,HIP-KNEE,Hip/knee replacement,1.1687,7.1984,6.1595,,,True
420080,NOVANT HEALTH HILTON HEAD MEDICAL CENTER,HILTON HEAD ISLAND,SC,Acute Care Hospitals,hospital_info,AMI,Heart attack,1.0304,11.8134,11.4644,199,25,False
420080,NOVANT HEALTH HILTON HEAD MEDICAL CENTER,HILTON HEAD ISLAND,SC,Acute Care Hospitals,hospital_info,COPD,Chronic obstructive pulmonary disease,1.0622,16.6988,15.7205,52,13,False
420080,NOVANT HEALTH HILTON HEAD MEDICAL CENTER,HILTON HEAD ISLAND,SC,Acute Care Hospitals,hospital_info,HF,Heart failure,1.0634,18.7163,17.6005,372,74,False
420080,NOVANT HEALTH HILTON HEAD MEDICAL CENTER,HILTON HEAD ISLAND,SC,Acute Care Hospitals,hospital_info,HIP-KNEE,Hip/knee replacement,1.0443,6.5644,6.2859,,,True
420080,NOVANT HEALTH HILTON HEAD MEDICAL CENTER,HILTON HEAD ISLAND,SC,Acute Care Hospitals,hospital_info,PN,Pneumonia,1.0802,15.6652,14.502,491,82,False
420082,AIKEN REGIONAL MEDICAL CENTER,AIKEN,SC,Acute Care Hospitals,hospital_info,HF,Heart failure,1.0097,18.2172,18.0429,386,71,False
420085,GRAND STRAND REGIONAL MEDICAL CENTER,MYRTLE BEACH,SC,Acute Care Hospitals,hospital_info,CABG,Coronary artery bypass graft surgery,1.0525,9.9152,9.4204,239,25,False
420085,GRAND STRAND REGIONAL MEDICAL CENTER,MYRTLE BEACH,SC,Acute Care Hospitals,hospital_info,COPD,Chronic obstructive pulmonary disease,1.0243,16.5435,16.1513,189,33,False
420085,GRAND STRAND REGIONAL MEDICAL CENTER,MYRTLE BEACH,SC,Acute Care Hospitals,hospital_info,HIP-KNEE,Hip/knee replacement,1.3648,7.7294,5.6633,95,11,False
420085,GRAND STRAND REGIONAL MEDICAL CENTER,MYRTLE BEACH,SC,Acute Care Hospitals,hospital_info,PN,Pneumonia,1.0602,16.505,15.5685,873,148,False
420086,PRISMA HEALTH BAPTIST,COLUMBIA,SC,Acute Care Hospitals,hospital_info,HIP-KNEE,Hip/knee replacement,1.1336,6.1154,5.3948,,,True
420087,ROPER HOSPITAL,CHARLESTON,SC,Acute Care Hospitals,hospital_info,CABG,Coronary artery bypass graft surgery,1.001,10.0805,10.0708,218,22,False
420087,ROPER HOSPITAL,CHARLESTON,SC,Acute Care Hospitals,hospital_info,HIP-KNEE,Hip/knee replacement,1.0685,5.5814,5.2236,255,15,False
420089,NOVANT HEALTH EAST COOPER MEDICAL CENTER,MOUNT PLEASANT,SC,Acute Care Hospitals,hospital_info,HIP-KNEE,Hip/knee replacement,1.1271,6.0238,5.3446,,,True
420091,MUSC HEALTH FLORENCE MEDICAL CENTER,FLORENCE,SC,Acute Care Hospitals,hospital_info,HF,Heart failure,1.0542,21.7182,20.6012,401,91,False
420091,MUSC HEALTH FLORENCE MEDICAL CENTER,FLORENCE,SC,Acute Care Hospitals,hospital_info,PN,Pneumonia,1.1262,18.8994,16.7817,380,80,False
420098,TIDELANDS WACCAMAW COMMUNITY HOSPITAL,MURRELLS INLET,SC,Acute Care Hospitals,hospital_info,AMI,Heart attack,1.056,12.0858,11.4453,,,True
420098,TIDELANDS WACCAMAW COMMUNITY HOSPITAL,MURRELLS INLET,SC,Acute Care Hospitals,hospital_info,HIP-KNEE,Hip/knee replacement,1.1172,4.9965,4.4722,,,True
420103,PELHAM MEDICAL CENTER,GREER,SC,Acute Care Hospitals,hospital_info,HF,Heart failure,1.0229,18.1263,17.7199,107,21,False
420104,MOUNT PLEASANT HOSPITAL,MOUNT PLEASANT,SC,Acute Care Hospitals,hospital_info,HF,Heart failure,1.0766,18.9619,17.6135,178,39,False
420105,MCLEOD LORIS  HOSPITAL,LORIS,SC,Acute Care Hospitals,hospital_info,HF,Heart failure,1.0563,20.9444,19.8286,592,128,False
420106,PRISMA HEALTH BAPTIST PARKRIDGE,COLUMBIA,SC,Acute Care Hospitals,hospital_info,COPD,Chronic obstructive pulmonary disease,1.019,18.2829,17.9423,,,True
420107,MCLEOD HEALTH CHERAW,CHERAW,SC,Acute Care Hospitals,hospital_info,HF,Heart failure,1.0349,21.7571,21.0224,71,18,False
420107,MCLEOD HEALTH CHERAW,CHERAW,SC,Acute Care Hospitals,hospital_info,PN,Pneumonia,1.1605,18.8583,16.2504,179,44,False
420109,MCLEOD HEALTH CLARENDON,MANNING,SC,Acute Care Hospitals,hospital_info,PN,Pneumonia,1.0144,15.1514,14.9363,106,17,False
420110,ROPER ST FRANCIS HOSPITAL-BERKELEY INC,SUMMERVILLE,SC,Acute Care Hospitals,hospital_info,COPD,Chronic obstructive pulmonary disease,1.0289,16.895,16.4199,59,12,False
420110,ROPER ST FRANCIS HOSPITAL-BERKELEY INC,SUMMERVILLE,SC,Acute Care Hospitals,hospital_info,HF,Heart failure,1.0054,18.8743,18.7721,141,27,False
430005,"PRAIRIE LAKES HEALTHCARE SYSTEM, INC",WATERTOWN,SD,Acute Care Hospitals,hospital_info,HF,Heart failure,1.0127,17.0982,16.8832,65,12,False
430008,BROOKINGS HEALTH SYSTEM,BROOKINGS,SD,Acute Care Hospitals,hospital_info,HF,Heart failure,1.0128,17.8025,17.5782,68,13,False
430012,AVERA SACRED HEART HOSPITAL,YANKTON,SD,Acute Care Hospitals,hospital_info,HF,Heart failure,1.028,18.5142,18.0106,119,24,False
430012,AVERA SACRED HEART HOSPITAL,YANKTON,SD,Acute Care Hospitals,hospital_info,HIP-KNEE,Hip/knee replacement,1.0018,5.9198,5.9091,,,True
430012,AVERA SACRED HEART HOSPITAL,YANKTON,SD,Acute Care Hospitals,hospital_info,PN,Pneumonia,1.0105,14.2103,14.0627,150,22,False
430014,AVERA ST LUKES,ABERDEEN,SD,Acute Care Hospitals,hospital_info,AMI,Heart attack,1.0363,12.7411,12.2952,96,14,False
430014,AVERA ST LUKES,ABERDEEN,SD,Acute Care Hospitals,hospital_info,HIP-KNEE,Hip/knee replacement,1.0542,6.0593,5.748,221,14,False
430015,AVERA ST MARY'S HOSPITAL,PIERRE,SD,Acute Care Hospitals,hospital_info,HF,Heart failure,1.0059,17.1729,17.0723,,,True
430016,AVERA MCKENNAN HOSPITAL & UNIVERSITY HEALTH CENTER,SIOUX FALLS,SD,Acute Care Hospitals,hospital_info,HIP-KNEE,Hip/knee replacement,1.0963,6.2905,5.7378,301,20,False
430027,SANFORD USD MEDICAL CENTER,SIOUX FALLS,SD,Acute Care Hospitals,hospital_info,CABG,Coronary artery bypass graft surgery,1.0068,9.7551,9.6895,193,19,False
430027,SANFORD USD MEDICAL CENTER,SIOUX FALLS,SD,Acute Care Hospitals,hospital_info,HIP-KNEE,Hip/knee replacement,1.0688,7.8441,7.3391,,,True
430048,MONUMENT HEALTH SPEARFISH HOSPITAL,SPEARFISH,SD,Acute Care Hospitals,hospital_info,HF,Heart failure,1.0161,15.811,15.5605,,,True
430077,MONUMENT HEALTH RAPID CITY HOSPITAL,RAPID CITY,SD,Acute Care Hospitals,hospital_info,AMI,Heart attack,1.0166,11.7799,11.5874,409,49,False
430077,MONUMENT HEALTH RAPID CITY HOSPITAL,RAPID CITY,SD,Acute Care Hospitals,hospital_info,CABG,Coronary artery bypass graft surgery,1.159,10.7402,9.2666,114,16,False
430089,DUNES SURGICAL HOSPITAL,DAKOTA DUNES,SD,Acute Care Hospitals,hospital_info,HIP-KNEE,Hip/knee replacement,1.1335,6.7087,5.9187,,,True
430090,SIOUX FALLS SPECIALTY HOSPITAL,SIOUX FALLS,SD,Acute Care Hospitals,hospital_info,HIP-KNEE,Hip/knee replacement,1.2516,5.7958,4.6307,318,21,False
430098,PINE RIDGE IHS HOSPITAL,PINE RIDGE,SD,Acute Care Hospitals,hospital_info,PN,Pneumonia,1.0205,14.1803,13.8952,,,True
440002,JACKSON-MADISON COUNTY GENERAL HOSPITAL,JACKSON,TN,Acute Care Hospitals,hospital_info,AMI,Heart attack,1.0254,13.2819,12.9525,653,88,False
440002,JACKSON-MADISON COUNTY GENERAL HOSPITAL,JACKSON,TN,Acute Care Hospitals,hospital_info,CABG,Coronary artery bypass graft surgery,1.0314,10.977,10.6427,184,21,False
440003,HIGHPOINT HEALTH-SUMNER WITH ASCENSION SAINT THOMA,GALLATIN,TN,Acute Care Hospitals,hospital_info,AMI,Heart attack,1.0808,12.7127,11.7627,,,True
440003,HIGHPOINT HEALTH-SUMNER WITH ASCENSION SAINT THOMA,GALLATIN,TN,Acute Care Hospitals,hospital_info,COPD,Chronic obstructive pulmonary disease,1.0294,18.3199,17.7973,103,21,False
440006,TRISTAR SKYLINE MEDICAL CENTER,NASHVILLE,TN,Acute Care Hospitals,hospital_info,AMI,Heart attack,1.0518,13.7841,13.1053,,,True
440006,TRISTAR SKYLINE MEDICAL CENTER,NASHVILLE,TN,Acute Care Hospitals,hospital_info,COPD,Chronic obstructive pulmonary disease,1.0207,19.5168,19.1208,69,15,False
440006,TRISTAR SKYLINE MEDICAL CENTER,NASHVILLE,TN,Acute Care Hospitals,hospital_info,HF,Heart failure,1.044,21.0951,20.2062,203,46,False
440006,TRISTAR SKYLINE MEDICAL CENTER,NASHVILLE,TN,Acute Care Hospitals,hospital_info,PN,Pneumonia,1.0451,17.899,17.127,335,63,False
440007,UNITY MEDICAL CENTER,MANCHESTER,TN,Acute Care Hospitals,hospital_info,COPD,Chronic obstructive pulmonary disease,1.0581,18.5068,17.4913,48,13,False
440009,CUMBERLAND MEDICAL CENTER,CROSSVILLE,TN,Acute Care Hospitals,hospital_info,HF,Heart failure,1.0263,20.0434,19.5303,255,53,False
440009,CUMBERLAND MEDICAL CENTER,CROSSVILLE,TN,Acute Care Hospitals,hospital_info,PN,Pneumonia,1.0097,16.0155,15.8611,202,33,False
440011,BLOUNT MEMORIAL HOSPITAL,MARYVILLE,TN,Acute Care Hospitals,hospital_info,HIP-KNEE,Hip/knee replacement,1.0928,7.5186,6.8804,,,True
440011,BLOUNT MEMORIAL HOSPITAL,MARYVILLE,TN,Acute Care Hospitals,hospital_info,PN,Pneumonia,1.0237,16.5885,16.2045,521,88,False
440012,WELLMONT BRISTOL REGIONAL MEDICAL CENTER,BRISTOL,TN,Acute Care Hospitals,hospital_info,AMI,Heart attack,1.0628,13.363,12.5733,179,27,False
440012,WELLMONT BRISTOL REGIONAL MEDICAL CENTER,BRISTOL,TN,Acute Care Hospitals,hospital_info,COPD,Chronic obstructive pulmonary disease,1.0244,18.1455,17.7132,117,23,False
440012,WELLMONT BRISTOL REGIONAL MEDICAL CENTER,BRISTOL,TN,Acute Care Hospitals,hospital_info,HF,Heart failure,1.1493,21.6276,18.8173,420,101,False
440012,WELLMONT BRISTOL REGIONAL MEDICAL CENTER,BRISTOL,TN,Acute Care Hospitals,hospital_info,PN,Pneumonia,1.0913,16.4764,15.0985,426,76,False
440015,"UNIVERSITY HEALTH SYSTEM, INC",KNOXVILLE,TN,Acute Care Hospitals,hospital_info,AMI,Heart attack,1.0005,12.3576,12.3512,194,24,False
440015,"UNIVERSITY HEALTH SYSTEM, INC",KNOXVILLE,TN,Acute Care Hospitals,hospital_info,CABG,Coronary artery bypass graft surgery,1.0397,10.5265,10.1245,133,15,False
440015,"UNIVERSITY HEALTH SYSTEM, INC",KNOXVILLE,TN,Acute Care Hospitals,hospital_info,HIP-KNEE,Hip/knee replacement,1.1779,7.986,6.78,,,True
440016,BAPTIST MEMORIAL HOSPITAL - CARROLL COUNTY,HUNTINGDON,TN,Acute Care Hospitals,hospital_info,PN,Pneumonia,1.0829,15.4846,14.2987,121,24,False
440017,WELLMONT HOLSTON VALLEY MEDICAL CENTER,KINGSPORT,TN,Acute Care Hospitals,hospital_info,HIP-KNEE,Hip/knee replacement,1.0549,5.7444,5.4453,,,True
440018,SYCAMORE SHOALS HOSPITAL,ELIZABETHTON,TN,Acute Care Hospitals,hospital_info,COPD,Chronic obstructive pulmonary disease,1.0034,17.9694,17.9088,,,True
440018,SYCAMORE SHOALS HOSPITAL,ELIZABETHTON,TN,Acute Care Hospitals,hospital_info,HIP-KNEE,Hip/knee replacement,1.1996,5.9991,5.0011,,,True
440018,SYCAMORE SHOALS HOSPITAL,ELIZABETHTON,TN,Acute Care Hospitals,hospital_info,PN,Pneumonia,1.1763,18.3701,15.6174,142,37,False
440030,MORRISTOWN HAMBLEN HOSPITAL ASSOCIATION,MORRISTOWN,TN,Acute Care Hospitals,hospital_info,COPD,Chronic obstructive pulmonary disease,1.0373,20.6473,19.9058,122,28,False
440030,MORRISTOWN HAMBLEN HOSPITAL ASSOCIATION,MORRISTOWN,TN,Acute Care Hospitals,hospital_info,HF,Heart failure,1.1265,22.2562,19.7573,176,48,False
440030,MORRISTOWN HAMBLEN HOSPITAL ASSOCIATION,MORRISTOWN,TN,Acute Care Hospitals,hospital_info,PN,Pneumonia,1.0962,16.8285,15.3523,207,41,False
440031,ROANE MEDICAL CENTER,HARRIMAN,TN,Acute Care Hospitals,hospital_info,COPD,Chronic obstructive pulmonary disease,1.0023,17.4721,17.4321,62,11,False
440031,ROANE MEDICAL CENTER,HARRIMAN,TN,Acute Care Hospitals,hospital_info,HF,Heart failure,1.0829,19.6073,18.106,129,31,False
440031,ROANE MEDICAL CENTER,HARRIMAN,TN,Acute Care Hospitals,hospital_info,PN,Pneumonia,1.0345,15.8958,15.3652,162,28,False
440034,METHODIST MEDICAL CENTER OF OAK RIDGE,OAK RIDGE,TN,Acute Care Hospitals,hospital_info,COPD,Chronic obstructive pulmonary disease,1.0662,21.1615,19.8473,109,28,False
440034,METHODIST MEDICAL CENTER OF OAK RIDGE,OAK RIDGE,TN,Acute Care Hospitals,hospital_info,HF,Heart failure,1.0434,20.4656,19.6147,366,78,False
440034,METHODIST MEDICAL CENTER OF OAK RIDGE,OAK RIDGE,TN,Acute Care Hospitals,hospital_info,HIP-KNEE,Hip/knee replacement,1.1428,7.9846,6.9868,,,True
440034,METHODIST MEDICAL CENTER OF OAK RIDGE,OAK RIDGE,TN,Acute Care Hospitals,hospital_info,PN,Pneumonia,1.0113,15.5511,15.3777,291,46,False
440035,VANDERBILT CLARKSVILLE HOSPITAL,CLARKSVILLE,TN,Acute Care Hospitals,hospital_info,COPD,Chronic obstructive pulmonary disease,1.0935,19.1542,17.5157,190,43,False
440035,VANDERBILT CLARKSVILLE HOSPITAL,CLARKSVILLE,TN,Acute Care Hospitals,hospital_info,HF,Heart failure,1.054,19.6532,18.6459,291,61,False
440035,VANDERBILT CLARKSVILLE HOSPITAL,CLARKSVILLE,TN,Acute Care Hospitals,hospital_info,PN,Pneumonia,1.1526,18.2657,15.8467,456,93,False
440046,TRISTAR HORIZON MEDICAL CENTER,DICKSON,TN,Acute Care Hospitals,hospital_info,AMI,Heart attack,1.0182,14.043,13.7926,86,13,False
440046,TRISTAR HORIZON MEDICAL CENTER,DICKSON,TN,Acute Care Hospitals,hospital_info,COPD,Chronic obstructive pulmonary disease,1.0189,16.8914,16.5778,63,12,False
440046,TRISTAR HORIZON MEDICAL CENTER,DICKSON,TN,Acute Care Hospitals,hospital_info,HIP-KNEE,Hip/knee replacement,1.0195,5.7851,5.6743,,,True
440048,BAPTIST MEMORIAL HOSPITAL,MEMPHIS,TN,Acute Care Hospitals,hospital_info,CABG,Coronary artery bypass graft surgery,1.1306,11.394,10.0778,253,32,False
440048,BAPTIST MEMORIAL HOSPITAL,MEMPHIS,TN,Acute Care Hospitals,hospital_info,COPD,Chronic obstructive pulmonary disease,1.0308,16.9938,16.4864,246,44,False
440048,BAPTIST MEMORIAL HOSPITAL,MEMPHIS,TN,Acute Care Hospitals,hospital_info,HF,Heart failure,1.0868,20.8092,19.1474,1302,277,False
440048,BAPTIST MEMORIAL HOSPITAL,MEMPHIS,TN,Acute Care Hospitals,hospital_info,HIP-KNEE,Hip/knee replacement,1.3177,7.7695,5.8964,113,12,False
440048,BAPTIST MEMORIAL HOSPITAL,MEMPHIS,TN,Acute Care Hospitals,hospital_info,PN,Pneumonia,1.0567,16.1221,15.2565,1168,192,False
440049,METHODIST HOSPITALS OF MEMPHIS,MEMPHIS,TN,Acute Care Hospitals,hospital_info,CABG,Coronary artery bypass graft surgery,1.0422,10.4463,10.0235,143,16,False
440049,METHODIST HOSPITALS OF MEMPHIS,MEMPHIS,TN,Acute Care Hospitals,hospital_info,HIP-KNEE,Hip/knee replacement,1.0046,4.9996,4.9768,519,26,False
440049,METHODIST HOSPITALS OF MEMPHIS,MEMPHIS,TN,Acute Care Hospitals,hospital_info,PN,Pneumonia,1.0051,15.416,15.3385,893,138,False
440050,GREENEVILLE COMMUNITY HOSPITAL,GREENEVILLE,TN,Acute Care Hospitals,hospital_info,COPD,Chronic obstructive pulmonary disease,1.0348,17.7055,17.1102,65,14,False
440050,GREENEVILLE COMMUNITY HOSPITAL,GREENEVILLE,TN,Acute Care Hospitals,hospital_info,HF,Heart failure,1.07,19.3525,18.087,161,36,False
440050,GREENEVILLE COMMUNITY HOSPITAL,GREENEVILLE,TN,Acute Care Hospitals,hospital_info,PN,Pneumonia,1.1006,16.6358,15.1151,226,44,False
440053,SAINT THOMAS RUTHERFORD HOSPITAL,MURFREESBORO,TN,Acute Care Hospitals,hospital_info,AMI,Heart attack,1.0417,12.8565,12.3415,194,27,False
440053,SAINT THOMAS RUTHERFORD HOSPITAL,MURFREESBORO,TN,Acute Care Hospitals,hospital_info,CABG,Coronary artery bypass graft surgery,1.0039,10.3616,10.3214,,,True
440053,SAINT THOMAS RUTHERFORD HOSPITAL,MURFREESBORO,TN,Acute Care Hospitals,hospital_info,HIP-KNEE,Hip/knee replacement,1.0116,5.6956,5.6301,,,True
440056,TENNOVA HEALTHCARE-JEFFERSON MEMORIAL HOSPITAL,JEFFERSON CITY,TN,Acute Care Hospitals,hospital_info,COPD,Chronic obstructive pulmonary disease,1.0008,14.0856,14.0741,,,True
440056,TENNOVA HEALTHCARE-JEFFERSON MEMORIAL HOSPITAL,JEFFERSON CITY,TN,Acute Care Hospitals,hospital_info,HF,Heart failure,1.0888,19.0398,17.487,89,23,False
440057,CLAIBORNE MEDICAL CENTER,TAZEWELL,TN,Acute Care Hospitals,hospital_info,HF,Heart failure,1.105,21.4819,19.4409,31,14,False
440057,CLAIBORNE MEDICAL CENTER,TAZEWELL,TN,Acute Care Hospitals,hospital_info,PN,Pneumonia,1.0268,16.9748,16.5324,72,14,False
440059,COOKEVILLE REGIONAL MEDICAL CENTER,COOKEVILLE,TN,Acute Care Hospitals,hospital_info,AMI,Heart attack,1.0278,12.6878,12.3451,336,44,False
440059,COOKEVILLE REGIONAL MEDICAL CENTER,COOKEVILLE,TN,Acute Care Hospitals,hospital_info,CABG,Coronary artery bypass graft surgery,1.1879,11.5929,9.7592,143,21,False
440059,COOKEVILLE REGIONAL MEDICAL CENTER,COOKEVILLE,TN,Acute Care Hospitals,hospital_info,COPD,Chronic obstructive pulmonary disease,1.0449,18.0392,17.2638,215,42,False
440059,COOKEVILLE REGIONAL MEDICAL CENTER,COOKEVILLE,TN,Acute Care Hospitals,hospital_info,HF,Heart failure,1.0453,21.2504,20.3292,714,155,False
440059,COOKEVILLE REGIONAL MEDICAL CENTER,COOKEVILLE,TN,Acute Care Hospitals,hospital_info,HIP-KNEE,Hip/knee replacement,1.0335,5.7974,5.6093,,,True
440059,COOKEVILLE REGIONAL MEDICAL CENTER,COOKEVILLE,TN,Acute Care Hospitals,hospital_info,PN,Pneumonia,1.138,18.6886,16.4221,873,172,False
440061,VOLUNTEER COMMUNITY HOSPITAL,MARTIN,TN,Acute Care Hospitals,hospital_info,COPD,Chronic obstructive pulmonary disease,1.0101,16.111,15.9493,,,True
440063,JOHNSON CITY MEDICAL CENTER,JOHNSON CITY,TN,Acute Care Hospitals,hospital_info,AMI,Heart attack,1.0285,13.1861,12.8202,376,51,False
440063,JOHNSON CITY MEDICAL CENTER,JOHNSON CITY,TN,Acute Care Hospitals,hospital_info,CABG,Coronary artery bypass graft surgery,1.2914,12.2965,9.5215,101,19,False
440063,JOHNSON CITY MEDICAL CENTER,JOHNSON CITY,TN,Acute Care Hospitals,hospital_info,HIP-KNEE,Hip/knee replacement,1.0027,6.4514,6.4339,,,True
440065,TRISTAR NORTHCREST MEDICAL CENTER,SPRINGFIELD,TN,Acute Care Hospitals,hospital_info,AMI,Heart attack,1.0114,15.2118,15.0405,,,True
440065,TRISTAR NORTHCREST MEDICAL CENTER,SPRINGFIELD,TN,Acute Care Hospitals,hospital_info,HF,Heart failure,1.0288,20.7997,20.2175,91,21,False
440065,TRISTAR NORTHCREST MEDICAL CENTER,SPRINGFIELD,TN,Acute Care Hospitals,hospital_info,PN,Pneumonia,1.0812,18.1499,16.7871,213,44,False
440072,DYERSBURG REGIONAL MEDICAL CENTER,DYERSBURG,TN,Acute Care Hospitals,hospital_info,COPD,Chronic obstructive pulmonary disease,1.0276,18.3818,17.8879,87,18,False
440072,DYERSBURG REGIONAL MEDICAL CENTER,DYERSBURG,TN,Acute Care Hospitals,hospital_info,PN,Pneumonia,1.0233,16.396,16.0225,198,34,False
440073,MAURY REGIONAL HOSPITAL,COLUMBIA,TN,Acute Care Hospitals,hospital_info,AMI,Heart attack,1.0784,11.2307,10.4139,172,23,False
440073,MAURY REGIONAL HOSPITAL,COLUMBIA,TN,Acute Care Hospitals,hospital_info,COPD,Chronic obstructive pulmonary disease,1.0895,18.4892,16.9711,166,37,False
440073,MAURY REGIONAL HOSPITAL,COLUMBIA,TN,Acute Care Hospitals,hospital_info,HF,Heart failure,1.014,18.1083,17.8582,602,110,False
440073,MAURY REGIONAL HOSPITAL,COLUMBIA,TN,Acute Care Hospitals,hospital_info,HIP-KNEE,Hip/knee replacement,1.1263,5.689,5.051,,,True
440073,MAURY REGIONAL HOSPITAL,COLUMBIA,TN,Acute Care Hospitals,hospital_info,PN,Pneumonia,1.0103,14.8129,14.6614,576,86,False
440082,ASCENSION SAINT THOMAS HOSPITAL,NASHVILLE,TN,Acute Care Hospitals,hospital_info,CABG,Coronary artery bypass graft surgery,1.0226,10.7185,10.4818,629,68,False
440082,ASCENSION SAINT THOMAS HOSPITAL,NASHVILLE,TN,Acute Care Hospitals,hospital_info,HIP-KNEE,Hip/knee replacement,1.0746,5.8128,5.4095,261,16,False
440084,SWEETWATER HOSPITAL ASSOCIATION,SWEETWATER,TN,Acute Care Hospitals,hospital_info,COPD,Chronic obstructive pulmonary disease,1.1003,18.5402,16.8505,59,18,False
440084,SWEETWATER HOSPITAL ASSOCIATION,SWEETWATER,TN,Acute Care Hospitals,hospital_info,HF,Heart failure,1.039,17.7628,17.0966,75,16,False
440084,SWEETWATER HOSPITAL ASSOCIATION,SWEETWATER,TN,Acute Care Hospitals,hospital_info,PN,Pneumonia,1.0746,15.1893,14.1351,140,26,False
440091,"MEMORIAL HEALTHCARE SYSTEM, INC",CHATTANOOGA,TN,Acute Care Hospitals,hospital_info,AMI,Heart attack,1.0006,12.9862,12.9786,431,56,False
440091,"MEMORIAL HEALTHCARE SYSTEM, INC",CHATTANOOGA,TN,Acute Care Hospitals,hospital_info,CABG,Coronary artery bypass graft surgery,1.1727,11.8148,10.0753,236,32,False
440102,LINCOLN MEDICAL CENTER,FAYETTEVILLE,TN,Acute Care Hospitals,hospital_info,HF,Heart failure,1.0185,20.7056,20.3304,,,True
440104,ERLANGER MEDICAL CENTER,CHATTANOOGA,TN,Acute Care Hospitals,hospital_info,CABG,Coronary artery bypass graft surgery,1.0015,12.2021,12.1832,98,12,False
440109,HARDIN MEDICAL CENTER,SAVANNAH,TN,Acute Care Hospitals,hospital_info,COPD,Chronic obstructive pulmonary disease,1.0059,12.4468,12.3738,,,True
440109,HARDIN MEDICAL CENTER,SAVANNAH,TN,Acute Care Hospitals,hospital_info,PN,Pneumonia,1.016,14.2517,14.0267,112,17,False
440110,FORT LOUDOUN MEDICAL CENTER,LENOIR CITY,TN,Acute Care Hospitals,hospital_info,COPD,Chronic obstructive pulmonary disease,1.0069,17.5841,17.4632,,,True
440110,FORT LOUDOUN MEDICAL CENTER,LENOIR CITY,TN,Acute Care Hospitals,hospital_info,HF,Heart failure,1.0273,18.9891,18.4854,90,19,False
440110,FORT LOUDOUN MEDICAL CENTER,LENOIR CITY,TN,Acute Care Hospitals,hospital_info,PN,Pneumonia,1.0264,15.0916,14.7028,141,23,False
440120,PHYSICIANS REGIONAL MEDICAL CENTER,POWELL,TN,Acute Care Hospitals,hospital_info,AMI,Heart attack,1.0075,12.8516,12.7562,355,46,False
440120,PHYSICIANS REGIONAL MEDICAL CENTER,POWELL,TN,Acute Care Hospitals,hospital_info,CABG,Coronary artery bypass graft surgery,1.3264,13.8098,10.4117,149,28,False
440120,PHYSICIANS REGIONAL MEDICAL CENTER,POWELL,TN,Acute Care Hospitals,hospital_info,HIP-KNEE,Hip/knee replacement,1.0219,5.8689,5.7432,,,True
440125,FORT SANDERS REGIONAL MEDICAL CENTER,KNOXVILLE,TN,Acute Care Hospitals,hospital_info,CABG,Coronary artery bypass graft surgery,1.0579,11.064,10.4589,,,True
440125,FORT SANDERS REGIONAL MEDICAL CENTER,KNOXVILLE,TN,Acute Care Hospitals,hospital_info,COPD,Chronic obstructive pulmonary disease,1.1406,20.4613,17.9393,162,43,False
440125,FORT SANDERS REGIONAL MEDICAL CENTER,KNOXVILLE,TN,Acute Care Hospitals,hospital_info,HF,Heart failure,1.106,22.6036,20.4377,250,64,False
440125,FORT SANDERS REGIONAL MEDICAL CENTER,KNOXVILLE,TN,Acute Care Hospitals,hospital_info,HIP-KNEE,Hip/knee replacement,1.0383,6.0361,5.8133,,,True
440125,FORT SANDERS REGIONAL MEDICAL CENTER,KNOXVILLE,TN,Acute Care Hospitals,hospital_info,PN,Pneumonia,1.1208,17.8897,15.9612,253,53,False
440131,BAPTIST MEMORIAL HOSPITAL TIPTON,COVINGTON,TN,Acute Care Hospitals,hospital_info,COPD,Chronic obstructive pulmonary disease,1.0101,13.7882,13.6504,,,True
440131,BAPTIST MEMORIAL HOSPITAL TIPTON,COVINGTON,TN,Acute Care Hospitals,hospital_info,HF,Heart failure,1.0325,19.6089,18.9915,80,18,False
440131,BAPTIST MEMORIAL HOSPITAL TIPTON,COVINGTON,TN,Acute Care Hospitals,hospital_info,PN,Pneumonia,1.002,13.5394,13.5126,132,18,False
440132,WEST TENNESSEE HEALTHCARE HENRY COUNTY HOSPITAL,PARIS,TN,Acute Care Hospitals,hospital_info,HF,Heart failure,1.0203,18.5898,18.2192,73,15,False
440137,VANDERBILT BEDFORD HOSPITAL,SHELBYVILLE,TN,Acute Care Hospitals,hospital_info,COPD,Chronic obstructive pulmonary disease,1.0061,17.5652,17.4595,,,True
440144,VANDERBILT TULLAHOMA-HARTON HOSPITAL,TULLAHOMA,TN,Acute Care Hospitals,hospital_info,COPD,Chronic obstructive pulmonary disease,1.023,22.4628,21.9581,81,20,False
440144,VANDERBILT TULLAHOMA-HARTON HOSPITAL,TULLAHOMA,TN,Acute Care Hospitals,hospital_info,HF,Heart failure,1.0061,20.3552,20.2312,268,55,False
440144,VANDERBILT TULLAHOMA-HARTON HOSPITAL,TULLAHOMA,TN,Acute Care Hospitals,hospital_info,PN,Pneumonia,1.0062,15.8234,15.726,187,30,False
440150,TRISTAR SUMMIT MEDICAL CENTER,HERMITAGE,TN,Acute Care Hospitals,hospital_info,COPD,Chronic obstructive pulmonary disease,1.1013,18.447,16.7503,97,25,False
440150,TRISTAR SUMMIT MEDICAL CENTER,HERMITAGE,TN,Acute Care Hospitals,hospital_info,HF,Heart failure,1.0585,19.9113,18.8101,366,77,False
440150,TRISTAR SUMMIT MEDICAL CENTER,HERMITAGE,TN,Acute Care Hospitals,hospital_info,HIP-KNEE,Hip/knee replacement,1.009,6.5824,6.5237,,,True
440151,SAINT THOMAS RIVER PARK HOSPITAL,MCMINNVILLE,TN,Acute Care Hospitals,hospital_info,HF,Heart failure,1.0401,19.5622,18.8075,103,23,False
440156,PARKRIDGE MEDICAL CENTER,CHATTANOOGA,TN,Acute Care Hospitals,hospital_info,AMI,Heart attack,1.0108,13.8791,13.7309,205,29,False
440156,PARKRIDGE MEDICAL CENTER,CHATTANOOGA,TN,Acute Care Hospitals,hospital_info,HIP-KNEE,Hip/knee replacement,1.0062,5.6392,5.6047,247,14,False
440156,PARKRIDGE MEDICAL CENTER,CHATTANOOGA,TN,Acute Care Hospitals,hospital_info,PN,Pneumonia,1.0545,17.1622,16.2752,451,81,False
440161,TRISTAR CENTENNIAL MEDICAL CENTER,NASHVILLE,TN,Acute Care Hospitals,hospital_info,CABG,Coronary artery bypass graft surgery,1.0322,11.457,11.0992,307,36,False
440161,TRISTAR CENTENNIAL MEDICAL CENTER,NASHVILLE,TN,Acute Care Hospitals,hospital_info,PN,Pneumonia,1.0325,16.8152,16.2858,344,60,False
440173,PARKWEST MEDICAL CENTER,KNOXVILLE,TN,Acute Care Hospitals,hospital_info,AMI,Heart attack,1.0663,12.2487,11.4871,325,43,False
440173,PARKWEST MEDICAL CENTER,KNOXVILLE,TN,Acute Care Hospitals,hospital_info,CABG,Coronary artery bypass graft surgery,1.2266,11.3093,9.2199,166,24,False
440173,PARKWEST MEDICAL CENTER,KNOXVILLE,TN,Acute Care Hospitals,hospital_info,HIP-KNEE,Hip/knee replacement,1.172,6.7093,5.7247,375,27,False
440175,SOUTHERN TENNESSEE REGIONAL HEALTH SYSTEM LAWRENCE,LAWRENCEBURG,TN,Acute Care Hospitals,hospital_info,HF,Heart failure,1.0137,20.0122,19.742,65,14,False
440176,INDIAN PATH COMMUNITY HOSPITAL,KINGSPORT,TN,Acute Care Hospitals,hospital_info,PN,Pneumonia,1.084,14.0758,12.9855,77,16,False
440183,ST FRANCIS HOSPITAL,MEMPHIS,TN,Acute Care Hospitals,hospital_info,AMI,Heart attack,1.0491,13.7717,13.1273,84,14,False
440183,ST FRANCIS HOSPITAL,MEMPHIS,TN,Acute Care Hospitals,hospital_info,CABG,Coronary artery bypass graft surgery,1.1164,11.1776,10.0125,82,12,False
440183,ST FRANCIS HOSPITAL,MEMPHIS,TN,Acute Care Hospitals,hospital_info,HF,Heart failure,1.104,21.2942,19.2876,182,46,False
440183,ST FRANCIS HOSPITAL,MEMPHIS,TN,Acute Care Hospitals,hospital_info,HIP-KNEE,Hip/knee replacement,1.0854,6.1947,5.7071,,,True
440184,FRANKLIN WOODS COMMUNITY HOSPITAL,JOHNSON CITY,TN,Acute Care Hospitals,hospital_info,PN,Pneumonia,1.0066,14.3707,14.2769,171,25,False
440185,AFFILIATE OF VITRUVIAN HEALTH,CLEVELAND,TN,Acute Care Hospitals,hospital_info,AMI,Heart attack,1.0105,14.8237,14.6692,138,21,False
440185,AFFILIATE OF VITRUVIAN HEALTH,CLEVELAND,TN,Acute Care Hospitals,hospital_info,HF,Heart failure,1.0849,22.8763,21.0866,310,77,False
440185,AFFILIATE OF VITRUVIAN HEALTH,CLEVELAND,TN,Acute Care Hospitals,hospital_info,HIP-KNEE,Hip/knee replacement,1.3115,9.0124,6.8719,,,True
440187,LIVINGSTON REGIONAL HOSPITAL,LIVINGSTON,TN,Acute Care Hospitals,hospital_info,COPD,Chronic obstructive pulmonary disease,1.0128,17.5004,17.2788,,,True
440187,LIVINGSTON REGIONAL HOSPITAL,LIVINGSTON,TN,Acute Care Hospitals,hospital_info,PN,Pneumonia,1.1136,16.5198,14.8343,132,29,False
440192,SAINT THOMAS HIGHLANDS HOSPITAL,SPARTA,TN,Acute Care Hospitals,hospital_info,COPD,Chronic obstructive pulmonary disease,1.0172,15.1754,14.9191,,,True
440193,VANDERBILT WILSON COUNTY HOSPITAL,LEBANON,TN,Acute Care Hospitals,hospital_info,PN,Pneumonia,1.0653,17.2319,16.1753,213,41,False
440194,TRISTAR HENDERSONVILLE MEDICAL CENTER,HENDERSONVILLE,TN,Acute Care Hospitals,hospital_info,HF,Heart failure,1.0554,22.0592,20.9017,204,49,False
440194,TRISTAR HENDERSONVILLE MEDICAL CENTER,HENDERSONVILLE,TN,Acute Care Hospitals,hospital_info,HIP-KNEE,Hip/knee replacement,1.0575,5.6198,5.314,,,True
440197,TRISTAR SOUTHERN HILLS MEDICAL CENTER,NASHVILLE,TN,Acute Care Hospitals,hospital_info,HF,Heart failure,1.029,18.7606,18.2323,117,24,False
440200,STONES RIVER HOSPITAL,WOODBURY,TN,Acute Care Hospitals,hospital_info,PN,Pneumonia,1.0158,12.8953,12.6952,,,True
440227,TRISTAR STONECREST MEDICAL CENTER,SMYRNA,TN,Acute Care Hospitals,hospital_info,AMI,Heart attack,1.0239,13.4741,13.159,,,True
440227,TRISTAR STONECREST MEDICAL CENTER,SMYRNA,TN,Acute Care Hospitals,hospital_info,HF,Heart failure,1.022,20.0117,19.5808,142,30,False
440227,TRISTAR STONECREST MEDICAL CENTER,SMYRNA,TN,Acute Care Hospitals,hospital_info,HIP-KNEE,Hip/knee replacement,1.0219,6.4799,6.341,,,True
440227,TRISTAR STONECREST MEDICAL CENTER,SMYRNA,TN,Acute Care Hospitals,hospital_info,PN,Pneumonia,1.0804,17.1596,15.8831,162,33,False
440228,SAINT FRANCIS BARTLETT MEDICAL CENTER,BARTLETT,TN,Acute Care Hospitals,hospital_info,COPD,Chronic obstructive pulmonary disease,1.0114,14.8072,14.6409,96,15,False
440228,SAINT FRANCIS BARTLETT MEDICAL CENTER,BARTLETT,TN,Acute Care Hospitals,hospital_info,HF,Heart failure,1.1074,20.4848,18.4973,325,74,False
450002,THE HOSPITALS OF PROVIDENCE - MEMORIAL CAMPUS,EL PASO,TX,Acute Care Hospitals,hospital_info,PN,Pneumonia,1.0254,15.9967,15.5997,102,18,False
450007,PETERSON REGIONAL MEDICAL CENTER,KERRVILLE,TX,Acute Care Hospitals,hospital_info,AMI,Heart attack,1.0126,11.2321,11.0921,137,16,False
450010,UNITED REGIONAL HEALTH CARE SYSTEM,WICHITA FALLS,TX,Acute Care Hospitals,hospital_info,AMI,Heart attack,1.0556,14.0791,13.3378,300,45,False
450010,UNITED REGIONAL HEALTH CARE SYSTEM,WICHITA FALLS,TX,Acute Care Hospitals,hospital_info,CABG,Coronary artery bypass graft surgery,1.1265,12.221,10.8491,89,14,False
450010,UNITED REGIONAL HEALTH CARE SYSTEM,WICHITA FALLS,TX,Acute Care Hospitals,hospital_info,HF,Heart failure,1.0655,20.7554,19.4802,686,147,False
450011,CHI ST JOSEPH HEALTH REGIONAL HOSPITAL,BRYAN,TX,Acute Care Hospitals,hospital_info,CABG,Coronary artery bypass graft surgery,1.0488,10.9888,10.4772,107,13,False
450011,CHI ST JOSEPH HEALTH REGIONAL HOSPITAL,BRYAN,TX,Acute Care Hospitals,hospital_info,COPD,Chronic obstructive pulmonary disease,1.0319,17.5285,16.987,135,26,False
450011,CHI ST JOSEPH HEALTH REGIONAL HOSPITAL,BRYAN,TX,Acute Care Hospitals,hospital_info,HF,Heart failure,1.0296,20.3771,19.792,657,136,False
450015,PARKLAND HEALTH & HOSPITAL SYSTEM,DALLAS,TX,Acute Care Hospitals,hospital_info,AMI,Heart attack,1.0832,15.6665,14.4635,,,True
450015,PARKLAND HEALTH & HOSPITAL SYSTEM,DALLAS,TX,Acute Care Hospitals,hospital_info,COPD,Chronic obstructive pulmonary disease,1.0811,25.3687,23.4658,50,19,False
450018,UNIVERSITY OF TEXAS MEDICAL BRANCH GALVESTON,GALVESTON,TX,Acute Care Hospitals,hospital_info,AMI,Heart attack,1.1487,16.7398,14.5725,255,50,False
450018,UNIVERSITY OF TEXAS MEDICAL BRANCH GALVESTON,GALVESTON,TX,Acute Care Hospitals,hospital_info,CABG,Coronary artery bypass graft surgery,1.0946,12.6231,11.5317,92,14,False
450018,UNIVERSITY OF TEXAS MEDICAL BRANCH GALVESTON,GALVESTON,TX,Acute Care Hospitals,hospital_info,COPD,Chronic obstructive pulmonary disease,1.0219,19.7509,19.3282,179,37,False
450018,UNIVERSITY OF TEXAS MEDICAL BRANCH GALVESTON,GALVESTON,TX,Acute Care Hospitals,hospital_info,HF,Heart failure,1.0958,22.3194,20.3683,906,209,False
450021,BAYLOR UNIVERSITY MEDICAL CENTER,DALLAS,TX,Acute Care Hospitals,hospital_info,CABG,Coronary artery bypass graft surgery,1.0401,10.8025,10.3861,222,25,False
450021,BAYLOR UNIVERSITY MEDICAL CENTER,DALLAS,TX,Acute Care Hospitals,hospital_info,HIP-KNEE,Hip/knee replacement,1.1551,7.0942,6.1416,,,True
450023,CITIZENS MEDICAL CENTER,VICTORIA,TX,Acute Care Hospitals,hospital_info,CABG,Coronary artery bypass graft surgery,1.0108,10.1012,9.9934,,,True
450023,CITIZENS MEDICAL CENTER,VICTORIA,TX,Acute Care Hospitals,hospital_info,COPD,Chronic obstructive pulmonary disease,1.033,15.3144,14.8246,70,13,False
450023,CITIZENS MEDICAL CENTER,VICTORIA,TX,Acute Care Hospitals,hospital_info,HF,Heart failure,1.0797,20.7188,19.1901,383,85,False
450023,CITIZENS MEDICAL CENTER,VICTORIA,TX,Acute Care Hospitals,hospital_info,PN,Pneumonia,1.0936,15.8808,14.521,271,49,False
450024,UNIVERSITY MEDICAL CENTER OF EL PASO,EL PASO,TX,Acute Care Hospitals,hospital_info,AMI,Heart attack,1.0637,13.5824,12.7687,,,True
450024,UNIVERSITY MEDICAL CENTER OF EL PASO,EL PASO,TX,Acute Care Hospitals,hospital_info,PN,Pneumonia,1.031,15.0227,14.5703,93,16,False
450028,VALLEY BAPTIST MEDICAL CENTER- BROWNSVILLE,BROWNSVILLE,TX,Acute Care Hospitals,hospital_info,HF,Heart failure,1.0058,20.8246,20.7036,142,30,False
450028,VALLEY BAPTIST MEDICAL CENTER- BROWNSVILLE,BROWNSVILLE,TX,Acute Care Hospitals,hospital_info,PN,Pneumonia,1.0099,17.2112,17.0419,182,32,False
450029,LAREDO MEDICAL CENTER,LAREDO,TX,Acute Care Hospitals,hospital_info,AMI,Heart attack,1.0441,15.4402,14.7874,63,12,False
450029,LAREDO MEDICAL CENTER,LAREDO,TX,Acute Care Hospitals,hospital_info,HF,Heart failure,1.0136,21.2008,20.9165,283,61,False
450032,CHRISTUS GOOD SHEPHERD MEDICAL CENTER,LONGVIEW,TX,Acute Care Hospitals,hospital_info,AMI,Heart attack,1.061,14.5835,13.7456,233,37,False
450032,CHRISTUS GOOD SHEPHERD MEDICAL CENTER,LONGVIEW,TX,Acute Care Hospitals,hospital_info,COPD,Chronic obstructive pulmonary disease,1.0147,18.1509,17.8874,231,43,False
450032,CHRISTUS GOOD SHEPHERD MEDICAL CENTER,LONGVIEW,TX,Acute Care Hospitals,hospital_info,HF,Heart failure,1.0597,20.9313,19.7527,467,102,False
450032,CHRISTUS GOOD SHEPHERD MEDICAL CENTER,LONGVIEW,TX,Acute Care Hospitals,hospital_info,PN,Pneumonia,1.0762,16.8993,15.7033,817,143,False
450033,VHS HARLINGEN HOSPITAL COMPANY LLC,HARLINGEN,TX,Acute Care Hospitals,hospital_info,AMI,Heart attack,1.1217,18.041,16.0837,99,24,False
450033,VHS HARLINGEN HOSPITAL COMPANY LLC,HARLINGEN,TX,Acute Care Hospitals,hospital_info,PN,Pneumonia,1.1422,18.0162,15.7731,322,67,False
450034,CHRISTUS SOUTHEAST TEXAS- ST ELIZABETH,BEAUMONT,TX,Acute Care Hospitals,hospital_info,AMI,Heart attack,1.1667,15.625,13.3925,205,40,False
450034,CHRISTUS SOUTHEAST TEXAS- ST ELIZABETH,BEAUMONT,TX,Acute Care Hospitals,hospital_info,PN,Pneumonia,1.0557,16.992,16.0962,361,65,False
450040,COVENANT MEDICAL CENTER,LUBBOCK,TX,Acute Care Hospitals,hospital_info,COPD,Chronic obstructive pulmonary disease,1.0055,18.1478,18.0476,119,22,False
450042,ASCENSION PROVIDENCE,WACO,TX,Acute Care Hospitals,hospital_info,COPD,Chronic obstructive pulmonary disease,1.0419,19.0201,18.2555,126,27,False
450042,ASCENSION PROVIDENCE,WACO,TX,Acute Care Hospitals,hospital_info,HF,Heart failure,1.0401,20.1128,19.3372,483,100,False
450044,UT OF TEXAS  SOUTHWESTERN UNIVERSITY HOSPITAL - WILLIAM P. CLEMENTS JR.,DALLAS,TX,Acute Care Hospitals,hospital_info,AMI,Heart attack,1.1005,17.873,16.2401,139,30,False
450044,UT OF TEXAS  SOUTHWESTERN UNIVERSITY HOSPITAL - WILLIAM P. CLEMENTS JR.,DALLAS,TX,Acute Care Hospitals,hospital_info,CABG,Coronary artery bypass graft surgery,1.0959,12.4282,11.3411,,,True
450044,UT OF TEXAS  SOUTHWESTERN UNIVERSITY HOSPITAL - WILLIAM P. CLEMENTS JR.,DALLAS,TX,Acute Care Hospitals,hospital_info,COPD,Chronic obstructive pulmonary disease,1.0604,18.1327,17.0998,136,29,False
450044,UT OF TEXAS  SOUTHWESTERN UNIVERSITY HOSPITAL - WILLIAM P. CLEMENTS JR.,DALLAS,TX,Acute Care Hospitals,hospital_info,PN,Pneumonia,1.0535,19.1108,18.1396,567,112,False
450046,CHRISTUS SPOHN HOSPITAL CORPUS CHRISTI,CORPUS CHRISTI,TX,Acute Care Hospitals,hospital_info,CABG,Coronary artery bypass graft surgery,1.1332,13.5275,11.9372,64,12,False
450046,CHRISTUS SPOHN HOSPITAL CORPUS CHRISTI,CORPUS CHRISTI,TX,Acute Care Hospitals,hospital_info,HF,Heart failure,1.0053,19.8149,19.7104,316,63,False
450046,CHRISTUS SPOHN HOSPITAL CORPUS CHRISTI,CORPUS CHRISTI,TX,Acute Care Hospitals,hospital_info,HIP-KNEE,Hip/knee replacement,1.0124,5.8095,5.7382,,,True
450051,METHODIST DALLAS MEDICAL CENTER,DALLAS,TX,Acute Care Hospitals,hospital_info,COPD,Chronic obstructive pulmonary disease,1.0346,20.9296,20.229,64,16,False
450054,BAYLOR SCOTT & WHITE MEDICAL CENTER - TEMPLE,TEMPLE,TX,Acute Care Hospitals,hospital_info,CABG,Coronary artery bypass graft surgery,1.0058,11.066,11.0026,,,True
450054,BAYLOR SCOTT & WHITE MEDICAL CENTER - TEMPLE,TEMPLE,TX,Acute Care Hospitals,hospital_info,COPD,Chronic obstructive pulmonary disease,1.0141,19.6028,19.3304,214,43,False
450054,BAYLOR SCOTT & WHITE MEDICAL CENTER - TEMPLE,TEMPLE,TX,Acute Care Hospitals,hospital_info,HF,Heart failure,1.0043,19.9466,19.8608,585,117,False
450054,BAYLOR SCOTT & WHITE MEDICAL CENTER - TEMPLE,TEMPLE,TX,Acute Care Hospitals,hospital_info,HIP-KNEE,Hip/knee replacement,1.0822,6.0937,5.6311,,,True
450055,ROLLING PLAINS MEMORIAL HOSPITAL,SWEETWATER,TX,Acute Care Hospitals,hospital_info,HF,Heart failure,1.0176,18.9907,18.6621,,,True
450056,ASCENSION SETON MEDICAL CENTER AUSTIN,AUSTIN,TX,Acute Care Hospitals,hospital_info,AMI,Heart attack,1.0551,13.0361,12.3556,125,19,False
450056,ASCENSION SETON MEDICAL CENTER AUSTIN,AUSTIN,TX,Acute Care Hospitals,hospital_info,HIP-KNEE,Hip/knee replacement,1.0731,5.5187,5.1429,,,True
450056,ASCENSION SETON MEDICAL CENTER AUSTIN,AUSTIN,TX,Acute Care Hospitals,hospital_info,PN,Pneumonia,1.0786,16.1801,15.0013,321,57,False
450058,BAPTIST MEDICAL CENTER,SAN ANTONIO,TX,Acute Care Hospitals,hospital_info,HIP-KNEE,Hip/knee replacement,1.098,6.3828,5.8134,171,12,False
450064,TEXAS HEALTH ARLINGTON MEMORIAL HOSPITAL,ARLINGTON,TX,Acute Care Hospitals,hospital_info,COPD,Chronic obstructive pulmonary disease,1.0494,19.9171,18.9796,97,23,False
450064,TEXAS HEALTH ARLINGTON MEMORIAL HOSPITAL,ARLINGTON,TX,Acute Care Hospitals,hospital_info,PN,Pneumonia,1.0215,15.1312,14.8124,374,58,False
450068,MEMORIAL HERMANN - TEXAS MEDICAL CENTER,HOUSTON,TX,Acute Care Hospitals,hospital_info,CABG,Coronary artery bypass graft surgery,1.023,12.3742,12.0959,84,11,False
450068,MEMORIAL HERMANN - TEXAS MEDICAL CENTER,HOUSTON,TX,Acute Care Hospitals,hospital_info,PN,Pneumonia,1.0374,17.7169,17.0779,330,61,False
450072,CHI ST LUKE'S HEALTH BRAZOSPORT,LAKE JACKSON,TX,Acute Care Hospitals,hospital_info,COPD,Chronic obstructive pulmonary disease,1.0372,17.9589,17.3143,74,16,False
450072,CHI ST LUKE'S HEALTH BRAZOSPORT,LAKE JACKSON,TX,Acute Care Hospitals,hospital_info,HF,Heart failure,1.0725,21.0852,19.6591,170,41,False
450072,CHI ST LUKE'S HEALTH BRAZOSPORT,LAKE JACKSON,TX,Acute Care Hospitals,hospital_info,PN,Pneumonia,1.0207,16.5007,16.1658,131,23,False
450079,BAYLOR SCOTT & WHITE MEDICAL CENTER AT IRVING,IRVING,TX,Acute Care Hospitals,hospital_info,COPD,Chronic obstructive pulmonary disease,1.0272,19.3898,18.8757,103,22,False
450079,BAYLOR SCOTT & WHITE MEDICAL CENTER AT IRVING,IRVING,TX,Acute Care Hospitals,hospital_info,HF,Heart failure,1.0876,20.1863,18.5602,287,64,False
450079,BAYLOR SCOTT & WHITE MEDICAL CENTER AT IRVING,IRVING,TX,Acute Care Hospitals,hospital_info,PN,Pneumonia,1.1032,16.4988,14.956,245,47,False
450080,TITUS REGIONAL MEDICAL CENTER,MOUNT PLEASANT,TX,Acute Care Hospitals,hospital_info,HF,Heart failure,1.0086,19.2767,19.112,85,17,False
450082,CHRISTUS SPOHN HOSPITAL BEEVILLE,BEEVILLE,TX,Acute Care Hospitals,hospital_info,PN,Pneumonia,1.0609,16.083,15.1596,50,12,False
450083,UT HEALTH EAST TEXAS TYLER REGIONAL HOSPITAL,TYLER,TX,Acute Care Hospitals,hospital_info,AMI,Heart attack,1.1497,14.8981,12.9588,368,62,False
450083,UT HEALTH EAST TEXAS TYLER REGIONAL HOSPITAL,TYLER,TX,Acute Care Hospitals,hospital_info,CABG,Coronary artery bypass graft surgery,1.1115,12.8246,11.5385,173,25,False
450083,UT HEALTH EAST TEXAS TYLER REGIONAL HOSPITAL,TYLER,TX,Acute Care Hospitals,hospital_info,COPD,Chronic obstructive pulmonary disease,1.046,20.0073,19.1281,163,36,False
450083,UT HEALTH EAST TEXAS TYLER REGIONAL HOSPITAL,TYLER,TX,Acute Care Hospitals,hospital_info,HF,Heart failure,1.0192,21.2766,20.8766,548,118,False
450083,UT HEALTH EAST TEXAS TYLER REGIONAL HOSPITAL,TYLER,TX,Acute Care Hospitals,hospital_info,PN,Pneumonia,1.0612,18.3004,17.2442,617,117,False
450087,MEDICAL CITY NORTH HILLS,NORTH RICHLAND HILLS,TX,Acute Care Hospitals,hospital_info,AMI,Heart attack,1.0351,15.1491,14.6349,74,13,False
450087,MEDICAL CITY NORTH HILLS,NORTH RICHLAND HILLS,TX,Acute Care Hospitals,hospital_info,COPD,Chronic obstructive pulmonary disease,1.0143,18.632,18.3687,64,13,False
450087,MEDICAL CITY NORTH HILLS,NORTH RICHLAND HILLS,TX,Acute Care Hospitals,hospital_info,HF,Heart failure,1.0547,20.2815,19.2291,188,42,False
450087,MEDICAL CITY NORTH HILLS,NORTH RICHLAND HILLS,TX,Acute Care Hospitals,hospital_info,PN,Pneumonia,1.0523,17.8199,16.9348,261,50,False
450092,FORT DUNCAN MEDICAL CENTER,EAGLE PASS,TX,Acute Care Hospitals,hospital_info,HF,Heart failure,1.0503,22.0472,20.9908,47,14,False
450097,HCA HOUSTON HEALTHCARE SOUTHEAST,PASADENA,TX,Acute Care Hospitals,hospital_info,AMI,Heart attack,1.0395,13.4714,12.9592,,,True
450097,HCA HOUSTON HEALTHCARE SOUTHEAST,PASADENA,TX,Acute Care Hospitals,hospital_info,HF,Heart failure,1.0281,20.4792,19.9199,117,26,False
450101,BAYLOR SCOTT & WHITE MEDICAL CENTER HILLCREST,WACO,TX,Acute Care Hospitals,hospital_info,COPD,Chronic obstructive pulmonary disease,1.0317,17.7753,17.2289,139,27,False
450101,BAYLOR SCOTT & WHITE MEDICAL CENTER HILLCREST,WACO,TX,Acute Care Hospitals,hospital_info,HF,Heart failure,1.0059,18.5588,18.4503,251,47,False
450102,CHRISTUS MOTHER FRANCES HOSPITAL,TYLER,TX,Acute Care Hospitals,hospital_info,HIP-KNEE,Hip/knee replacement,1.0151,7.0132,6.9092,,,True
450104,GUADALUPE REGIONAL MEDICAL CENTER,SEGUIN,TX,Acute Care Hospitals,hospital_info,AMI,Heart attack,1.0107,12.3495,12.2186,,,True
450104,GUADALUPE REGIONAL MEDICAL CENTER,SEGUIN,TX,Acute Care Hospitals,hospital_info,HF,Heart failure,1.0421,18.0087,17.2809,217,42,False
450104,GUADALUPE REGIONAL MEDICAL CENTER,SEGUIN,TX,Acute Care Hospitals,hospital_info,HIP-KNEE,Hip/knee replacement,1.4782,6.9336,4.6905,,,True
450104,GUADALUPE REGIONAL MEDICAL CENTER,SEGUIN,TX,Acute Care Hospitals,hospital_info,PN,Pneumonia,1.0868,13.9493,12.8347,148,26,False
450107,LAS PALMAS MEDICAL CENTER A CAMPUS OF LPDS HEALTHC,EL PASO,TX,Acute Care Hospitals,hospital_info,AMI,Heart attack,1.0522,14.753,14.0213,111,19,False
450107,LAS PALMAS MEDICAL CENTER A CAMPUS OF LPDS HEALTHC,EL PASO,TX,Acute Care Hospitals,hospital_info,CABG,Coronary artery bypass graft surgery,1.0469,11.8407,11.3101,,,True
450107,LAS PALMAS MEDICAL CENTER A CAMPUS OF LPDS HEALTHC,EL PASO,TX,Acute Care Hospitals,hospital_info,HF,Heart failure,1.0385,20.3442,19.5895,247,53,False
450107,LAS PALMAS MEDICAL CENTER A CAMPUS OF LPDS HEALTHC,EL PASO,TX,Acute Care Hospitals,hospital_info,PN,Pneumonia,1.1155,17.7251,15.8902,342,68,False
450119,SOUTH TEXAS HEALTH SYSTEM,EDINBURG,TX,Acute Care Hospitals,hospital_info,AMI,Heart attack,1.0274,16.4884,16.0484,143,25,False
450119,SOUTH TEXAS HEALTH SYSTEM,EDINBURG,TX,Acute Care Hospitals,hospital_info,HF,Heart failure,1.0433,21.9885,21.0756,354,81,False
450119,SOUTH TEXAS HEALTH SYSTEM,EDINBURG,TX,Acute Care Hospitals,hospital_info,PN,Pneumonia,1.1132,18.5734,16.6844,278,59,False
450128,KNAPP MEDICAL CENTER,WESLACO,TX,Acute Care Hospitals,hospital_info,PN,Pneumonia,1.0197,17.4565,17.1201,107,20,False
450133,MIDLAND MEMORIAL HOSPITAL,MIDLAND,TX,Acute Care Hospitals,hospital_info,CABG,Coronary artery bypass graft surgery,1.0684,10.8125,10.1205,,,True
450133,MIDLAND MEMORIAL HOSPITAL,MIDLAND,TX,Acute Care Hospitals,hospital_info,COPD,Chronic obstructive pulmonary disease,1.0904,17.8242,16.3468,94,23,False
450133,MIDLAND MEMORIAL HOSPITAL,MIDLAND,TX,Acute Care Hospitals,hospital_info,PN,Pneumonia,1.0177,15.0676,14.8062,364,56,False
450135,TEXAS HEALTH HARRIS METHODIST FORT WORTH,FORT WORTH,TX,Acute Care Hospitals,hospital_info,COPD,Chronic obstructive pulmonary disease,1.0216,18.3627,17.9747,182,35,False
450137,BAYLOR SCOTT AND WHITE ALL SAINTS MEDICAL CENTER,FORT WORTH,TX,Acute Care Hospitals,hospital_info,AMI,Heart attack,1.0095,13.4802,13.3537,78,11,False
450137,BAYLOR SCOTT AND WHITE ALL SAINTS MEDICAL CENTER,FORT WORTH,TX,Acute Care Hospitals,hospital_info,COPD,Chronic obstructive pulmonary disease,1.0507,21.6443,20.5999,144,35,False
450137,BAYLOR SCOTT AND WHITE ALL SAINTS MEDICAL CENTER,FORT WORTH,TX,Acute Care Hospitals,hospital_info,HF,Heart failure,1.0846,22.2745,20.5375,359,86,False
450137,BAYLOR SCOTT AND WHITE ALL SAINTS MEDICAL CENTER,FORT WORTH,TX,Acute Care Hospitals,hospital_info,PN,Pneumonia,1.0407,17.9175,17.2174,247,47,False
450147,DE TAR HOSPITAL NAVARRO,VICTORIA,TX,Acute Care Hospitals,hospital_info,AMI,Heart attack,1.0965,14.4569,13.1841,140,25,False
450147,DE TAR HOSPITAL NAVARRO,VICTORIA,TX,Acute Care Hospitals,hospital_info,COPD,Chronic obstructive pulmonary disease,1.0147,17.644,17.3886,62,12,False
450148,TEXAS HEALTH HARRIS METHODIST HOSPITAL CLEBURNE,CLEBURNE,TX,Acute Care Hospitals,hospital_info,COPD,Chronic obstructive pulmonary disease,1.0328,15.4794,14.9878,,,True
450152,ADVENTHEALTH CENTRAL TEXAS,KILLEEN,TX,Acute Care Hospitals,hospital_info,AMI,Heart attack,1.0226,13.536,13.2366,95,14,False
450152,ADVENTHEALTH CENTRAL TEXAS,KILLEEN,TX,Acute Care Hospitals,hospital_info,COPD,Chronic obstructive pulmonary disease,1.0431,16.9152,16.2166,59,13,False
450152,ADVENTHEALTH CENTRAL TEXAS,KILLEEN,TX,Acute Care Hospitals,hospital_info,HF,Heart failure,1.0156,20.4315,20.1182,249,52,False
450152,ADVENTHEALTH CENTRAL TEXAS,KILLEEN,TX,Acute Care Hospitals,hospital_info,PN,Pneumonia,1.0858,16.8511,15.5197,264,50,False
450154,VAL VERDE REGIONAL MEDICAL CENTER,DEL RIO,TX,Acute Care Hospitals,hospital_info,AMI,Heart attack,1.0186,12.2438,12.0197,,,True
450154,VAL VERDE REGIONAL MEDICAL CENTER,DEL RIO,TX,Acute Care Hospitals,hospital_info,HF,Heart failure,1.0238,18.376,17.9493,78,16,False
450163,CHRISTUS SPOHN HOSPITAL KLEBERG,KINGSVILLE,TX,Acute Care Hospitals,hospital_info,HF,Heart failure,1.0294,20.6407,20.0511,43,11,False
450165,METHODIST HOSPITAL ATASCOSA,JOURDANTON,TX,Acute Care Hospitals,hospital_info,HF,Heart failure,1.0219,19.2761,18.8632,49,11,False
450176,MISSION REGIONAL MEDICAL CENTER,MISSION,TX,Acute Care Hospitals,hospital_info,AMI,Heart attack,1.0193,16.6489,16.3331,,,True
450176,MISSION REGIONAL MEDICAL CENTER,MISSION,TX,Acute Care Hospitals,hospital_info,COPD,Chronic obstructive pulmonary disease,1.0257,19.7106,19.2168,46,11,False
450176,MISSION REGIONAL MEDICAL CENTER,MISSION,TX,Acute Care Hospitals,hospital_info,HF,Heart failure,1.0695,22.5822,21.1145,84,24,False
450176,MISSION REGIONAL MEDICAL CENTER,MISSION,TX,Acute Care Hospitals,hospital_info,PN,Pneumonia,1.0478,17.8621,17.0476,262,50,False
450184,MEMORIAL HERMANN HOSPITAL SYSTEM,HOUSTON,TX,Acute Care Hospitals,hospital_info,AMI,Heart attack,1.0661,14.7038,13.7919,372,58,False
450184,MEMORIAL HERMANN HOSPITAL SYSTEM,HOUSTON,TX,Acute Care Hospitals,hospital_info,CABG,Coronary artery bypass graft surgery,1.0779,12.2198,11.3363,213,28,False
450184,MEMORIAL HERMANN HOSPITAL SYSTEM,HOUSTON,TX,Acute Care Hospitals,hospital_info,HF,Heart failure,1.014,20.8592,20.5716,1510,316,False
450184,MEMORIAL HERMANN HOSPITAL SYSTEM,HOUSTON,TX,Acute Care Hospitals,hospital_info,HIP-KNEE,Hip/knee replacement,1.1718,7.6776,6.5521,,,True
450184,MEMORIAL HERMANN HOSPITAL SYSTEM,HOUSTON,TX,Acute Care Hospitals,hospital_info,PN,Pneumonia,1.0357,17.5047,16.901,1483,262,False
450194,UT HEALTH EAST TEXAS JACKSONVILLE HOSPITAL,JACKSONVILLE,TX,Acute Care Hospitals,hospital_info,HF,Heart failure,1.0033,19.2005,19.1364,,,True
450194,UT HEALTH EAST TEXAS JACKSONVILLE HOSPITAL,JACKSONVILLE,TX,Acute Care Hospitals,hospital_info,PN,Pneumonia,1.0169,14.3958,14.1567,,,True
450196,PARIS REGIONAL MEDICAL CENTER,PARIS,TX,Acute Care Hospitals,hospital_info,COPD,Chronic obstructive pulmonary disease,1.1348,22.4501,19.784,206,56,False
450196,PARIS REGIONAL MEDICAL CENTER,PARIS,TX,Acute Care Hospitals,hospital_info,HF,Heart failure,1.0236,20.8924,20.4099,413,88,False
450200,WADLEY REGIONAL MEDICAL CENTER,TEXARKANA,TX,Acute Care Hospitals,hospital_info,COPD,Chronic obstructive pulmonary disease,1.001,15.9659,15.9506,81,13,False
450200,WADLEY REGIONAL MEDICAL CENTER,TEXARKANA,TX,Acute Care Hospitals,hospital_info,HF,Heart failure,1.0291,18.5653,18.0395,156,31,False
450200,WADLEY REGIONAL MEDICAL CENTER,TEXARKANA,TX,Acute Care Hospitals,hospital_info,PN,Pneumonia,1.0743,16.3366,15.2062,185,35,False
450203,MEDICAL CITY WEATHERFORD,WEATHERFORD,TX,Acute Care Hospitals,hospital_info,AMI,Heart attack,1.0693,14.712,13.7589,99,18,False
450203,MEDICAL CITY WEATHERFORD,WEATHERFORD,TX,Acute Care Hospitals,hospital_info,COPD,Chronic obstructive pulmonary disease,1.0503,22.3968,21.3252,63,18,False
450203,MEDICAL CITY WEATHERFORD,WEATHERFORD,TX,Acute Care Hospitals,hospital_info,HF,Heart failure,1.0593,21.3892,20.1909,228,53,False
450203,MEDICAL CITY WEATHERFORD,WEATHERFORD,TX,Acute Care Hospitals,hospital_info,HIP-KNEE,Hip/knee replacement,1.0292,4.5754,4.4454,,,True
450203,MEDICAL CITY WEATHERFORD,WEATHERFORD,TX,Acute Care Hospitals,hospital_info,PN,Pneumonia,1.0394,17.1648,16.5141,480,85,False
450209,NORTHWEST TEXAS HOSPITAL,AMARILLO,TX,Acute Care Hospitals,hospital_info,CABG,Coronary artery bypass graft surgery,1.0908,14.0946,12.9218,,,True
450210,UT HEALTH EAST TEXAS CARTHAGE HOSPITAL,CARTHAGE,TX,Acute Care Hospitals,hospital_info,HF,Heart failure,1.0042,18.1166,18.0414,,,True
450210,UT HEALTH EAST TEXAS CARTHAGE HOSPITAL,CARTHAGE,TX,Acute Care Hospitals,hospital_info,PN,Pneumonia,1.0121,13.4005,13.24,,,True
450211,CHI ST LUKES HEALTH MEMORIAL LUFKIN,LUFKIN,TX,Acute Care Hospitals,hospital_info,AMI,Heart attack,1.0871,13.4417,12.3646,110,19,False
450211,CHI ST LUKES HEALTH MEMORIAL LUFKIN,LUFKIN,TX,Acute Care Hospitals,hospital_info,HF,Heart failure,1.0666,19.6109,18.387,216,47,False
450211,CHI ST LUKES HEALTH MEMORIAL LUFKIN,LUFKIN,TX,Acute Care Hospitals,hospital_info,PN,Pneumonia,1.0032,15.9927,15.9409,230,37,False
450213,UNIVERSITY HEALTH SYSTEM,SAN ANTONIO,TX,Acute Care Hospitals,hospital_info,CABG,Coronary artery bypass graft surgery,1.0159,10.927,10.7556,,,True
450213,UNIVERSITY HEALTH SYSTEM,SAN ANTONIO,TX,Acute Care Hospitals,hospital_info,HF,Heart failure,1.0345,19.841,19.1788,164,35,False
450222,HCA HOUSTON HEALTHCARE CONROE,CONROE,TX,Acute Care Hospitals,hospital_info,AMI,Heart attack,1.1348,14.1837,12.4992,117,23,False
450222,HCA HOUSTON HEALTHCARE CONROE,CONROE,TX,Acute Care Hospitals,hospital_info,CABG,Coronary artery bypass graft surgery,1.0178,10.823,10.6335,,,True
450222,HCA HOUSTON HEALTHCARE CONROE,CONROE,TX,Acute Care Hospitals,hospital_info,COPD,Chronic obstructive pulmonary disease,1.0159,17.5291,17.2547,96,18,False
450222,HCA HOUSTON HEALTHCARE CONROE,CONROE,TX,Acute Care Hospitals,hospital_info,HF,Heart failure,1.0241,19.8628,19.3946,248,51,False
450222,HCA HOUSTON HEALTHCARE CONROE,CONROE,TX,Acute Care Hospitals,hospital_info,PN,Pneumonia,1.1161,17.9088,16.0458,254,53,False
450229,HENDRICK MEDICAL CENTER,ABILENE,TX,Acute Care Hospitals,hospital_info,AMI,Heart attack,1.0354,13.2095,12.758,403,55,False
450229,HENDRICK MEDICAL CENTER,ABILENE,TX,Acute Care Hospitals,hospital_info,HIP-KNEE,Hip/knee replacement,1.0014,4.6604,4.6538,579,27,False
450231,BSA HOSPITAL,AMARILLO,TX,Acute Care Hospitals,hospital_info,AMI,Heart attack,1.0429,12.3944,11.8841,330,43,False
450231,BSA HOSPITAL,AMARILLO,TX,Acute Care Hospitals,hospital_info,CABG,Coronary artery bypass graft surgery,1.1491,10.6573,9.2748,145,19,False
450231,BSA HOSPITAL,AMARILLO,TX,Acute Care Hospitals,hospital_info,HIP-KNEE,Hip/knee replacement,1.2528,9.231,7.3685,,,True
450237,CHRISTUS SANTA ROSA MEDICAL CENTER,SAN ANTONIO,TX,Acute Care Hospitals,hospital_info,AMI,Heart attack,1.0572,15.6879,14.839,485,79,False
450237,CHRISTUS SANTA ROSA MEDICAL CENTER,SAN ANTONIO,TX,Acute Care Hospitals,hospital_info,CABG,Coronary artery bypass graft surgery,1.0654,11.2867,10.5937,136,17,False
450237,CHRISTUS SANTA ROSA MEDICAL CENTER,SAN ANTONIO,TX,Acute Care Hospitals,hospital_info,HF,Heart failure,1.0181,19.9098,19.5564,782,157,False
450241,FAITH COMMUNITY HOSPITAL,JACKSBORO,TX,Acute Care Hospitals,hospital_info,PN,Pneumonia,1.0049,13.756,13.6883,,,True
450271,MEDICAL CITY DECATUR,,TX,,hrrp_fallback,AMI,Heart attack,1.1288,14.955,13.2481,85,19,False
450271,MEDICAL CITY DECATUR,,TX,,hrrp_fallback,COPD,Chronic obstructive pulmonary disease,1.0456,19.085,18.2518,103,23,False
450271,MEDICAL CITY DECATUR,,TX,,hrrp_fallback,HF,Heart failure,1.1327,21.7999,19.2452,192,51,False
450272,CHRISTUS SANTA ROSA HOSPITAL-SAN MARCOS,SAN MARCOS,TX,Acute Care Hospitals,hospital_info,AMI,Heart attack,1.0285,11.3811,11.0658,,,True
450272,CHRISTUS SANTA ROSA HOSPITAL-SAN MARCOS,SAN MARCOS,TX,Acute Care Hospitals,hospital_info,COPD,Chronic obstructive pulmonary disease,1.0133,17.8729,17.6378,,,True
450272,CHRISTUS SANTA ROSA HOSPITAL-SAN MARCOS,SAN MARCOS,TX,Acute Care Hospitals,hospital_info,PN,Pneumonia,1.0524,13.5888,12.9125,123,20,False
450289,HARRIS HEALTH,HOUSTON,TX,Acute Care Hospitals,hospital_info,HF,Heart failure,1.0334,23.1677,22.4198,54,15,False
450324,TEXOMA MEDICAL CENTER,DENISON,TX,Acute Care Hospitals,hospital_info,HF,Heart failure,1.0884,22.6285,20.7899,763,179,False
450324,TEXOMA MEDICAL CENTER,DENISON,TX,Acute Care Hospitals,hospital_info,PN,Pneumonia,1.1744,20.4488,17.4116,1026,221,False
450330,OAKBEND MEDICAL CENTER,RICHMOND,TX,Acute Care Hospitals,hospital_info,PN,Pneumonia,1.0402,20.4878,19.6952,79,19,False
450346,BAPTIST BEAUMONT HOSPITAL,BEAUMONT,TX,Acute Care Hospitals,hospital_info,HF,Heart failure,1.0112,19.613,19.3952,261,52,False
450346,BAPTIST BEAUMONT HOSPITAL,BEAUMONT,TX,Acute Care Hospitals,hospital_info,PN,Pneumonia,1.0473,17.1247,16.3512,332,60,False
450347,HUNTSVILLE MEMORIAL HOSPITAL,HUNTSVILLE,TX,Acute Care Hospitals,hospital_info,COPD,Chronic obstructive pulmonary disease,1.0021,15.5927,15.5601,76,12,False
450347,HUNTSVILLE MEMORIAL HOSPITAL,HUNTSVILLE,TX,Acute Care Hospitals,hospital_info,HF,Heart failure,1.083,19.034,17.5756,112,27,False
450347,HUNTSVILLE MEMORIAL HOSPITAL,HUNTSVILLE,TX,Acute Care Hospitals,hospital_info,PN,Pneumonia,1.0033,14.1591,14.113,168,24,False
450351,TEXAS HEALTH HARRIS METHODIST HOSPITAL STEPHENVILL,STEPHENVILLE,TX,Acute Care Hospitals,hospital_info,HF,Heart failure,1.048,17.6698,16.8604,55,13,False
450352,HUNT REGIONAL MEDICAL CENTER,GREENVILLE,TX,Acute Care Hospitals,hospital_info,AMI,Heart attack,1.0654,15.1915,14.2583,90,17,False
450352,HUNT REGIONAL MEDICAL CENTER,GREENVILLE,TX,Acute Care Hospitals,hospital_info,HF,Heart failure,1.0167,19.345,19.0274,366,72,False
450352,HUNT REGIONAL MEDICAL CENTER,GREENVILLE,TX,Acute Care Hospitals,hospital_info,PN,Pneumonia,1.0645,16.3072,15.3197,416,72,False
450370,COLUMBUS COMMUNITY HOSPITAL,COLUMBUS,TX,Acute Care Hospitals,hospital_info,HF,Heart failure,1.0167,17.262,16.9782,57,11,False
450372,BAYLOR SCOTT & WHITE MEDICAL CENTER- WAXAHACHIE,WAXAHACHIE,TX,Acute Care Hospitals,hospital_info,AMI,Heart attack,1.1342,12.7926,11.2792,37,11,False
450372,BAYLOR SCOTT & WHITE MEDICAL CENTER- WAXAHACHIE,WAXAHACHIE,TX,Acute Care Hospitals,hospital_info,HF,Heart failure,1.0851,20.4673,18.8629,357,79,False
450372,BAYLOR SCOTT & WHITE MEDICAL CENTER- WAXAHACHIE,WAXAHACHIE,TX,Acute Care Hospitals,hospital_info,PN,Pneumonia,1.0258,15.3319,14.946,276,44,False
450379,DALLAS MEDICAL CENTER,DALLAS,TX,Acute Care Hospitals,hospital_info,HF,Heart failure,1.0574,19.7987,18.7248,,,True
450379,DALLAS MEDICAL CENTER,DALLAS,TX,Acute Care Hospitals,hospital_info,PN,Pneumonia,1.0205,17.1646,16.8191,56,11,False
450388,METHODIST HOSPITAL,SAN ANTONIO,TX,Acute Care Hospitals,hospital_info,AMI,Heart attack,1.0698,13.8208,12.919,829,118,False
450388,METHODIST HOSPITAL,SAN ANTONIO,TX,Acute Care Hospitals,hospital_info,COPD,Chronic obstructive pulmonary disease,1.0608,18.075,17.0393,319,62,False
450388,METHODIST HOSPITAL,SAN ANTONIO,TX,Acute Care Hospitals,hospital_info,HF,Heart failure,1.0109,19.1558,18.9501,2319,445,False
450388,METHODIST HOSPITAL,SAN ANTONIO,TX,Acute Care Hospitals,hospital_info,PN,Pneumonia,1.0155,15.9295,15.6863,1858,297,False
450389,UT HEALTH EAST TEXAS ATHENS HOSPITAL,ATHENS,TX,Acute Care Hospitals,hospital_info,AMI,Heart attack,1.0117,13.6464,13.4885,,,True
450389,UT HEALTH EAST TEXAS ATHENS HOSPITAL,ATHENS,TX,Acute Care Hospitals,hospital_info,COPD,Chronic obstructive pulmonary disease,1.0743,19.3166,17.9812,86,22,False
450389,UT HEALTH EAST TEXAS ATHENS HOSPITAL,ATHENS,TX,Acute Care Hospitals,hospital_info,HF,Heart failure,1.0036,19.5367,19.4671,142,28,False
450389,UT HEALTH EAST TEXAS ATHENS HOSPITAL,ATHENS,TX,Acute Care Hospitals,hospital_info,PN,Pneumonia,1.0765,16.0888,14.9452,299,53,False
450395,CHI ST LUKES HEALTH MEMORIAL LIVINGSTON,LIVINGSTON,TX,Acute Care Hospitals,hospital_info,HF,Heart failure,1.0507,16.5209,15.723,52,12,False
450400,PARKVIEW REGIONAL HOSPITAL,MEXIA,TX,Acute Care Hospitals,hospital_info,PN,Pneumonia,1.0329,14.523,14.0602,75,13,False
450403,MEDICAL CENTER OF MCKINNEY,MCKINNEY,TX,Acute Care Hospitals,hospital_info,HF,Heart failure,1.0624,21.0445,19.8093,283,64,False
450403,MEDICAL CENTER OF MCKINNEY,MCKINNEY,TX,Acute Care Hospitals,hospital_info,HIP-KNEE,Hip/knee replacement,1.1382,5.7884,5.0856,337,21,False
450403,MEDICAL CENTER OF MCKINNEY,MCKINNEY,TX,Acute Care Hospitals,hospital_info,PN,Pneumonia,1.0716,17.4987,16.33,516,95,False
450422,BAYLOR SCOTT AND WHITE MEDICAL CENTER UPTOWN,DALLAS,TX,Acute Care Hospitals,hospital_info,HIP-KNEE,Hip/knee replacement,1.009,5.7471,5.6956,,,True
450424,HOUSTON METHODIST BAYTOWN HOSPITAL,BAYTOWN,TX,Acute Care Hospitals,hospital_info,COPD,Chronic obstructive pulmonary disease,1.0248,22.9707,22.4139,96,24,False
450431,ST DAVID'S MEDICAL CENTER,AUSTIN,TX,Acute Care Hospitals,hospital_info,COPD,Chronic obstructive pulmonary disease,1.1027,19.1415,17.3588,150,36,False
450431,ST DAVID'S MEDICAL CENTER,AUSTIN,TX,Acute Care Hospitals,hospital_info,PN,Pneumonia,1.1245,16.8609,14.9942,683,123,False
450447,NAVARRO REGIONAL HOSPITAL,CORSICANA,TX,Acute Care Hospitals,hospital_info,COPD,Chronic obstructive pulmonary disease,1.0047,17.9217,17.8374,,,True
450447,NAVARRO REGIONAL HOSPITAL,CORSICANA,TX,Acute Care Hospitals,hospital_info,HIP-KNEE,Hip/knee replacement,1.098,5.3704,4.891,,,True
450447,NAVARRO REGIONAL HOSPITAL,CORSICANA,TX,Acute Care Hospitals,hospital_info,PN,Pneumonia,1.0974,17.3633,15.8218,154,33,False
450451,GLEN ROSE MEDICAL CENTER,GLEN ROSE,TX,Acute Care Hospitals,hospital_info,PN,Pneumonia,1.0089,13.6632,13.5423,,,True
450469,WILSON N JONES REGIONAL MEDICAL CENTER,SHERMAN,TX,Acute Care Hospitals,hospital_info,HF,Heart failure,1.0525,19.6999,18.7169,113,26,False
450484,WOODLAND HEIGHTS MEDICAL CENTER,LUFKIN,TX,Acute Care Hospitals,hospital_info,AMI,Heart attack,1.0253,12.2098,11.9082,88,12,False
450484,WOODLAND HEIGHTS MEDICAL CENTER,LUFKIN,TX,Acute Care Hospitals,hospital_info,CABG,Coronary artery bypass graft surgery,1.1237,12.6112,11.2232,,,True
450484,WOODLAND HEIGHTS MEDICAL CENTER,LUFKIN,TX,Acute Care Hospitals,hospital_info,PN,Pneumonia,1.0118,17.7108,17.5044,306,55,False
450508,NACOGDOCHES MEMORIAL HOSPITAL,NACOGDOCHES,TX,Acute Care Hospitals,hospital_info,AMI,Heart attack,1.0155,12.4045,12.2148,,,True
450508,NACOGDOCHES MEMORIAL HOSPITAL,NACOGDOCHES,TX,Acute Care Hospitals,hospital_info,HF,Heart failure,1.044,19.7301,18.8985,121,27,False
450508,NACOGDOCHES MEMORIAL HOSPITAL,NACOGDOCHES,TX,Acute Care Hospitals,hospital_info,PN,Pneumonia,1.1042,17.0613,15.4517,119,27,False
450518,THE MEDICAL CENTER OF SOUTHEAST TEXAS,PORT ARTHUR,TX,Acute Care Hospitals,hospital_info,AMI,Heart attack,1.056,14.8424,14.0556,62,12,False
450518,THE MEDICAL CENTER OF SOUTHEAST TEXAS,PORT ARTHUR,TX,Acute Care Hospitals,hospital_info,CABG,Coronary artery bypass graft surgery,1.0851,10.3757,9.562,,,True
450518,THE MEDICAL CENTER OF SOUTHEAST TEXAS,PORT ARTHUR,TX,Acute Care Hospitals,hospital_info,COPD,Chronic obstructive pulmonary disease,1.0281,18.7569,18.2438,85,18,False
450518,THE MEDICAL CENTER OF SOUTHEAST TEXAS,PORT ARTHUR,TX,Acute Care Hospitals,hospital_info,HF,Heart failure,1.0083,19.0657,18.9091,149,29,False
450539,COVENANT HOSPITAL PLAINVIEW,PLAINVIEW,TX,Acute Care Hospitals,hospital_info,HF,Heart failure,1.0222,19.3757,18.9549,,,True
450563,BAYLOR SCOTT & WHITE MEDICAL CENTER  GRAPEVINE,GRAPEVINE,TX,Acute Care Hospitals,hospital_info,AMI,Heart attack,1.0314,13.3524,12.9456,123,18,False
450563,BAYLOR SCOTT & WHITE MEDICAL CENTER  GRAPEVINE,GRAPEVINE,TX,Acute Care Hospitals,hospital_info,COPD,Chronic obstructive pulmonary disease,1.0184,18.7936,18.4536,179,35,False
450563,BAYLOR SCOTT & WHITE MEDICAL CENTER  GRAPEVINE,GRAPEVINE,TX,Acute Care Hospitals,hospital_info,HIP-KNEE,Hip/knee replacement,1.1048,6.4923,5.8765,,,True
450571,SHANNON MEDICAL CENTER,SAN ANGELO,TX,Acute Care Hospitals,hospital_info,CABG,Coronary artery bypass graft surgery,1.0995,10.3327,9.3975,83,11,False
450571,SHANNON MEDICAL CENTER,SAN ANGELO,TX,Acute Care Hospitals,hospital_info,COPD,Chronic obstructive pulmonary disease,1.0266,17.7255,17.2654,181,34,False
450571,SHANNON MEDICAL CENTER,SAN ANGELO,TX,Acute Care Hospitals,hospital_info,HIP-KNEE,Hip/knee replacement,1.06,5.1545,4.8628,,,True
450573,CHRISTUS JASPER MEMORIAL HOSPITAL,JASPER,TX,Acute Care Hospitals,hospital_info,HF,Heart failure,1.0073,19.6165,19.4738,,,True
450587,HENDRICK MEDICAL CENTER BROWNWOOD,BROWNWOOD,TX,Acute Care Hospitals,hospital_info,HIP-KNEE,Hip/knee replacement,1.4337,7.1353,4.9769,,,True
450596,LAKE GRANBURY MEDICAL CENTER,GRANBURY,TX,Acute Care Hospitals,hospital_info,HF,Heart failure,1.0519,19.3436,18.3884,126,28,False
450604,HILL COUNTRY MEMORIAL HOSPITAL,FREDERICKSBURG,TX,Acute Care Hospitals,hospital_info,HF,Heart failure,1.0082,16.5796,16.4443,81,14,False
450610,MEMORIAL HERMANN MEMORIAL CITY HOSPITAL,HOUSTON,TX,Acute Care Hospitals,hospital_info,AMI,Heart attack,1.0112,13.9454,13.7909,125,18,False
450617,HCA HOUSTON HEALTHCARE CLEAR LAKE,WEBSTER,TX,Acute Care Hospitals,hospital_info,HF,Heart failure,1.0617,22.3598,21.0609,624,144,False
450617,HCA HOUSTON HEALTHCARE CLEAR LAKE,WEBSTER,TX,Acute Care Hospitals,hospital_info,PN,Pneumonia,1.1114,19.0706,17.1585,486,100,False
450634,MEDICAL CITY DENTON,DENTON,TX,Acute Care Hospitals,hospital_info,AMI,Heart attack,1.027,13.0466,12.7035,97,14,False
450634,MEDICAL CITY DENTON,DENTON,TX,Acute Care Hospitals,hospital_info,CABG,Coronary artery bypass graft surgery,1.0435,14.8131,14.1955,,,True
450634,MEDICAL CITY DENTON,DENTON,TX,Acute Care Hospitals,hospital_info,HF,Heart failure,1.066,21.9929,20.6303,283,67,False
450634,MEDICAL CITY DENTON,DENTON,TX,Acute Care Hospitals,hospital_info,HIP-KNEE,Hip/knee replacement,1.0439,7.2717,6.9657,,,True
450634,MEDICAL CITY DENTON,DENTON,TX,Acute Care Hospitals,hospital_info,PN,Pneumonia,1.0884,17.2117,15.8134,513,94,False
450638,HCA HOUSTON HEALTHCARE NORTHWEST,HOUSTON,TX,Acute Care Hospitals,hospital_info,AMI,Heart attack,1.0644,17.7699,16.6951,,,True
450638,HCA HOUSTON HEALTHCARE NORTHWEST,HOUSTON,TX,Acute Care Hospitals,hospital_info,HF,Heart failure,1.0621,24.6212,23.1822,99,29,False
450638,HCA HOUSTON HEALTHCARE NORTHWEST,HOUSTON,TX,Acute Care Hospitals,hospital_info,PN,Pneumonia,1.0259,19.6271,19.1314,108,23,False
450639,TEXAS HEALTH HARRIS METHODIST HURST-EULESS-BEDFORD,BEDFORD,TX,Acute Care Hospitals,hospital_info,AMI,Heart attack,1.0535,14.7207,13.9731,104,18,False
450639,TEXAS HEALTH HARRIS METHODIST HURST-EULESS-BEDFORD,BEDFORD,TX,Acute Care Hospitals,hospital_info,COPD,Chronic obstructive pulmonary disease,1.0427,18.9898,18.2122,131,28,False
450639,TEXAS HEALTH HARRIS METHODIST HURST-EULESS-BEDFORD,BEDFORD,TX,Acute Care Hospitals,hospital_info,HF,Heart failure,1.0596,19.9083,18.7876,421,88,False
450639,TEXAS HEALTH HARRIS METHODIST HURST-EULESS-BEDFORD,BEDFORD,TX,Acute Care Hospitals,hospital_info,PN,Pneumonia,1.1385,18.1248,15.9192,448,90,False
450641,NOCONA GENERAL HOSPITAL,NOCONA,TX,Acute Care Hospitals,hospital_info,HF,Heart failure,1.0323,16.585,16.0666,,,True
450643,DOCTORS HOSPITAL OF LAREDO,LAREDO,TX,Acute Care Hospitals,hospital_info,PN,Pneumonia,1.0872,17.5967,16.1857,161,34,False
450644,HCA HOUSTON HEALTHCARE WEST,HOUSTON,TX,Acute Care Hospitals,hospital_info,AMI,Heart attack,1.0142,15.2656,15.0517,,,True
450644,HCA HOUSTON HEALTHCARE WEST,HOUSTON,TX,Acute Care Hospitals,hospital_info,COPD,Chronic obstructive pulmonary disease,1.0049,20.8411,20.7404,,,True
450644,HCA HOUSTON HEALTHCARE WEST,HOUSTON,TX,Acute Care Hospitals,hospital_info,HF,Heart failure,1.0225,21.3649,20.8951,142,32,False
450647,MEDICAL CITY DALLAS HOSPITAL,DALLAS,TX,Acute Care Hospitals,hospital_info,AMI,Heart attack,1.0449,14.708,14.0765,141,23,False
450647,MEDICAL CITY DALLAS HOSPITAL,DALLAS,TX,Acute Care Hospitals,hospital_info,COPD,Chronic obstructive pulmonary disease,1.043,17.378,16.6613,109,22,False
450647,MEDICAL CITY DALLAS HOSPITAL,DALLAS,TX,Acute Care Hospitals,hospital_info,HF,Heart failure,1.005,19.5287,19.431,459,90,False
450647,MEDICAL CITY DALLAS HOSPITAL,DALLAS,TX,Acute Care Hospitals,hospital_info,HIP-KNEE,Hip/knee replacement,1.1704,6.8296,5.8351,,,True
450647,MEDICAL CITY DALLAS HOSPITAL,DALLAS,TX,Acute Care Hospitals,hospital_info,PN,Pneumonia,1.0026,15.5456,15.5059,372,58,False
450651,MEDICAL CITY PLANO,PLANO,TX,Acute Care Hospitals,hospital_info,COPD,Chronic obstructive pulmonary disease,1.0187,17.4152,17.0947,84,16,False
450651,MEDICAL CITY PLANO,PLANO,TX,Acute Care Hospitals,hospital_info,HIP-KNEE,Hip/knee replacement,1.0569,5.6482,5.3443,272,16,False
450653,SCENIC MOUNTAIN MEDICAL CENTER,BIG SPRING,TX,Acute Care Hospitals,hospital_info,PN,Pneumonia,1.0566,14.8202,14.026,50,11,False
450654,STARR COUNTY MEMORIAL HOSPITAL,RIO GRANDE CITY,TX,Acute Care Hospitals,hospital_info,PN,Pneumonia,1.0419,18.0732,17.3469,73,16,False
450656,NACOGDOCHES MEDICAL CENTER,NACOGDOCHES,TX,Acute Care Hospitals,hospital_info,AMI,Heart attack,1.034,12.5948,12.1809,82,12,False
450656,NACOGDOCHES MEDICAL CENTER,NACOGDOCHES,TX,Acute Care Hospitals,hospital_info,HF,Heart failure,1.0094,18.579,18.4055,174,33,False
450656,NACOGDOCHES MEDICAL CENTER,NACOGDOCHES,TX,Acute Care Hospitals,hospital_info,PN,Pneumonia,1.026,16.2017,15.7908,298,50,False
450659,HCA HOUSTON HEALTHCARE MEDICAL CENTER,HOUSTON,TX,Acute Care Hospitals,hospital_info,AMI,Heart attack,1.0297,19.5348,18.9722,,,True
450659,HCA HOUSTON HEALTHCARE MEDICAL CENTER,HOUSTON,TX,Acute Care Hospitals,hospital_info,PN,Pneumonia,1.0733,19.5361,18.2021,62,17,False
450662,VALLEY REGIONAL MEDICAL CENTER,BROWNSVILLE,TX,Acute Care Hospitals,hospital_info,AMI,Heart attack,1.0522,15.2302,14.4749,101,18,False
450662,VALLEY REGIONAL MEDICAL CENTER,BROWNSVILLE,TX,Acute Care Hospitals,hospital_info,CABG,Coronary artery bypass graft surgery,1.0701,12.8462,12.0052,,,True
450662,VALLEY REGIONAL MEDICAL CENTER,BROWNSVILLE,TX,Acute Care Hospitals,hospital_info,HF,Heart failure,1.0524,21.9972,20.902,160,39,False
450668,SIERRA MEDICAL CENTER,EL PASO,TX,Acute Care Hospitals,hospital_info,CABG,Coronary artery bypass graft surgery,1.2096,12.0623,9.9719,,,True
450668,SIERRA MEDICAL CENTER,EL PASO,TX,Acute Care Hospitals,hospital_info,HF,Heart failure,1.0278,20.7443,20.1841,188,41,False
450668,SIERRA MEDICAL CENTER,EL PASO,TX,Acute Care Hospitals,hospital_info,HIP-KNEE,Hip/knee replacement,1.1493,6.6355,5.7734,,,True
450669,MEDICAL CITY LEWISVILLE,LEWISVILLE,TX,Acute Care Hospitals,hospital_info,AMI,Heart attack,1.0292,14.4368,14.0266,,,True
450669,MEDICAL CITY LEWISVILLE,LEWISVILLE,TX,Acute Care Hospitals,hospital_info,COPD,Chronic obstructive pulmonary disease,1.0255,19.0855,18.6116,53,12,False
450669,MEDICAL CITY LEWISVILLE,LEWISVILLE,TX,Acute Care Hospitals,hospital_info,PN,Pneumonia,1.0382,16.5194,15.9113,239,42,False
450670,HCA HOUSTON HEALTHCARE TOMBALL,TOMBALL,TX,Acute Care Hospitals,hospital_info,AMI,Heart attack,1.1333,16.9996,15.0005,114,26,False
450670,HCA HOUSTON HEALTHCARE TOMBALL,TOMBALL,TX,Acute Care Hospitals,hospital_info,CABG,Coronary artery bypass graft surgery,1.0495,10.6695,10.1664,,,True
450670,HCA HOUSTON HEALTHCARE TOMBALL,TOMBALL,TX,Acute Care Hospitals,hospital_info,COPD,Chronic obstructive pulmonary disease,1.0218,16.779,16.4217,92,17,False
450670,HCA HOUSTON HEALTHCARE TOMBALL,TOMBALL,TX,Acute Care Hospitals,hospital_info,HF,Heart failure,1.0782,21.19,19.6525,205,49,False
450670,HCA HOUSTON HEALTHCARE TOMBALL,TOMBALL,TX,Acute Care Hospitals,hospital_info,PN,Pneumonia,1.021,16.7031,16.3601,249,43,False
450672,MEDICAL CITY FORT WORTH,FORT WORTH,TX,Acute Care Hospitals,hospital_info,AMI,Heart attack,1.2367,17.5748,14.2113,142,36,False
450672,MEDICAL CITY FORT WORTH,FORT WORTH,TX,Acute Care Hospitals,hospital_info,COPD,Chronic obstructive pulmonary disease,1.0305,19.7955,19.2092,44,11,False
450672,MEDICAL CITY FORT WORTH,FORT WORTH,TX,Acute Care Hospitals,hospital_info,HF,Heart failure,1.0387,21.7413,20.9305,263,60,False
450672,MEDICAL CITY FORT WORTH,FORT WORTH,TX,Acute Care Hospitals,hospital_info,HIP-KNEE,Hip/knee replacement,1.0853,5.3776,4.9551,,,True
450672,MEDICAL CITY FORT WORTH,FORT WORTH,TX,Acute Care Hospitals,hospital_info,PN,Pneumonia,1.0425,19.0511,18.2752,242,49,False
450675,MEDICAL CITY ARLINGTON,ARLINGTON,TX,Acute Care Hospitals,hospital_info,AMI,Heart attack,1.097,15.217,13.8713,100,20,False
450675,MEDICAL CITY ARLINGTON,ARLINGTON,TX,Acute Care Hospitals,hospital_info,CABG,Coronary artery bypass graft surgery,1.0718,16.2451,15.1567,,,True
450675,MEDICAL CITY ARLINGTON,ARLINGTON,TX,Acute Care Hospitals,hospital_info,HF,Heart failure,1.041,21.2229,20.3874,264,59,False
450675,MEDICAL CITY ARLINGTON,ARLINGTON,TX,Acute Care Hospitals,hospital_info,PN,Pneumonia,1.0996,17.55,15.961,385,74,False
450677,TEXAS HEALTH HUGULEY HOSPITAL FORT WORTH SOUTH,FORT WORTH,TX,Acute Care Hospitals,hospital_info,AMI,Heart attack,1.0848,16.1565,14.8936,85,18,False
450677,TEXAS HEALTH HUGULEY HOSPITAL FORT WORTH SOUTH,FORT WORTH,TX,Acute Care Hospitals,hospital_info,COPD,Chronic obstructive pulmonary disease,1.0959,20.1232,18.3618,139,35,False
450678,WHITE ROCK MEDICAL CENTER,DALLAS,TX,Acute Care Hospitals,hospital_info,COPD,Chronic obstructive pulmonary disease,1.0121,16.9982,16.7945,,,True
450678,WHITE ROCK MEDICAL CENTER,DALLAS,TX,Acute Care Hospitals,hospital_info,HF,Heart failure,1.0675,21.1905,19.85,95,25,False
450678,WHITE ROCK MEDICAL CENTER,DALLAS,TX,Acute Care Hospitals,hospital_info,PN,Pneumonia,1.0741,17.3336,16.1379,122,26,False
450684,MEMORIAL HERMANN NORTHEAST HOSPITAL,HUMBLE,TX,Acute Care Hospitals,hospital_info,HF,Heart failure,1.0059,20.9214,20.7996,409,86,False
450684,MEMORIAL HERMANN NORTHEAST HOSPITAL,HUMBLE,TX,Acute Care Hospitals,hospital_info,PN,Pneumonia,1.0459,19.244,18.3999,389,78,False
450686,UNIVERSITY MEDICAL CENTER,LUBBOCK,TX,Acute Care Hospitals,hospital_info,CABG,Coronary artery bypass graft surgery,1.0637,11.4806,10.7932,134,17,False
450686,UNIVERSITY MEDICAL CENTER,LUBBOCK,TX,Acute Care Hospitals,hospital_info,COPD,Chronic obstructive pulmonary disease,1.0512,19.8893,18.9212,137,31,False
450686,UNIVERSITY MEDICAL CENTER,LUBBOCK,TX,Acute Care Hospitals,hospital_info,HF,Heart failure,1.053,20.7365,19.6934,329,72,False
450688,DALLAS REGIONAL MEDICAL CENTER,MESQUITE,TX,Acute Care Hospitals,hospital_info,COPD,Chronic obstructive pulmonary disease,1.0824,18.9518,17.5097,64,18,False
450688,DALLAS REGIONAL MEDICAL CENTER,MESQUITE,TX,Acute Care Hospitals,hospital_info,PN,Pneumonia,1.0145,17.7721,17.5174,197,36,False
450694,EL CAMPO MEMORIAL HOSPITAL,EL CAMPO,TX,Acute Care Hospitals,hospital_info,HF,Heart failure,1.0458,23.0919,22.0816,85,23,False
450702,LONGVIEW REGIONAL MEDICAL CENTER,LONGVIEW,TX,Acute Care Hospitals,hospital_info,AMI,Heart attack,1.1642,15.8832,13.6434,158,33,False
450702,LONGVIEW REGIONAL MEDICAL CENTER,LONGVIEW,TX,Acute Care Hospitals,hospital_info,CABG,Coronary artery bypass graft surgery,1.0895,13.0633,11.9898,,,True
450702,LONGVIEW REGIONAL MEDICAL CENTER,LONGVIEW,TX,Acute Care Hospitals,hospital_info,PN,Pneumonia,1.0351,15.5793,15.0516,409,66,False
450709,HOUSTON METHODIST CLEAR LAKE HOSPITAL,NASSAU BAY,TX,Acute Care Hospitals,hospital_info,AMI,Heart attack,1.1061,17.5985,15.911,100,23,False
450709,HOUSTON METHODIST CLEAR LAKE HOSPITAL,NASSAU BAY,TX,Acute Care Hospitals,hospital_info,PN,Pneumonia,1.0295,18.1448,17.6253,292,55,False
450711,RIO GRANDE REGIONAL HOSPITAL,MCALLEN,TX,Acute Care Hospitals,hospital_info,PN,Pneumonia,1.0217,18.7255,18.3286,163,32,False
450713,ST DAVID'S SOUTH AUSTIN MEDICAL CENTER,AUSTIN,TX,Acute Care Hospitals,hospital_info,AMI,Heart attack,1.0547,12.4228,11.7783,204,28,False
450713,ST DAVID'S SOUTH AUSTIN MEDICAL CENTER,AUSTIN,TX,Acute Care Hospitals,hospital_info,COPD,Chronic obstructive pulmonary disease,1.0493,16.8623,16.0701,92,19,False
450713,ST DAVID'S SOUTH AUSTIN MEDICAL CENTER,AUSTIN,TX,Acute Care Hospitals,hospital_info,HIP-KNEE,Hip/knee replacement,1.0334,6.2247,6.0235,,,True
450713,ST DAVID'S SOUTH AUSTIN MEDICAL CENTER,AUSTIN,TX,Acute Care Hospitals,hospital_info,PN,Pneumonia,1.0146,16.0193,15.7893,562,91,False
450718,ROUND ROCK MEDICAL CENTER,ROUND ROCK,TX,Acute Care Hospitals,hospital_info,CABG,Coronary artery bypass graft surgery,1.0519,11.3099,10.7519,121,15,False
450723,METHODIST CHARLTON MEDICAL CENTER,DALLAS,TX,Acute Care Hospitals,hospital_info,COPD,Chronic obstructive pulmonary disease,1.0006,18.6913,18.6794,80,15,False
450723,METHODIST CHARLTON MEDICAL CENTER,DALLAS,TX,Acute Care Hospitals,hospital_info,HF,Heart failure,1.0478,21.0498,20.0899,321,71,False
450723,METHODIST CHARLTON MEDICAL CENTER,DALLAS,TX,Acute Care Hospitals,hospital_info,PN,Pneumonia,1.0053,17.0043,16.915,239,41,False
450730,CARROLLTON REGIONAL MEDICAL CENTER,CARROLLTON,TX,Acute Care Hospitals,hospital_info,AMI,Heart attack,1.0472,12.0905,11.5452,,,True
450730,CARROLLTON REGIONAL MEDICAL CENTER,CARROLLTON,TX,Acute Care Hospitals,hospital_info,HF,Heart failure,1.0167,19.3142,18.9976,56,12,False
450730,CARROLLTON REGIONAL MEDICAL CENTER,CARROLLTON,TX,Acute Care Hospitals,hospital_info,PN,Pneumonia,1.0015,14.8232,14.8007,114,17,False
450742,BAYLOR SCOTT AND WHITE MEDICAL CENTER LAKE POINTE,ROWLETT,TX,Acute Care Hospitals,hospital_info,COPD,Chronic obstructive pulmonary disease,1.0382,19.3979,18.6833,135,29,False
450742,BAYLOR SCOTT AND WHITE MEDICAL CENTER LAKE POINTE,ROWLETT,TX,Acute Care Hospitals,hospital_info,HF,Heart failure,1.1098,22.3074,20.1004,297,74,False
450742,BAYLOR SCOTT AND WHITE MEDICAL CENTER LAKE POINTE,ROWLETT,TX,Acute Care Hospitals,hospital_info,PN,Pneumonia,1.1036,15.9448,14.4482,298,54,False
450743,TEXAS HEALTH PRESBYTERIAN HOSPITAL DENTON,DENTON,TX,Acute Care Hospitals,hospital_info,CABG,Coronary artery bypass graft surgery,1.0043,11.6718,11.6222,,,True
450743,TEXAS HEALTH PRESBYTERIAN HOSPITAL DENTON,DENTON,TX,Acute Care Hospitals,hospital_info,PN,Pneumonia,1.0335,15.8249,15.3122,517,84,False
450747,PALESTINE REGIONAL MEDICAL CENTER,PALESTINE,TX,Acute Care Hospitals,hospital_info,COPD,Chronic obstructive pulmonary disease,1.0873,20.2546,18.6276,33,13,False
450747,PALESTINE REGIONAL MEDICAL CENTER,PALESTINE,TX,Acute Care Hospitals,hospital_info,HF,Heart failure,1.0064,19.7199,19.595,94,19,False
450747,PALESTINE REGIONAL MEDICAL CENTER,PALESTINE,TX,Acute Care Hospitals,hospital_info,PN,Pneumonia,1.0197,14.5807,14.2997,149,23,False
450771,TEXAS HEALTH PRESBYTERIAN HOSPITAL PLANO,PLANO,TX,Acute Care Hospitals,hospital_info,AMI,Heart attack,1.1189,13.2905,11.8784,108,20,False
450771,TEXAS HEALTH PRESBYTERIAN HOSPITAL PLANO,PLANO,TX,Acute Care Hospitals,hospital_info,HF,Heart failure,1.0176,20.246,19.8963,374,77,False
450771,TEXAS HEALTH PRESBYTERIAN HOSPITAL PLANO,PLANO,TX,Acute Care Hospitals,hospital_info,PN,Pneumonia,1.0558,16.0783,15.2279,562,94,False
450774,TOPS SURGICAL SPECIALTY HOSPITAL,HOUSTON,TX,Acute Care Hospitals,hospital_info,HIP-KNEE,Hip/knee replacement,1.0101,3.9356,3.8963,,,True
450775,HCA HOUSTON HEALTHCARE KINGWOOD,KINGWOOD,TX,Acute Care Hospitals,hospital_info,AMI,Heart attack,1.1238,15.8506,14.1041,170,33,False
450775,HCA HOUSTON HEALTHCARE KINGWOOD,KINGWOOD,TX,Acute Care Hospitals,hospital_info,CABG,Coronary artery bypass graft surgery,1.1299,13.3201,11.7884,,,True
450775,HCA HOUSTON HEALTHCARE KINGWOOD,KINGWOOD,TX,Acute Care Hospitals,hospital_info,HIP-KNEE,Hip/knee replacement,1.0446,6.1528,5.8902,,,True
450775,HCA HOUSTON HEALTHCARE KINGWOOD,KINGWOOD,TX,Acute Care Hospitals,hospital_info,PN,Pneumonia,1.0191,17.8593,17.5249,827,149,False
450779,TEXAS HEALTH HARRIS METHODIST HOSPITAL SOUTHWEST F,FORT WORTH,TX,Acute Care Hospitals,hospital_info,AMI,Heart attack,1.0422,12.6255,12.1145,142,20,False
450788,"CORPUS CHRISTI MEDICAL CENTER,THE",CORPUS CHRISTI,TX,Acute Care Hospitals,hospital_info,CABG,Coronary artery bypass graft surgery,1.2193,13.8395,11.3501,92,18,False
450801,CHRISTUS ST MICHAEL HEALTH SYSTEM,TEXARKANA,TX,Acute Care Hospitals,hospital_info,AMI,Heart attack,1.1119,12.674,11.3982,266,39,False
450801,CHRISTUS ST MICHAEL HEALTH SYSTEM,TEXARKANA,TX,Acute Care Hospitals,hospital_info,CABG,Coronary artery bypass graft surgery,1.0069,10.575,10.5029,178,19,False
450801,CHRISTUS ST MICHAEL HEALTH SYSTEM,TEXARKANA,TX,Acute Care Hospitals,hospital_info,PN,Pneumonia,1.0194,15.4375,15.1442,646,101,False
450809,NORTH AUSTIN MEDICAL CENTER,AUSTIN,TX,Acute Care Hospitals,hospital_info,AMI,Heart attack,1.0459,12.948,12.3802,114,17,False
450809,NORTH AUSTIN MEDICAL CENTER,AUSTIN,TX,Acute Care Hospitals,hospital_info,HIP-KNEE,Hip/knee replacement,1.0815,5.2665,4.8694,,,True
450809,NORTH AUSTIN MEDICAL CENTER,AUSTIN,TX,Acute Care Hospitals,hospital_info,PN,Pneumonia,1.108,16.5711,14.9565,532,95,False
450820,HOUSTON METHODIST SUGARLAND HOSPITAL,SUGAR LAND,TX,Acute Care Hospitals,hospital_info,AMI,Heart attack,1.0876,16.5161,15.1861,161,31,False
450820,HOUSTON METHODIST SUGARLAND HOSPITAL,SUGAR LAND,TX,Acute Care Hospitals,hospital_info,HF,Heart failure,1.0519,23.0554,21.9176,994,233,False
450820,HOUSTON METHODIST SUGARLAND HOSPITAL,SUGAR LAND,TX,Acute Care Hospitals,hospital_info,HIP-KNEE,Hip/knee replacement,1.2191,6.9162,5.673,,,True
450822,MEDICAL CITY LAS COLINAS,IRVING,TX,Acute Care Hospitals,hospital_info,HF,Heart failure,1.0008,17.7339,17.7204,73,13,False
450822,MEDICAL CITY LAS COLINAS,IRVING,TX,Acute Care Hospitals,hospital_info,PN,Pneumonia,1.0496,15.4275,14.6989,122,22,False
450828,CHRISTUS SPOHN HOSPITAL ALICE,ALICE,TX,Acute Care Hospitals,hospital_info,PN,Pneumonia,1.009,16.7491,16.5994,80,14,False
450833,ENNIS REGIONAL MEDICAL CENTER,ENNIS,TX,Acute Care Hospitals,hospital_info,PN,Pneumonia,1.0316,13.8956,13.4705,,,True
450840,TEXAS HEALTH PRESBYTERIAN HOSPITAL ALLEN,ALLEN,TX,Acute Care Hospitals,hospital_info,HIP-KNEE,Hip/knee replacement,1.0158,6.9827,6.8742,,,True
450844,HOUSTON METHODIST WILLOWBROOK HOSPITAL,HOUSTON,TX,Acute Care Hospitals,hospital_info,AMI,Heart attack,1.0373,15.6131,15.0517,199,33,False
450844,HOUSTON METHODIST WILLOWBROOK HOSPITAL,HOUSTON,TX,Acute Care Hospitals,hospital_info,CABG,Coronary artery bypass graft surgery,1.0304,12.6599,12.2864,,,True
450844,HOUSTON METHODIST WILLOWBROOK HOSPITAL,HOUSTON,TX,Acute Care Hospitals,hospital_info,COPD,Chronic obstructive pulmonary disease,1.0128,20.3709,20.1139,118,25,False
450844,HOUSTON METHODIST WILLOWBROOK HOSPITAL,HOUSTON,TX,Acute Care Hospitals,hospital_info,HF,Heart failure,1.0795,22.7631,21.0874,748,176,False
450844,HOUSTON METHODIST WILLOWBROOK HOSPITAL,HOUSTON,TX,Acute Care Hospitals,hospital_info,PN,Pneumonia,1.0824,19.1305,17.6746,635,127,False
450847,MEMORIAL HERMANN KATY HOSPITAL,KATY,TX,Acute Care Hospitals,hospital_info,AMI,Heart attack,1.0235,11.4547,11.1914,86,11,False
450848,MEMORIAL HERMANN SUGAR LAND HOSPITAL,SUGAR LAND,TX,Acute Care Hospitals,hospital_info,HF,Heart failure,1.0448,22.4568,21.4933,306,72,False
450848,MEMORIAL HERMANN SUGAR LAND HOSPITAL,SUGAR LAND,TX,Acute Care Hospitals,hospital_info,PN,Pneumonia,1.0434,18.4663,17.699,309,60,False
450851,BAYLOR SCOTT & WHITE HEART & VASCULAR HOSPITAL - DALLAS,DALLAS,TX,Acute Care Hospitals,hospital_info,AMI,Heart attack,1.1572,15.3182,13.2369,153,31,False
450853,BAYLOR SCOTT & WHITE MEDICAL CENTER - FRISCO,FRISCO,TX,Acute Care Hospitals,hospital_info,HIP-KNEE,Hip/knee replacement,1.0748,5.2962,4.9276,,,True
450855,HARLINGEN MEDICAL CENTER,HARLINGEN,TX,Acute Care Hospitals,hospital_info,AMI,Heart attack,1.044,17.346,16.6156,50,11,False
450855,HARLINGEN MEDICAL CENTER,HARLINGEN,TX,Acute Care Hospitals,hospital_info,CABG,Coronary artery bypass graft surgery,1.013,15.2587,15.0625,,,True
450862,ST LUKE'S THE WOODLANDS HOSPITAL,THE WOODLANDS,TX,Acute Care Hospitals,hospital_info,AMI,Heart attack,1.0281,13.1248,12.7664,96,14,False
450862,ST LUKE'S THE WOODLANDS HOSPITAL,THE WOODLANDS,TX,Acute Care Hospitals,hospital_info,CABG,Coronary artery bypass graft surgery,1.0789,10.3886,9.6293,,,True
450867,ASCENSION SETON NORTHWEST,AUSTIN,TX,Acute Care Hospitals,hospital_info,COPD,Chronic obstructive pulmonary disease,1.0164,16.635,16.3666,,,True
450867,ASCENSION SETON NORTHWEST,AUSTIN,TX,Acute Care Hospitals,hospital_info,HF,Heart failure,1.0223,16.9021,16.5337,56,11,False
450867,ASCENSION SETON NORTHWEST,AUSTIN,TX,Acute Care Hospitals,hospital_info,HIP-KNEE,Hip/knee replacement,1.0418,5.1724,4.9647,,,True
450867,ASCENSION SETON NORTHWEST,AUSTIN,TX,Acute Care Hospitals,hospital_info,PN,Pneumonia,1.0116,12.3946,12.2528,99,13,False
450869,DOCTORS HOSPTAL AT RENAISSANCE,EDINBURG,TX,Acute Care Hospitals,hospital_info,AMI,Heart attack,1.0257,17.4926,17.054,95,18,False
450869,DOCTORS HOSPTAL AT RENAISSANCE,EDINBURG,TX,Acute Care Hospitals,hospital_info,HIP-KNEE,Hip/knee replacement,1.1454,6.0058,5.2433,,,True
450874,BAYLOR SURGICAL HOSPITAL AT LAS COLINAS,IRVING,TX,Acute Care Hospitals,hospital_info,HIP-KNEE,Hip/knee replacement,1.2893,5.2289,4.0556,,,True
450875,QUAIL CREEK SURGICAL HOSPITAL,AMARILLO,TX,Acute Care Hospitals,hospital_info,HIP-KNEE,Hip/knee replacement,1.1269,5.3868,4.7801,179,11,False
450876,LUBBOCK HEART HOSPITAL LP,LUBBOCK,TX,Acute Care Hospitals,hospital_info,AMI,Heart attack,1.0143,10.613,10.4631,116,13,False
450876,LUBBOCK HEART HOSPITAL LP,LUBBOCK,TX,Acute Care Hospitals,hospital_info,CABG,Coronary artery bypass graft surgery,1.128,11.254,9.9773,97,14,False
450885,BAYLOR SCOTT &  WHITE MEDICAL CENTER - CENTENNIAL,FRISCO,TX,Acute Care Hospitals,hospital_info,COPD,Chronic obstructive pulmonary disease,1.0309,19.7557,19.1628,44,11,False
450885,BAYLOR SCOTT &  WHITE MEDICAL CENTER - CENTENNIAL,FRISCO,TX,Acute Care Hospitals,hospital_info,HF,Heart failure,1.0065,21.0502,20.9146,126,27,False
450888,TEXAS HEALTH HARRIS METHODIST HOSPITAL SOUTHLAKE,SOUTHLAKE,TX,Acute Care Hospitals,hospital_info,HIP-KNEE,Hip/knee replacement,1.175,5.8601,4.9873,,,True
450890,BAYLOR SCOTT & WHITE MEDICAL CENTER PLANO,PLANO,TX,Acute Care Hospitals,hospital_info,AMI,Heart attack,1.017,16.1685,15.8979,,,True
450890,BAYLOR SCOTT & WHITE MEDICAL CENTER PLANO,PLANO,TX,Acute Care Hospitals,hospital_info,COPD,Chronic obstructive pulmonary disease,1.0342,17.9322,17.3386,148,29,False
450890,BAYLOR SCOTT & WHITE MEDICAL CENTER PLANO,PLANO,TX,Acute Care Hospitals,hospital_info,HIP-KNEE,Hip/knee replacement,1.2185,6.8742,5.6415,,,True
450893,THE HEART HOSPITAL BAYLOR DENTON,DENTON,TX,Acute Care Hospitals,hospital_info,AMI,Heart attack,1.0222,11.6005,11.3486,120,15,False
450893,THE HEART HOSPITAL BAYLOR DENTON,DENTON,TX,Acute Care Hospitals,hospital_info,HF,Heart failure,1.0406,20.797,19.9864,111,26,False
460001,INTERMOUNTAIN HEALTH UTAH VALLEY HOSPITAL,PROVO,UT,Acute Care Hospitals,hospital_info,HIP-KNEE,Hip/knee replacement,1.0364,6.1997,5.9822,,,True
460003,HOLY CROSS HOSPITAL - SALT LAKE,SALT LAKE CITY,UT,Acute Care Hospitals,hospital_info,HIP-KNEE,Hip/knee replacement,1.1446,4.8549,4.2415,,,True
460003,HOLY CROSS HOSPITAL - SALT LAKE,SALT LAKE CITY,UT,Acute Care Hospitals,hospital_info,PN,Pneumonia,1.0014,15.8385,15.8169,,,True
460005,OGDEN REGIONAL MEDICAL CENTER,OGDEN,UT,Acute Care Hospitals,hospital_info,CABG,Coronary artery bypass graft surgery,1.0308,10.7055,10.3856,,,True
460005,OGDEN REGIONAL MEDICAL CENTER,OGDEN,UT,Acute Care Hospitals,hospital_info,HIP-KNEE,Hip/knee replacement,1.086,7.9351,7.3068,,,True
460009,UNIVERSITY OF UTAH HOSPITAL AND CLINICS,SALT LAKE CITY,UT,Acute Care Hospitals,hospital_info,AMI,Heart attack,1.0653,12.0648,11.3248,206,28,False
460009,UNIVERSITY OF UTAH HOSPITAL AND CLINICS,SALT LAKE CITY,UT,Acute Care Hospitals,hospital_info,CABG,Coronary artery bypass graft surgery,1.0305,10.1628,9.8619,,,True
460011,CASTLEVIEW HOSPITAL,PRICE,UT,Acute Care Hospitals,hospital_info,COPD,Chronic obstructive pulmonary disease,1.0076,16.5168,16.3921,,,True
460011,CASTLEVIEW HOSPITAL,PRICE,UT,Acute Care Hospitals,hospital_info,HIP-KNEE,Hip/knee replacement,1.2706,4.5651,3.5928,182,11,False
460013,MOUNTAIN VIEW HOSPITAL,PAYSON,UT,Acute Care Hospitals,hospital_info,HIP-KNEE,Hip/knee replacement,1.0876,4.6679,4.2921,,,True
460014,MOUNTAIN WEST MEDICAL CENTER,TOOELE,UT,Acute Care Hospitals,hospital_info,HIP-KNEE,Hip/knee replacement,1.0371,6.0305,5.8147,,,True
460015,INTERMOUNTAIN HEALTH LOGAN REGIONAL HOSPITAL,LOGAN,UT,Acute Care Hospitals,hospital_info,HIP-KNEE,Hip/knee replacement,1.0813,6.7047,6.2005,,,True
460019,UINTAH BASIN MEDICAL CENTER,ROOSEVELT,UT,Acute Care Hospitals,hospital_info,COPD,Chronic obstructive pulmonary disease,1.0026,14.599,14.5605,,,True
460021,ST. GEORGE REGIONAL HOSPITAL,ST GEORGE,UT,Acute Care Hospitals,hospital_info,HIP-KNEE,Hip/knee replacement,1.0497,6.6036,6.2911,158,11,False
460023,AMERICAN FORK HOSPITAL,AMERICAN FORK,UT,Acute Care Hospitals,hospital_info,PN,Pneumonia,1.0082,12.7948,12.6912,121,16,False
460041,HOLY CROSS HOSPITAL-DAVIS,LAYTON,UT,Acute Care Hospitals,hospital_info,AMI,Heart attack,1.03,11.8846,11.5383,,,True
460042,LAKEVIEW HOSPITAL,BOUNTIFUL,UT,Acute Care Hospitals,hospital_info,HF,Heart failure,1.0602,16.1746,15.2563,68,15,False
460047,ST MARK'S HOSPITAL,SALT LAKE CITY,UT,Acute Care Hospitals,hospital_info,CABG,Coronary artery bypass graft surgery,1.1268,11.6578,10.3456,85,13,False
460052,TIMPANOGOS REGIONAL HOSPITAL,OREM,UT,Acute Care Hospitals,hospital_info,HIP-KNEE,Hip/knee replacement,1.0396,5.1589,4.9622,,,True
460060,LONE PEAK HOSPITAL,DRAPER,UT,Acute Care Hospitals,hospital_info,HF,Heart failure,1.0559,18.0709,17.1143,45,12,False
470001,CENTRAL VERMONT MEDICAL CENTER,BARRE,VT,Acute Care Hospitals,hospital_info,AMI,Heart attack,1.0553,13.8567,13.1305,,,True
470001,CENTRAL VERMONT MEDICAL CENTER,BARRE,VT,Acute Care Hospitals,hospital_info,HF,Heart failure,1.1293,20.7561,18.3802,314,74,False
470001,CENTRAL VERMONT MEDICAL CENTER,BARRE,VT,Acute Care Hospitals,hospital_info,HIP-KNEE,Hip/knee replacement,1.0192,5.5597,5.4551,,,True
470001,CENTRAL VERMONT MEDICAL CENTER,BARRE,VT,Acute Care Hospitals,hospital_info,PN,Pneumonia,1.0373,15.0296,14.4885,310,49,False
470003,UNIV. OF VERMONT - FLETCHER ALLEN HEALTH CARE,BURLINGTON,VT,Acute Care Hospitals,hospital_info,HIP-KNEE,Hip/knee replacement,1.1012,5.6375,5.1192,,,True
470005,RUTLAND REGIONAL MEDICAL CENTER,RUTLAND,VT,Acute Care Hospitals,hospital_info,COPD,Chronic obstructive pulmonary disease,1.0556,20.1056,19.0467,144,33,False
470005,RUTLAND REGIONAL MEDICAL CENTER,RUTLAND,VT,Acute Care Hospitals,hospital_info,HIP-KNEE,Hip/knee replacement,1.0951,6.0971,5.5674,,,True
470012,SOUTHWESTERN VERMONT MEDICAL CENTER,BENNINGTON,VT,Acute Care Hospitals,hospital_info,COPD,Chronic obstructive pulmonary disease,1.026,18.9188,18.44,159,32,False
470024,NORTHWESTERN MEDICAL CENTER INC,SAINT ALBANS,VT,Acute Care Hospitals,hospital_info,COPD,Chronic obstructive pulmonary disease,1.0002,19.9856,19.9821,90,18,False
490002,RUSSELL COUNTY HOSPITAL,LEBANON,VA,Acute Care Hospitals,hospital_info,COPD,Chronic obstructive pulmonary disease,1.0766,19.8144,18.4046,28,11,False
490002,RUSSELL COUNTY HOSPITAL,LEBANON,VA,Acute Care Hospitals,hospital_info,HF,Heart failure,1.0391,20.049,19.2941,41,11,False
490002,RUSSELL COUNTY HOSPITAL,LEBANON,VA,Acute Care Hospitals,hospital_info,PN,Pneumonia,1.0352,17.1936,16.6088,91,18,False
490004,SENTARA RMH MEDICAL CENTER,HARRISONBURG,VA,Acute Care Hospitals,hospital_info,HF,Heart failure,1.0191,20.1457,19.7687,976,198,False
490005,WINCHESTER MEDICAL CENTER,WINCHESTER,VA,Acute Care Hospitals,hospital_info,AMI,Heart attack,1.0044,12.3792,12.3254,491,61,False
490005,WINCHESTER MEDICAL CENTER,WINCHESTER,VA,Acute Care Hospitals,hospital_info,HF,Heart failure,1.0076,19.596,19.4479,1324,260,False
490005,WINCHESTER MEDICAL CENTER,WINCHESTER,VA,Acute Care Hospitals,hospital_info,HIP-KNEE,Hip/knee replacement,1.0352,6.4224,6.2039,165,11,False
490005,WINCHESTER MEDICAL CENTER,WINCHESTER,VA,Acute Care Hospitals,hospital_info,PN,Pneumonia,1.0739,16.2375,15.1206,876,147,False
490007,SENTARA NORFOLK GENERAL HOSPITAL,NORFOLK,VA,Acute Care Hospitals,hospital_info,COPD,Chronic obstructive pulmonary disease,1.0158,23.3589,22.9957,76,19,False
490009,UNIVERSITY OF VIRGINIA MEDICAL CENTER,CHARLOTTESVILLE,VA,Acute Care Hospitals,hospital_info,AMI,Heart attack,1.0063,13.5302,13.4454,345,47,False
490009,UNIVERSITY OF VIRGINIA MEDICAL CENTER,CHARLOTTESVILLE,VA,Acute Care Hospitals,hospital_info,COPD,Chronic obstructive pulmonary disease,1.0396,19.5908,18.8446,128,28,False
490009,UNIVERSITY OF VIRGINIA MEDICAL CENTER,CHARLOTTESVILLE,VA,Acute Care Hospitals,hospital_info,HIP-KNEE,Hip/knee replacement,1.0707,7.3405,6.8561,,,True
490013,SENTARA HALIFAX REGIONAL HOSPITAL,SOUTH BOSTON,VA,Acute Care Hospitals,hospital_info,COPD,Chronic obstructive pulmonary disease,1.0072,17.2833,17.1606,159,28,False
490017,BON SECOURS MARYVIEW MEDICAL CENTER,PORTSMOUTH,VA,Acute Care Hospitals,hospital_info,AMI,Heart attack,1.0232,15.4631,15.1123,128,21,False
490017,BON SECOURS MARYVIEW MEDICAL CENTER,PORTSMOUTH,VA,Acute Care Hospitals,hospital_info,CABG,Coronary artery bypass graft surgery,1.0759,12.0758,11.2235,,,True
490017,BON SECOURS MARYVIEW MEDICAL CENTER,PORTSMOUTH,VA,Acute Care Hospitals,hospital_info,COPD,Chronic obstructive pulmonary disease,1.0515,18.9061,17.9798,65,16,False
490017,BON SECOURS MARYVIEW MEDICAL CENTER,PORTSMOUTH,VA,Acute Care Hospitals,hospital_info,HF,Heart failure,1.0762,22.1823,20.6123,381,90,False
490019,UVA HEALTH CULPEPER MEDICAL CENTER,CULPEPER,VA,Acute Care Hospitals,hospital_info,COPD,Chronic obstructive pulmonary disease,1.0134,16.2117,15.9975,99,17,False
490019,UVA HEALTH CULPEPER MEDICAL CENTER,CULPEPER,VA,Acute Care Hospitals,hospital_info,PN,Pneumonia,1.0662,15.516,14.552,295,50,False
490020,JOHN RANDOLPH MEDICAL CENTER,HOPEWELL,VA,Acute Care Hospitals,hospital_info,COPD,Chronic obstructive pulmonary disease,1.0264,16.7849,16.3536,66,13,False
490020,JOHN RANDOLPH MEDICAL CENTER,HOPEWELL,VA,Acute Care Hospitals,hospital_info,HF,Heart failure,1.0391,19.6034,18.8652,195,41,False
490021,CENTRA HEALTH -  LYNCHBURG GEN HOSPITAL,LYNCHBURG,VA,Acute Care Hospitals,hospital_info,CABG,Coronary artery bypass graft surgery,1.0268,9.7474,9.4926,147,15,False
490021,CENTRA HEALTH -  LYNCHBURG GEN HOSPITAL,LYNCHBURG,VA,Acute Care Hospitals,hospital_info,HIP-KNEE,Hip/knee replacement,1.0277,6.2876,6.1183,,,True
490022,MARY WASHINGTON HOSPITAL,FREDERICKSBURG,VA,Acute Care Hospitals,hospital_info,AMI,Heart attack,1.1192,14.5198,12.9738,367,59,False
490022,MARY WASHINGTON HOSPITAL,FREDERICKSBURG,VA,Acute Care Hospitals,hospital_info,CABG,Coronary artery bypass graft surgery,1.0197,10.5896,10.3848,118,13,False
490022,MARY WASHINGTON HOSPITAL,FREDERICKSBURG,VA,Acute Care Hospitals,hospital_info,COPD,Chronic obstructive pulmonary disease,1.133,19.7851,17.4624,327,74,False
490022,MARY WASHINGTON HOSPITAL,FREDERICKSBURG,VA,Acute Care Hospitals,hospital_info,HF,Heart failure,1.079,21.7824,20.1869,1076,240,False
490022,MARY WASHINGTON HOSPITAL,FREDERICKSBURG,VA,Acute Care Hospitals,hospital_info,PN,Pneumonia,1.238,20.0552,16.1994,1178,251,False
490023,FAUQUIER HOSPITAL,WARRENTON,VA,Acute Care Hospitals,hospital_info,HF,Heart failure,1.0867,19.6603,18.091,173,40,False
490023,FAUQUIER HOSPITAL,WARRENTON,VA,Acute Care Hospitals,hospital_info,HIP-KNEE,Hip/knee replacement,1.0116,4.9465,4.8899,,,True
490024,CARILION MEDICAL CENTER,ROANOKE,VA,Acute Care Hospitals,hospital_info,HIP-KNEE,Hip/knee replacement,1.0418,7.6468,7.3402,,,True
490032,MEDICAL COLLEGE OF VIRGINIA HOSPITALS,RICHMOND,VA,Acute Care Hospitals,hospital_info,CABG,Coronary artery bypass graft surgery,1.0572,12.083,11.4294,112,15,False
490032,MEDICAL COLLEGE OF VIRGINIA HOSPITALS,RICHMOND,VA,Acute Care Hospitals,hospital_info,PN,Pneumonia,1.0536,19.0941,18.1231,311,63,False
490033,WARREN MEMORIAL HOSPITAL,FRONT ROYAL,VA,Acute Care Hospitals,hospital_info,AMI,Heart attack,1.002,12.8952,12.8698,,,True
490033,WARREN MEMORIAL HOSPITAL,FRONT ROYAL,VA,Acute Care Hospitals,hospital_info,HF,Heart failure,1.031,19.668,19.0758,182,38,False
490037,RIVERSIDE SHORE MEMORIAL HOSPITAL,ONANCOCK,VA,Acute Care Hospitals,hospital_info,HF,Heart failure,1.0011,18.9185,18.8971,137,26,False
490037,RIVERSIDE SHORE MEMORIAL HOSPITAL,ONANCOCK,VA,Acute Care Hospitals,hospital_info,PN,Pneumonia,1.0152,14.2041,13.9908,155,23,False
490041,MARY IMMACULATE HOSPITAL,NEWPORT NEWS,VA,Acute Care Hospitals,hospital_info,AMI,Heart attack,1.0148,14.9047,14.6875,,,True
490041,MARY IMMACULATE HOSPITAL,NEWPORT NEWS,VA,Acute Care Hospitals,hospital_info,HIP-KNEE,Hip/knee replacement,1.1825,7.7785,6.5778,116,11,False
490041,MARY IMMACULATE HOSPITAL,NEWPORT NEWS,VA,Acute Care Hospitals,hospital_info,PN,Pneumonia,1.0812,15.302,14.1532,143,27,False
490042,CARILION NEW RIVER VALLEY MEDICAL CENTER,CHRISTIANSBURG,VA,Acute Care Hospitals,hospital_info,PN,Pneumonia,1.0055,17.3376,17.2431,292,51,False
490044,SENTARA OBICI HOSPITAL,SUFFOLK,VA,Acute Care Hospitals,hospital_info,HF,Heart failure,1.0269,19.6091,19.0964,745,148,False
490044,SENTARA OBICI HOSPITAL,SUFFOLK,VA,Acute Care Hospitals,hospital_info,HIP-KNEE,Hip/knee replacement,1.04,7.2575,6.9786,,,True
490045,UVA HEALTH PRINCE WILLIAM MEDICAL CENTER,MANASSAS,VA,Acute Care Hospitals,hospital_info,COPD,Chronic obstructive pulmonary disease,1.0028,16.044,15.9987,86,14,False
490045,UVA HEALTH PRINCE WILLIAM MEDICAL CENTER,MANASSAS,VA,Acute Care Hospitals,hospital_info,PN,Pneumonia,1.0874,15.5908,14.3379,234,42,False
490046,SENTARA LEIGH HOSPITAL,NORFOLK,VA,Acute Care Hospitals,hospital_info,AMI,Heart attack,1.0127,13.6084,13.4379,179,25,False
490046,SENTARA LEIGH HOSPITAL,NORFOLK,VA,Acute Care Hospitals,hospital_info,COPD,Chronic obstructive pulmonary disease,1.0885,20.3514,18.6965,239,55,False
490046,SENTARA LEIGH HOSPITAL,NORFOLK,VA,Acute Care Hospitals,hospital_info,HIP-KNEE,Hip/knee replacement,1.2938,8.9838,6.9436,,,True
490046,SENTARA LEIGH HOSPITAL,NORFOLK,VA,Acute Care Hospitals,hospital_info,PN,Pneumonia,1.0837,17.8043,16.4287,660,123,False
490048,LEWISGALE MEDICAL CENTER,SALEM,VA,Acute Care Hospitals,hospital_info,AMI,Heart attack,1.092,13.965,12.7882,369,56,False
490048,LEWISGALE MEDICAL CENTER,SALEM,VA,Acute Care Hospitals,hospital_info,CABG,Coronary artery bypass graft surgery,1.1148,11.438,10.2598,89,13,False
490048,LEWISGALE MEDICAL CENTER,SALEM,VA,Acute Care Hospitals,hospital_info,COPD,Chronic obstructive pulmonary disease,1.0309,17.5973,17.0691,152,29,False
490048,LEWISGALE MEDICAL CENTER,SALEM,VA,Acute Care Hospitals,hospital_info,HF,Heart failure,1.1404,21.6453,18.98,533,125,False
490048,LEWISGALE MEDICAL CENTER,SALEM,VA,Acute Care Hospitals,hospital_info,HIP-KNEE,Hip/knee replacement,1.0973,5.8026,5.2882,,,True
490048,LEWISGALE MEDICAL CENTER,SALEM,VA,Acute Care Hospitals,hospital_info,PN,Pneumonia,1.0131,15.044,14.8501,546,83,False
490050,VIRGINIA HOSPITAL CENTER,ARLINGTON,VA,Acute Care Hospitals,hospital_info,AMI,Heart attack,1.0233,12.6742,12.3861,117,16,False
490050,VIRGINIA HOSPITAL CENTER,ARLINGTON,VA,Acute Care Hospitals,hospital_info,CABG,Coronary artery bypass graft surgery,1.1233,10.4959,9.3437,86,12,False
490050,VIRGINIA HOSPITAL CENTER,ARLINGTON,VA,Acute Care Hospitals,hospital_info,HIP-KNEE,Hip/knee replacement,1.1041,5.7972,5.2504,,,True
490052,RIVERSIDE REGIONAL MEDICAL CENTER,NEWPORT NEWS,VA,Acute Care Hospitals,hospital_info,COPD,Chronic obstructive pulmonary disease,1.047,19.2811,18.4151,195,41,False
490053,JOHNSTON MEMORIAL HOSPITAL,ABINGDON,VA,Acute Care Hospitals,hospital_info,AMI,Heart attack,1.0685,13.7764,12.8928,128,21,False
490057,SENTARA VIRGINIA BEACH GENERAL HOSPITAL,VIRGINIA BEACH,VA,Acute Care Hospitals,hospital_info,CABG,Coronary artery bypass graft surgery,1.0441,9.8674,9.4508,,,True
490057,SENTARA VIRGINIA BEACH GENERAL HOSPITAL,VIRGINIA BEACH,VA,Acute Care Hospitals,hospital_info,HF,Heart failure,1.0519,20.8822,19.8513,1007,214,False
490057,SENTARA VIRGINIA BEACH GENERAL HOSPITAL,VIRGINIA BEACH,VA,Acute Care Hospitals,hospital_info,HIP-KNEE,Hip/knee replacement,1.1618,9.1551,7.8798,,,True
490060,CLINCH VALLEY MEDICAL CENTER,RICHLANDS,VA,Acute Care Hospitals,hospital_info,COPD,Chronic obstructive pulmonary disease,1.0166,18.8111,18.5045,52,11,False
490060,CLINCH VALLEY MEDICAL CENTER,RICHLANDS,VA,Acute Care Hospitals,hospital_info,HF,Heart failure,1.0141,19.9854,19.7073,130,27,False
490063,INOVA FAIRFAX HOSPITAL,FALLS CHURCH,VA,Acute Care Hospitals,hospital_info,HIP-KNEE,Hip/knee replacement,1.0361,5.881,5.6758,,,True
490063,INOVA FAIRFAX HOSPITAL,FALLS CHURCH,VA,Acute Care Hospitals,hospital_info,PN,Pneumonia,1.0514,16.6346,15.8213,1128,191,False
490066,SENTARA WILLIAMSBURG REGIONAL MEDICAL CENTER,WILLIAMSBURG,VA,Acute Care Hospitals,hospital_info,AMI,Heart attack,1.0197,12.8943,12.6458,163,22,False
490066,SENTARA WILLIAMSBURG REGIONAL MEDICAL CENTER,WILLIAMSBURG,VA,Acute Care Hospitals,hospital_info,COPD,Chronic obstructive pulmonary disease,1.0162,18.1822,17.8918,98,19,False
490066,SENTARA WILLIAMSBURG REGIONAL MEDICAL CENTER,WILLIAMSBURG,VA,Acute Care Hospitals,hospital_info,HIP-KNEE,Hip/knee replacement,1.117,6.5272,5.8436,,,True
490066,SENTARA WILLIAMSBURG REGIONAL MEDICAL CENTER,WILLIAMSBURG,VA,Acute Care Hospitals,hospital_info,PN,Pneumonia,1.0178,15.8117,15.535,372,60,False
490067,BON SECOURS SOUTHSIDE MEDICAL CENTER,PETERSBURG,VA,Acute Care Hospitals,hospital_info,HF,Heart failure,1.1022,21.69,19.6783,571,131,False
490067,BON SECOURS SOUTHSIDE MEDICAL CENTER,PETERSBURG,VA,Acute Care Hospitals,hospital_info,PN,Pneumonia,1.1279,18.3186,16.2417,463,93,False
490069,BON SECOURS MEMORIAL REGIONAL MEDICAL CENTER,MECHANICSVILLE,VA,Acute Care Hospitals,hospital_info,COPD,Chronic obstructive pulmonary disease,1.0111,17.6836,17.4888,199,36,False
490069,BON SECOURS MEMORIAL REGIONAL MEDICAL CENTER,MECHANICSVILLE,VA,Acute Care Hospitals,hospital_info,HF,Heart failure,1.0321,19.8671,19.2496,814,164,False
490075,SOVAH HEALTH DANVILLE,DANVILLE,VA,Acute Care Hospitals,hospital_info,AMI,Heart attack,1.0521,13.1749,12.522,102,16,False
490075,SOVAH HEALTH DANVILLE,DANVILLE,VA,Acute Care Hospitals,hospital_info,HF,Heart failure,1.1005,21.3801,19.4277,388,90,False
490075,SOVAH HEALTH DANVILLE,DANVILLE,VA,Acute Care Hospitals,hospital_info,HIP-KNEE,Hip/knee replacement,1.0296,5.3806,5.2259,,,True
490077,SENTARA MARTHA JEFFERSON HOSPITAL,CHARLOTTESVILLE,VA,Acute Care Hospitals,hospital_info,COPD,Chronic obstructive pulmonary disease,1.0008,16.7944,16.7802,83,14,False
490084,VCU HEALTH TAPPAHANNOCK HOSPITAL,TAPPAHANNOCK,VA,Acute Care Hospitals,hospital_info,HF,Heart failure,1.046,19.3126,18.4641,149,32,False
490088,CENTRA BEDFORD MEMORIAL HOSPITAL,BEDFORD,VA,Acute Care Hospitals,hospital_info,PN,Pneumonia,1.0138,14.061,13.8694,143,21,False
490092,BON SECOURS SOUTHAMPTON MEMORIAL HOSPITAL,FRANKLIN,VA,Acute Care Hospitals,hospital_info,HF,Heart failure,1.0406,19.2749,18.5228,120,26,False
490092,BON SECOURS SOUTHAMPTON MEMORIAL HOSPITAL,FRANKLIN,VA,Acute Care Hospitals,hospital_info,PN,Pneumonia,1.0919,16.3873,15.0076,80,19,False
490093,SENTARA CAREPLEX HOSPITAL,HAMPTON,VA,Acute Care Hospitals,hospital_info,HF,Heart failure,1.0767,21.3627,19.8409,452,102,False
490093,SENTARA CAREPLEX HOSPITAL,HAMPTON,VA,Acute Care Hospitals,hospital_info,PN,Pneumonia,1.0012,16.8825,16.8626,349,59,False
490097,BON SECOURS SOUTHERN VIRGINIA MEDICAL CENTER,EMPORIA,VA,Acute Care Hospitals,hospital_info,HF,Heart failure,1.0141,17.5336,17.2895,,,True
490098,COMMUNITY MEMORIAL HOSPITAL,SOUTH HILL,VA,Acute Care Hospitals,hospital_info,HF,Heart failure,1.002,19.634,19.5953,203,40,False
490101,INOVA FAIR OAKS HOSPITAL,FAIRFAX,VA,Acute Care Hospitals,hospital_info,HIP-KNEE,Hip/knee replacement,1.07,6.424,6.0038,,,True
490101,INOVA FAIR OAKS HOSPITAL,FAIRFAX,VA,Acute Care Hospitals,hospital_info,PN,Pneumonia,1.0912,15.9639,14.6298,421,73,False
490107,RESTON HOSPITAL CENTER,RESTON,VA,Acute Care Hospitals,hospital_info,AMI,Heart attack,1.0393,12.3333,11.8671,98,14,False
490107,RESTON HOSPITAL CENTER,RESTON,VA,Acute Care Hospitals,hospital_info,COPD,Chronic obstructive pulmonary disease,1.0053,16.9483,16.8586,,,True
490107,RESTON HOSPITAL CENTER,RESTON,VA,Acute Care Hospitals,hospital_info,HF,Heart failure,1.0257,18.9749,18.4999,333,65,False
490107,RESTON HOSPITAL CENTER,RESTON,VA,Acute Care Hospitals,hospital_info,PN,Pneumonia,1.0213,14.8977,14.5873,380,58,False
490110,LEWISGALE HOSPITAL MONTGOMERY,BLACKSBURG,VA,Acute Care Hospitals,hospital_info,COPD,Chronic obstructive pulmonary disease,1.035,18.5475,17.9198,67,15,False
490110,LEWISGALE HOSPITAL MONTGOMERY,BLACKSBURG,VA,Acute Care Hospitals,hospital_info,HF,Heart failure,1.0806,21.4893,19.8871,169,42,False
490110,LEWISGALE HOSPITAL MONTGOMERY,BLACKSBURG,VA,Acute Care Hospitals,hospital_info,HIP-KNEE,Hip/knee replacement,1.2387,6.4766,5.2287,,,True
490110,LEWISGALE HOSPITAL MONTGOMERY,BLACKSBURG,VA,Acute Care Hospitals,hospital_info,PN,Pneumonia,1.0265,16.0383,15.625,251,42,False
490112,CJW MEDICAL CENTER,RICHMOND,VA,Acute Care Hospitals,hospital_info,AMI,Heart attack,1.0522,14.3754,13.6624,441,66,False
490112,CJW MEDICAL CENTER,RICHMOND,VA,Acute Care Hospitals,hospital_info,COPD,Chronic obstructive pulmonary disease,1.0144,17.5015,17.2539,234,42,False
490112,CJW MEDICAL CENTER,RICHMOND,VA,Acute Care Hospitals,hospital_info,HF,Heart failure,1.0246,19.333,18.8687,1072,209,False
490113,SENTARA NORTHERN VIRGINIA MEDICAL CENTER,WOODBRIDGE,VA,Acute Care Hospitals,hospital_info,AMI,Heart attack,1.033,14.0282,13.5798,95,15,False
490113,SENTARA NORTHERN VIRGINIA MEDICAL CENTER,WOODBRIDGE,VA,Acute Care Hospitals,hospital_info,COPD,Chronic obstructive pulmonary disease,1.0426,20.4659,19.6298,136,31,False
490113,SENTARA NORTHERN VIRGINIA MEDICAL CENTER,WOODBRIDGE,VA,Acute Care Hospitals,hospital_info,HF,Heart failure,1.0877,21.6883,19.9397,506,116,False
490113,SENTARA NORTHERN VIRGINIA MEDICAL CENTER,WOODBRIDGE,VA,Acute Care Hospitals,hospital_info,PN,Pneumonia,1.0594,16.9502,16.0002,443,79,False
490114,LONESOME PINE HOSPITAL,BIG STONE GAP,VA,Acute Care Hospitals,hospital_info,COPD,Chronic obstructive pulmonary disease,1.0015,20.5446,20.5147,53,11,False
490114,LONESOME PINE HOSPITAL,BIG STONE GAP,VA,Acute Care Hospitals,hospital_info,PN,Pneumonia,1.0454,17.7296,16.96,203,39,False
490115,TWIN COUNTY REGIONAL HOSPITAL,GALAX,VA,Acute Care Hospitals,hospital_info,HF,Heart failure,1.0363,21.8107,21.0475,107,26,False
490115,TWIN COUNTY REGIONAL HOSPITAL,GALAX,VA,Acute Care Hospitals,hospital_info,PN,Pneumonia,1.0347,16.6885,16.129,154,28,False
490116,LEWISGALE HOSPITAL PULASKI,PULASKI,VA,Acute Care Hospitals,hospital_info,COPD,Chronic obstructive pulmonary disease,1.0321,15.0698,14.6015,,,True
490116,LEWISGALE HOSPITAL PULASKI,PULASKI,VA,Acute Care Hospitals,hospital_info,HF,Heart failure,1.0015,19.4446,19.4148,92,18,False
490117,CARILION TAZEWELL COMMUNITY HOSPITAL,TAZEWELL,VA,Acute Care Hospitals,hospital_info,PN,Pneumonia,1.0231,14.9943,14.6555,,,True
490118,HENRICO DOCTORS' HOSPITAL,RICHMOND,VA,Acute Care Hospitals,hospital_info,AMI,Heart attack,1.0599,13.4619,12.7012,305,44,False
490118,HENRICO DOCTORS' HOSPITAL,RICHMOND,VA,Acute Care Hospitals,hospital_info,CABG,Coronary artery bypass graft surgery,1.042,11.75,11.2768,127,16,False
490118,HENRICO DOCTORS' HOSPITAL,RICHMOND,VA,Acute Care Hospitals,hospital_info,COPD,Chronic obstructive pulmonary disease,1.0392,17.936,17.2597,157,31,False
490118,HENRICO DOCTORS' HOSPITAL,RICHMOND,VA,Acute Care Hospitals,hospital_info,HF,Heart failure,1.0119,18.099,17.8853,686,125,False
490118,HENRICO DOCTORS' HOSPITAL,RICHMOND,VA,Acute Care Hospitals,hospital_info,HIP-KNEE,Hip/knee replacement,1.2189,5.9299,4.8649,164,12,False
490118,HENRICO DOCTORS' HOSPITAL,RICHMOND,VA,Acute Care Hospitals,hospital_info,PN,Pneumonia,1.0494,15.7348,14.9941,558,91,False
490119,SENTARA PRINCESS ANNE HOSPITAL,VIRGINIA BEACH,VA,Acute Care Hospitals,hospital_info,COPD,Chronic obstructive pulmonary disease,1.0863,19.7135,18.148,202,46,False
490119,SENTARA PRINCESS ANNE HOSPITAL,VIRGINIA BEACH,VA,Acute Care Hospitals,hospital_info,HF,Heart failure,1.0454,21.0709,20.1555,834,179,False
490119,SENTARA PRINCESS ANNE HOSPITAL,VIRGINIA BEACH,VA,Acute Care Hospitals,hospital_info,HIP-KNEE,Hip/knee replacement,1.0739,6.4032,5.9624,,,True
490120,CHESAPEAKE GENERAL HOSPITAL,CHESAPEAKE,VA,Acute Care Hospitals,hospital_info,COPD,Chronic obstructive pulmonary disease,1.0167,18.9953,18.6829,283,55,False
490122,INOVA MOUNT VERNON HOSPITAL,ALEXANDRIA,VA,Acute Care Hospitals,hospital_info,COPD,Chronic obstructive pulmonary disease,1.0266,19.314,18.8143,88,19,False
490122,INOVA MOUNT VERNON HOSPITAL,ALEXANDRIA,VA,Acute Care Hospitals,hospital_info,PN,Pneumonia,1.1056,16.4582,14.8862,263,50,False
490136,BON SECOURS ST FRANCIS MEDICAL CENTER,MIDLOTHIAN,VA,Acute Care Hospitals,hospital_info,AMI,Heart attack,1.0444,13.0091,12.4565,137,20,False
490136,BON SECOURS ST FRANCIS MEDICAL CENTER,MIDLOTHIAN,VA,Acute Care Hospitals,hospital_info,HIP-KNEE,Hip/knee replacement,1.2915,7.3402,5.6836,,,True
490140,"STAFFORD HOSPITAL, LLC",STAFFORD,VA,Acute Care Hospitals,hospital_info,COPD,Chronic obstructive pulmonary disease,1.0471,15.5463,14.8463,82,16,False
490140,"STAFFORD HOSPITAL, LLC",STAFFORD,VA,Acute Care Hospitals,hospital_info,HF,Heart failure,1.0106,19.0493,18.8488,185,36,False
490140,"STAFFORD HOSPITAL, LLC",STAFFORD,VA,Acute Care Hospitals,hospital_info,PN,Pneumonia,1.0997,15.5373,14.1286,198,37,False
490141,SPOTSYLVANIA REGIONAL MEDICAL CENTER,FREDERICKSBURG,VA,Acute Care Hospitals,hospital_info,HF,Heart failure,1.1463,23.3104,20.3357,295,79,False
490141,SPOTSYLVANIA REGIONAL MEDICAL CENTER,FREDERICKSBURG,VA,Acute Care Hospitals,hospital_info,PN,Pneumonia,1.0756,16.9426,15.752,219,42,False
490143,RIVERSIDE DOCTORS' HOSPITAL OF WILLIAMSBURG,WILLIAMSBURG,VA,Acute Care Hospitals,hospital_info,COPD,Chronic obstructive pulmonary disease,1.03,16.7965,16.3075,,,True
490144,UVA HEALTH HAYMARKET MEDICAL CENTER,HAYMARKET,VA,Acute Care Hospitals,hospital_info,PN,Pneumonia,1.0806,15.1188,13.9914,244,42,False
490145,STONESPRINGS HOSPITAL CENTER,DULLES,VA,Acute Care Hospitals,hospital_info,HF,Heart failure,1.0178,19.5363,19.1944,60,13,False
490145,STONESPRINGS HOSPITAL CENTER,DULLES,VA,Acute Care Hospitals,hospital_info,HIP-KNEE,Hip/knee replacement,1.0786,4.8751,4.52,,,True
500003,SKAGIT VALLEY HOSPITAL,MOUNT VERNON,WA,Acute Care Hospitals,hospital_info,AMI,Heart attack,1.0321,11.7207,11.356,217,27,False
500003,SKAGIT VALLEY HOSPITAL,MOUNT VERNON,WA,Acute Care Hospitals,hospital_info,COPD,Chronic obstructive pulmonary disease,1.0121,16.4069,16.2114,74,13,False
500003,SKAGIT VALLEY HOSPITAL,MOUNT VERNON,WA,Acute Care Hospitals,hospital_info,HIP-KNEE,Hip/knee replacement,1.0317,6.5659,6.3641,,,True
500003,SKAGIT VALLEY HOSPITAL,MOUNT VERNON,WA,Acute Care Hospitals,hospital_info,PN,Pneumonia,1.0208,15.1641,14.8549,235,37,False
500005,VIRGINIA MASON MEDICAL CENTER,SEATTLE,WA,Acute Care Hospitals,hospital_info,PN,Pneumonia,1.0356,15.3021,14.7756,207,34,False
500007,ISLAND HOSPITAL,ANACORTES,WA,Acute Care Hospitals,hospital_info,HIP-KNEE,Hip/knee replacement,1.0494,6.598,6.2873,,,True
500008,UNIVERSITY OF WASHINGTON MEDICAL CTR,SEATTLE,WA,Acute Care Hospitals,hospital_info,AMI,Heart attack,1.0015,13.75,13.7297,254,35,False
500008,UNIVERSITY OF WASHINGTON MEDICAL CTR,SEATTLE,WA,Acute Care Hospitals,hospital_info,CABG,Coronary artery bypass graft surgery,1.0774,10.0219,9.3019,,,True
500008,UNIVERSITY OF WASHINGTON MEDICAL CTR,SEATTLE,WA,Acute Care Hospitals,hospital_info,COPD,Chronic obstructive pulmonary disease,1.0073,19.1034,18.9653,128,25,False
500008,UNIVERSITY OF WASHINGTON MEDICAL CTR,SEATTLE,WA,Acute Care Hospitals,hospital_info,HIP-KNEE,Hip/knee replacement,1.0838,6.8467,6.3174,147,11,False
500011,HIGHLINE MEDICAL CENTER,BURIEN,WA,Acute Care Hospitals,hospital_info,COPD,Chronic obstructive pulmonary disease,1.0372,19.3772,18.683,58,14,False
500015,MULTICARE AUBURN MEDICAL CENTER,AUBURN,WA,Acute Care Hospitals,hospital_info,COPD,Chronic obstructive pulmonary disease,1.0458,20.8024,19.8916,51,14,False
500015,MULTICARE AUBURN MEDICAL CENTER,AUBURN,WA,Acute Care Hospitals,hospital_info,PN,Pneumonia,1.0122,16.0666,15.8735,163,27,False
500016,CONFLUENCE HEALTH HOSPITAL,WENATCHEE,WA,Acute Care Hospitals,hospital_info,HIP-KNEE,Hip/knee replacement,1.0363,7.2717,7.017,,,True
500019,PROVIDENCE CENTRALIA HOSPITAL,CENTRALIA,WA,Acute Care Hospitals,hospital_info,HF,Heart failure,1.0255,18.9347,18.4646,244,48,False
500024,PROVIDENCE ST PETER HOSPITAL,OLYMPIA,WA,Acute Care Hospitals,hospital_info,AMI,Heart attack,1.0871,12.8674,11.8367,426,59,False
500024,PROVIDENCE ST PETER HOSPITAL,OLYMPIA,WA,Acute Care Hospitals,hospital_info,COPD,Chronic obstructive pulmonary disease,1.0325,16.6912,16.1666,106,20,False
500024,PROVIDENCE ST PETER HOSPITAL,OLYMPIA,WA,Acute Care Hospitals,hospital_info,HF,Heart failure,1.0122,18.4943,18.2719,655,122,False
500024,PROVIDENCE ST PETER HOSPITAL,OLYMPIA,WA,Acute Care Hospitals,hospital_info,HIP-KNEE,Hip/knee replacement,1.0428,8.4859,8.1377,,,True
500025,SWEDISH MEDICAL CENTER / CHERRY HILL,SEATTLE,WA,Acute Care Hospitals,hospital_info,PN,Pneumonia,1.0232,16.1058,15.7405,,,True
500026,SWEDISH EDMONDS HOSPITAL,EDMONDS,WA,Acute Care Hospitals,hospital_info,AMI,Heart attack,1.0415,13.5842,13.0429,95,15,False
500026,SWEDISH EDMONDS HOSPITAL,EDMONDS,WA,Acute Care Hospitals,hospital_info,COPD,Chronic obstructive pulmonary disease,1.0416,19.8916,19.0963,65,16,False
500031,GRAYS HARBOR COMMUNITY HOSPITAL,ABERDEEN,WA,Acute Care Hospitals,hospital_info,COPD,Chronic obstructive pulmonary disease,1.004,16.722,16.6549,70,12,False
500031,GRAYS HARBOR COMMUNITY HOSPITAL,ABERDEEN,WA,Acute Care Hospitals,hospital_info,HF,Heart failure,1.0019,17.3905,17.3579,189,33,False
500031,GRAYS HARBOR COMMUNITY HOSPITAL,ABERDEEN,WA,Acute Care Hospitals,hospital_info,PN,Pneumonia,1.0076,14.7525,14.6414,261,39,False
500033,SAMARITAN HOSPITAL,MOSES LAKE,WA,Acute Care Hospitals,hospital_info,HF,Heart failure,1.008,18.3531,18.208,95,18,False
500036,YAKIMA VALLEY MEMORIAL,YAKIMA,WA,Acute Care Hospitals,hospital_info,COPD,Chronic obstructive pulmonary disease,1.0148,16.0164,15.782,162,27,False
500037,ASTRIA TOPPENISH HOSPITAL,TOPPENISH,WA,Acute Care Hospitals,hospital_info,PN,Pneumonia,1.0011,14.0433,14.0285,,,True
500039,ST MICHAEL MEDICAL CENTER,SILVERDALE,WA,Acute Care Hospitals,hospital_info,COPD,Chronic obstructive pulmonary disease,1.0374,17.003,16.3898,102,20,False
500044,DEACONESS MEDICAL CENTER,SPOKANE,WA,Acute Care Hospitals,hospital_info,AMI,Heart attack,1.0323,12.4134,12.0251,245,32,False
500044,DEACONESS MEDICAL CENTER,SPOKANE,WA,Acute Care Hospitals,hospital_info,COPD,Chronic obstructive pulmonary disease,1.0055,18.8071,18.7042,,,True
500050,PEACEHEALTH SOUTHWEST MEDICAL CENTE,VANCOUVER,WA,Acute Care Hospitals,hospital_info,CABG,Coronary artery bypass graft surgery,1.0302,10.905,10.5851,103,12,False
500050,PEACEHEALTH SOUTHWEST MEDICAL CENTE,VANCOUVER,WA,Acute Care Hospitals,hospital_info,COPD,Chronic obstructive pulmonary disease,1.0336,18.6664,18.0587,110,23,False
500050,PEACEHEALTH SOUTHWEST MEDICAL CENTE,VANCOUVER,WA,Acute Care Hospitals,hospital_info,PN,Pneumonia,1.0389,17.4053,16.7536,347,63,False
500051,OVERLAKE HOSPITAL MEDICAL CENTER & CLINICS,BELLEVUE,WA,Acute Care Hospitals,hospital_info,HIP-KNEE,Hip/knee replacement,1.0654,6.8604,6.4392,,,True
500051,OVERLAKE HOSPITAL MEDICAL CENTER & CLINICS,BELLEVUE,WA,Acute Care Hospitals,hospital_info,PN,Pneumonia,1.1451,14.8527,12.9703,318,56,False
500053,TRIOS HEALTH,KENNEWICK,WA,Acute Care Hospitals,hospital_info,AMI,Heart attack,1.0873,12.2292,11.2478,146,22,False
500053,TRIOS HEALTH,KENNEWICK,WA,Acute Care Hospitals,hospital_info,COPD,Chronic obstructive pulmonary disease,1.0132,17.5662,17.3378,80,15,False
500064,HARBORVIEW MEDICAL CENTER,SEATTLE,WA,Acute Care Hospitals,hospital_info,AMI,Heart attack,1.0084,17.3591,17.2146,,,True
500064,HARBORVIEW MEDICAL CENTER,SEATTLE,WA,Acute Care Hospitals,hospital_info,COPD,Chronic obstructive pulmonary disease,1.0048,19.4416,19.3492,,,True
500072,OLYMPIC MEDICAL CENTER,PORT ANGELES,WA,Acute Care Hospitals,hospital_info,COPD,Chronic obstructive pulmonary disease,1.0181,16.4744,16.1819,65,12,False
500072,OLYMPIC MEDICAL CENTER,PORT ANGELES,WA,Acute Care Hospitals,hospital_info,HF,Heart failure,1.0158,17.6755,17.4012,254,46,False
500079,MULTICARE GOOD SAMARITAN HOSPITAL,PUYALLUP,WA,Acute Care Hospitals,hospital_info,COPD,Chronic obstructive pulmonary disease,1.1106,20.6695,18.6112,218,53,False
500088,VALLEY MEDICAL CENTER,RENTON,WA,Acute Care Hospitals,hospital_info,COPD,Chronic obstructive pulmonary disease,1.014,17.6246,17.3809,119,22,False
500108,ST JOSEPH MEDICAL CENTER,TACOMA,WA,Acute Care Hospitals,hospital_info,COPD,Chronic obstructive pulmonary disease,1.058,20.5086,19.385,62,17,False
500124,EVERGREENHEALTH MEDICAL CENTER,KIRKLAND,WA,Acute Care Hospitals,hospital_info,COPD,Chronic obstructive pulmonary disease,1.0017,18.9612,18.9295,89,17,False
500129,TACOMA GENERAL ALLENMORE HOSPITAL,TACOMA,WA,Acute Care Hospitals,hospital_info,AMI,Heart attack,1.0215,13.1954,12.9171,242,33,False
500129,TACOMA GENERAL ALLENMORE HOSPITAL,TACOMA,WA,Acute Care Hospitals,hospital_info,CABG,Coronary artery bypass graft surgery,1.1526,11.2579,9.7677,163,22,False
500129,TACOMA GENERAL ALLENMORE HOSPITAL,TACOMA,WA,Acute Care Hospitals,hospital_info,PN,Pneumonia,1.0169,15.6378,15.3775,562,89,False
500139,CAPITAL MEDICAL CENTER,OLYMPIA,WA,Acute Care Hospitals,hospital_info,AMI,Heart attack,1.1026,11.4287,10.3652,81,14,False
500139,CAPITAL MEDICAL CENTER,OLYMPIA,WA,Acute Care Hospitals,hospital_info,HF,Heart failure,1.1532,20.2492,17.5598,201,51,False
500139,CAPITAL MEDICAL CENTER,OLYMPIA,WA,Acute Care Hospitals,hospital_info,HIP-KNEE,Hip/knee replacement,1.0774,6.1341,5.6935,,,True
500141,ST FRANCIS COMMUNITY HOSPITAL,FEDERAL WAY,WA,Acute Care Hospitals,hospital_info,AMI,Heart attack,1.0314,11.3244,10.9795,,,True
500150,LEGACY SALMON CREEK MEDICAL CENTER,VANCOUVER,WA,Acute Care Hospitals,hospital_info,AMI,Heart attack,1.0405,14.965,14.3829,73,13,False
500150,LEGACY SALMON CREEK MEDICAL CENTER,VANCOUVER,WA,Acute Care Hospitals,hospital_info,HF,Heart failure,1.0473,19.6194,18.7339,350,72,False
500150,LEGACY SALMON CREEK MEDICAL CENTER,VANCOUVER,WA,Acute Care Hospitals,hospital_info,HIP-KNEE,Hip/knee replacement,1.1393,5.8008,5.0916,,,True
500151,ST ANTHONY HOSPITAL,GIG HARBOR,WA,Acute Care Hospitals,hospital_info,COPD,Chronic obstructive pulmonary disease,1.0051,17.1425,17.0555,97,17,False
500152,SWEDISH ISSAQUAH,ISSAQUAH,WA,Acute Care Hospitals,hospital_info,COPD,Chronic obstructive pulmonary disease,1.0089,16.7177,16.5699,,,True
510001,"WEST VIRGINIA UNIVERSITY HOSPITALS, INC",MORGANTOWN,WV,Acute Care Hospitals,hospital_info,COPD,Chronic obstructive pulmonary disease,1.0736,22.3903,20.8547,221,55,False
510001,"WEST VIRGINIA UNIVERSITY HOSPITALS, INC",MORGANTOWN,WV,Acute Care Hospitals,hospital_info,HF,Heart failure,1.0101,22.3184,22.0948,597,134,False
510002,"CAMC GREENBRIER VALLEY MEDICAL CENTER, INC",RONCEVERTE,WV,Acute Care Hospitals,hospital_info,COPD,Chronic obstructive pulmonary disease,1.0096,19.792,19.6032,57,12,False
510006,"UNITED HOSPITAL CENTER, INC",BRIDGEPORT,WV,Acute Care Hospitals,hospital_info,AMI,Heart attack,1.0116,14.2275,14.0638,291,42,False
510006,"UNITED HOSPITAL CENTER, INC",BRIDGEPORT,WV,Acute Care Hospitals,hospital_info,HF,Heart failure,1.0416,22.1857,21.3,446,102,False
510006,"UNITED HOSPITAL CENTER, INC",BRIDGEPORT,WV,Acute Care Hospitals,hospital_info,PN,Pneumonia,1.098,18.4358,16.79,524,103,False
510007,ST MARYS MEDICAL CENTER,HUNTINGTON,WV,Acute Care Hospitals,hospital_info,COPD,Chronic obstructive pulmonary disease,1.0168,21.0763,20.7276,364,78,False
510007,ST MARYS MEDICAL CENTER,HUNTINGTON,WV,Acute Care Hospitals,hospital_info,HF,Heart failure,1.0361,21.6672,20.9113,514,114,False
510007,ST MARYS MEDICAL CENTER,HUNTINGTON,WV,Acute Care Hospitals,hospital_info,HIP-KNEE,Hip/knee replacement,1.0434,6.7608,6.4795,,,True
510008,BERKELEY MEDICAL CENTER,MARTINSBURG,WV,Acute Care Hospitals,hospital_info,AMI,Heart attack,1.0452,12.9951,12.433,160,23,False
510008,BERKELEY MEDICAL CENTER,MARTINSBURG,WV,Acute Care Hospitals,hospital_info,COPD,Chronic obstructive pulmonary disease,1.0268,18.3141,17.8361,153,30,False
510012,RIVERS HEALTH,POINT PLEASANT,WV,Acute Care Hospitals,hospital_info,COPD,Chronic obstructive pulmonary disease,1.0233,16.73,16.3485,,,True
510012,RIVERS HEALTH,POINT PLEASANT,WV,Acute Care Hospitals,hospital_info,HF,Heart failure,1.0706,18.5152,17.2947,44,13,False
510012,RIVERS HEALTH,POINT PLEASANT,WV,Acute Care Hospitals,hospital_info,PN,Pneumonia,1.0253,16.142,15.7434,64,12,False
510013,"REYNOLDS MEMORIAL HOSPITAL, INC",GLEN DALE,WV,Acute Care Hospitals,hospital_info,HF,Heart failure,1.0256,21.0303,20.5047,91,21,False
510013,"REYNOLDS MEMORIAL HOSPITAL, INC",GLEN DALE,WV,Acute Care Hospitals,hospital_info,PN,Pneumonia,1.0858,16.0152,14.7495,122,25,False
510022,CHARLESTON AREA MEDICAL CENTER,CHARLESTON,WV,Acute Care Hospitals,hospital_info,CABG,Coronary artery bypass graft surgery,1.2837,13.9013,10.829,298,48,False
510022,CHARLESTON AREA MEDICAL CENTER,CHARLESTON,WV,Acute Care Hospitals,hospital_info,HF,Heart failure,1.0771,23.1452,21.4881,827,197,False
510022,CHARLESTON AREA MEDICAL CENTER,CHARLESTON,WV,Acute Care Hospitals,hospital_info,PN,Pneumonia,1.0312,17.4307,16.9032,751,133,False
510023,"WEIRTON MEDICAL CENTER, INC",WEIRTON,WV,Acute Care Hospitals,hospital_info,AMI,Heart attack,1.0679,14.5599,13.6345,66,13,False
510023,"WEIRTON MEDICAL CENTER, INC",WEIRTON,WV,Acute Care Hospitals,hospital_info,COPD,Chronic obstructive pulmonary disease,1.0061,21.2386,21.1095,172,37,False
510023,"WEIRTON MEDICAL CENTER, INC",WEIRTON,WV,Acute Care Hospitals,hospital_info,PN,Pneumonia,1.0106,17.2145,17.0342,478,83,False
510024,MON HEALTH MEDICAL CENTER,MORGANTOWN,WV,Acute Care Hospitals,hospital_info,CABG,Coronary artery bypass graft surgery,1.0677,10.7883,10.104,,,True
510024,MON HEALTH MEDICAL CENTER,MORGANTOWN,WV,Acute Care Hospitals,hospital_info,HF,Heart failure,1.0804,20.7092,19.1677,306,69,False
510029,THOMAS MEMORIAL HOSPITAL,SOUTH CHARLESTON,WV,Acute Care Hospitals,hospital_info,COPD,Chronic obstructive pulmonary disease,1.0639,21.2459,19.9695,166,40,False
510029,THOMAS MEMORIAL HOSPITAL,SOUTH CHARLESTON,WV,Acute Care Hospitals,hospital_info,HF,Heart failure,1.0361,20.5859,19.8682,206,45,False
510029,THOMAS MEMORIAL HOSPITAL,SOUTH CHARLESTON,WV,Acute Care Hospitals,hospital_info,HIP-KNEE,Hip/knee replacement,1.3033,8.04,6.169,,,True
510029,THOMAS MEMORIAL HOSPITAL,SOUTH CHARLESTON,WV,Acute Care Hospitals,hospital_info,PN,Pneumonia,1.0338,16.5021,15.962,247,43,False
510030,DAVIS MEDICAL CENTER,ELKINS,WV,Acute Care Hospitals,hospital_info,PN,Pneumonia,1.008,16.2049,16.0764,151,25,False
510038,STONEWALL JACKSON MEMORIAL HOSPITAL COMPANY,WESTON,WV,Acute Care Hospitals,hospital_info,COPD,Chronic obstructive pulmonary disease,1.0512,16.9748,16.1484,,,True
510038,STONEWALL JACKSON MEMORIAL HOSPITAL COMPANY,WESTON,WV,Acute Care Hospitals,hospital_info,PN,Pneumonia,1.0623,15.0828,14.1985,80,16,False
510046,PRINCETON COMMUNITY HOSPITAL ASSN INC,PRINCETON,WV,Acute Care Hospitals,hospital_info,AMI,Heart attack,1.0197,11.5403,11.3174,,,True
510046,PRINCETON COMMUNITY HOSPITAL ASSN INC,PRINCETON,WV,Acute Care Hospitals,hospital_info,COPD,Chronic obstructive pulmonary disease,1.007,18.4039,18.2755,133,25,False
510046,PRINCETON COMMUNITY HOSPITAL ASSN INC,PRINCETON,WV,Acute Care Hospitals,hospital_info,PN,Pneumonia,1.0073,15.5567,15.4436,479,75,False
510050,"WHEELING HOSPITAL, INC",WHEELING,WV,Acute Care Hospitals,hospital_info,AMI,Heart attack,1.0725,14.3387,13.3695,219,35,False
510050,"WHEELING HOSPITAL, INC",WHEELING,WV,Acute Care Hospitals,hospital_info,COPD,Chronic obstructive pulmonary disease,1.0685,19.1815,17.952,136,31,False
510050,"WHEELING HOSPITAL, INC",WHEELING,WV,Acute Care Hospitals,hospital_info,HIP-KNEE,Hip/knee replacement,1.1134,5.6,5.0297,,,True
510050,"WHEELING HOSPITAL, INC",WHEELING,WV,Acute Care Hospitals,hospital_info,PN,Pneumonia,1.0994,18.4999,16.8268,489,97,False
510055,"CABELL HUNTINGTON HOSPITAL, INC",HUNTINGTON,WV,Acute Care Hospitals,hospital_info,HF,Heart failure,1.0276,21.152,20.5848,156,35,False
510058,CAMDEN CLARK MEDICAL CENTER,PARKERSBURG,WV,Acute Care Hospitals,hospital_info,CABG,Coronary artery bypass graft surgery,1.0414,10.6029,10.1816,,,True
510058,CAMDEN CLARK MEDICAL CENTER,PARKERSBURG,WV,Acute Care Hospitals,hospital_info,COPD,Chronic obstructive pulmonary disease,1.016,19.7111,19.4012,207,42,False
510058,CAMDEN CLARK MEDICAL CENTER,PARKERSBURG,WV,Acute Care Hospitals,hospital_info,HF,Heart failure,1.1656,25.2251,21.6406,572,156,False
510058,CAMDEN CLARK MEDICAL CENTER,PARKERSBURG,WV,Acute Care Hospitals,hospital_info,HIP-KNEE,Hip/knee replacement,1.2106,8.2394,6.8059,118,12,False
510058,CAMDEN CLARK MEDICAL CENTER,PARKERSBURG,WV,Acute Care Hospitals,hospital_info,PN,Pneumonia,1.0311,17.5955,17.0646,636,114,False
510062,BECKLEY ARH HOSPITAL,BECKLEY,WV,Acute Care Hospitals,hospital_info,AMI,Heart attack,1.0046,16.38,16.3056,84,14,False
510062,BECKLEY ARH HOSPITAL,BECKLEY,WV,Acute Care Hospitals,hospital_info,HF,Heart failure,1.0255,22.4654,21.9075,143,34,False
510062,BECKLEY ARH HOSPITAL,BECKLEY,WV,Acute Care Hospitals,hospital_info,PN,Pneumonia,1.0954,19.7244,18.0067,262,58,False
510070,RALEIGH GENERAL HOSPITAL,BECKLEY,WV,Acute Care Hospitals,hospital_info,AMI,Heart attack,1.0569,16.3699,15.4886,196,35,False
510070,RALEIGH GENERAL HOSPITAL,BECKLEY,WV,Acute Care Hospitals,hospital_info,HF,Heart failure,1.1072,23.6649,21.3744,204,56,False
510070,RALEIGH GENERAL HOSPITAL,BECKLEY,WV,Acute Care Hospitals,hospital_info,PN,Pneumonia,1.1056,20.6694,18.6952,343,78,False
510072,WETZEL COUNTY HOSPITAL,NEW MARTINSVILLE,WV,Acute Care Hospitals,hospital_info,HF,Heart failure,1.0417,20.9849,20.1442,43,12,False
520008,WAUKESHA MEMORIAL HOSPITAL,WAUKESHA,WI,Acute Care Hospitals,hospital_info,AMI,Heart attack,1.0298,13.8598,13.4593,184,27,False
520008,WAUKESHA MEMORIAL HOSPITAL,WAUKESHA,WI,Acute Care Hospitals,hospital_info,COPD,Chronic obstructive pulmonary disease,1.0226,19.3002,18.8741,152,31,False
520009,ASCENSION NE WISCONSIN - ST ELIZABETH CAMPUS,APPLETON,WI,Acute Care Hospitals,hospital_info,AMI,Heart attack,1.054,11.6875,11.0887,72,11,False
520011,MARSHFIELD MEDICAL CENTER - RICE LAKE,RICE LAKE,WI,Acute Care Hospitals,hospital_info,HF,Heart failure,1.0823,20.7791,19.199,107,28,False
520011,MARSHFIELD MEDICAL CENTER - RICE LAKE,RICE LAKE,WI,Acute Care Hospitals,hospital_info,PN,Pneumonia,1.0459,14.7279,14.0815,116,20,False
520021,FROEDTERT SOUTH INC.,KENOSHA,WI,Acute Care Hospitals,hospital_info,AMI,Heart attack,1.0266,12.249,11.9313,79,11,False
520021,FROEDTERT SOUTH INC.,KENOSHA,WI,Acute Care Hospitals,hospital_info,CABG,Coronary artery bypass graft surgery,1.014,11.0274,10.8746,,,True
520021,FROEDTERT SOUTH INC.,KENOSHA,WI,Acute Care Hospitals,hospital_info,HF,Heart failure,1.0523,19.7427,18.7624,189,41,False
520021,FROEDTERT SOUTH INC.,KENOSHA,WI,Acute Care Hospitals,hospital_info,PN,Pneumonia,1.0361,15.9782,15.4217,223,38,False
520028,THE MONROE CLINIC,MONROE,WI,Acute Care Hospitals,hospital_info,HF,Heart failure,1.0121,18.6367,18.4134,151,29,False
520033,ASPIRUS RIVERVIEW HOSPITAL & CLINICS INC,WISCONSIN RAPIDS,WI,Acute Care Hospitals,hospital_info,COPD,Chronic obstructive pulmonary disease,1.0553,15.8963,15.0633,,,True
520034,AURORA MEDICAL CTR MANITOWOC COUNTY,TWO RIVERS,WI,Acute Care Hospitals,hospital_info,COPD,Chronic obstructive pulmonary disease,1.0084,19.1655,19.0061,,,True
520035,AURORA MEDICAL CENTER SHEBOYGAN COUNTY,SHEBOYGAN,WI,Acute Care Hospitals,hospital_info,HF,Heart failure,1.0577,20.4991,19.3811,224,50,False
520035,AURORA MEDICAL CENTER SHEBOYGAN COUNTY,SHEBOYGAN,WI,Acute Care Hospitals,hospital_info,PN,Pneumonia,1.0315,15.925,15.4388,188,32,False
520037,MARSHFIELD MEDICAL CENTER,MARSHFIELD,WI,Acute Care Hospitals,hospital_info,CABG,Coronary artery bypass graft surgery,1.0226,10.8889,10.6485,,,True
520037,MARSHFIELD MEDICAL CENTER,MARSHFIELD,WI,Acute Care Hospitals,hospital_info,COPD,Chronic obstructive pulmonary disease,1.0492,16.9372,16.1425,80,17,False
520037,MARSHFIELD MEDICAL CENTER,MARSHFIELD,WI,Acute Care Hospitals,hospital_info,HF,Heart failure,1.0475,19.8828,18.9816,285,60,False
520037,MARSHFIELD MEDICAL CENTER,MARSHFIELD,WI,Acute Care Hospitals,hospital_info,PN,Pneumonia,1.1737,17.8396,15.1997,231,52,False
520038,AURORA MEDICAL CTR WASHINGTON COUNTY,HARTFORD,WI,Acute Care Hospitals,hospital_info,PN,Pneumonia,1.0029,14.2155,14.1747,,,True
520044,ST NICHOLAS HOSPITAL,SHEBOYGAN,WI,Acute Care Hospitals,hospital_info,PN,Pneumonia,1.0072,13.5582,13.4617,,,True
520045,THEDACARE REGIONAL MED CTR - NEENAH,NEENAH,WI,Acute Care Hospitals,hospital_info,AMI,Heart attack,1.0243,11.3696,11.1001,,,True
520049,BELLIN MEMORIAL HOSPITAL,GREEN BAY,WI,Acute Care Hospitals,hospital_info,COPD,Chronic obstructive pulmonary disease,1.015,18.8823,18.6036,63,13,False
520051,ASCENSION COLUMBIA ST MARYS HOSPITAL MILWAUKEE,MILWAUKEE,WI,Acute Care Hospitals,hospital_info,AMI,Heart attack,1.0006,14.4786,14.4694,131,19,False
520051,ASCENSION COLUMBIA ST MARYS HOSPITAL MILWAUKEE,MILWAUKEE,WI,Acute Care Hospitals,hospital_info,CABG,Coronary artery bypass graft surgery,1.0747,11.3989,10.6065,80,11,False
520059,AURORA MEMORIAL HOSPITAL BURLINGTON,BURLINGTON,WI,Acute Care Hospitals,hospital_info,COPD,Chronic obstructive pulmonary disease,1.0004,18.9688,18.9604,,,True
520062,OCONOMOWOC MEMORIAL HOSPITAL,OCONOMOWOC,WI,Acute Care Hospitals,hospital_info,HF,Heart failure,1.0696,20.8428,19.4871,178,42,False
520062,OCONOMOWOC MEMORIAL HOSPITAL,OCONOMOWOC,WI,Acute Care Hospitals,hospital_info,PN,Pneumonia,1.0332,15.7439,15.2386,164,28,False
520063,ST JOSEPHS COMMUNITY HOSPITAL WEST BEND,WEST BEND,WI,Acute Care Hospitals,hospital_info,HIP-KNEE,Hip/knee replacement,1.1162,6.1142,5.4778,,,True
520066,MERCY HEALTH SYSTEM CORP,JANESVILLE,WI,Acute Care Hospitals,hospital_info,AMI,Heart attack,1.0848,13.0497,12.0292,114,19,False
520066,MERCY HEALTH SYSTEM CORP,JANESVILLE,WI,Acute Care Hospitals,hospital_info,CABG,Coronary artery bypass graft surgery,1.0582,11.0558,10.4477,,,True
520066,MERCY HEALTH SYSTEM CORP,JANESVILLE,WI,Acute Care Hospitals,hospital_info,HF,Heart failure,1.0429,20.06,19.2345,224,48,False
520066,MERCY HEALTH SYSTEM CORP,JANESVILLE,WI,Acute Care Hospitals,hospital_info,HIP-KNEE,Hip/knee replacement,1.0265,4.7372,4.6151,,,True
520070,MAYO CLINIC HEALTH SYSTEM EAU CLAIRE HOSPITAL,EAU CLAIRE,WI,Acute Care Hospitals,hospital_info,CABG,Coronary artery bypass graft surgery,1.0263,11.2925,11.0027,118,14,False
520070,MAYO CLINIC HEALTH SYSTEM EAU CLAIRE HOSPITAL,EAU CLAIRE,WI,Acute Care Hospitals,hospital_info,HIP-KNEE,Hip/knee replacement,1.1372,6.7198,5.9093,,,True
520076,MARSHFIELD MEDICAL CENTER - BEAVER DAM (MMC-BD),BEAVER DAM,WI,Acute Care Hospitals,hospital_info,HF,Heart failure,1.0152,15.1526,14.9255,,,True
520078,ASCENSION ST FRANCIS HOSPITAL,MILWAUKEE,WI,Acute Care Hospitals,hospital_info,PN,Pneumonia,1.0373,19.2702,18.5776,44,11,False
520083,SSM HEALTH ST MARY'S HOSPITAL - MADISON,MADISON,WI,Acute Care Hospitals,hospital_info,PN,Pneumonia,1.0033,14.479,14.4314,406,59,False
520088,SSM HEALTH ST AGNES HOSPITAL-FOND DU LAC,FOND DU LAC,WI,Acute Care Hospitals,hospital_info,CABG,Coronary artery bypass graft surgery,1.0541,10.4214,9.8866,,,True
520088,SSM HEALTH ST AGNES HOSPITAL-FOND DU LAC,FOND DU LAC,WI,Acute Care Hospitals,hospital_info,COPD,Chronic obstructive pulmonary disease,1.0263,18.3535,17.884,,,True
520088,SSM HEALTH ST AGNES HOSPITAL-FOND DU LAC,FOND DU LAC,WI,Acute Care Hospitals,hospital_info,PN,Pneumonia,1.0124,15.6203,15.4283,174,28,False
520089,UNITYPOINT HEALTH - MERITER,MADISON,WI,Acute Care Hospitals,hospital_info,HF,Heart failure,1.0138,18.8483,18.5924,589,112,False
520089,UNITYPOINT HEALTH - MERITER,MADISON,WI,Acute Care Hospitals,hospital_info,PN,Pneumonia,1.0463,14.9014,14.2421,470,73,False
520096,ASCENSION ALL SAINTS HOSPITAL,RACINE,WI,Acute Care Hospitals,hospital_info,AMI,Heart attack,1.0889,13.7777,12.6532,78,15,False
520096,ASCENSION ALL SAINTS HOSPITAL,RACINE,WI,Acute Care Hospitals,hospital_info,HIP-KNEE,Hip/knee replacement,1.0843,7.849,7.2385,,,True
520096,ASCENSION ALL SAINTS HOSPITAL,RACINE,WI,Acute Care Hospitals,hospital_info,PN,Pneumonia,1.0406,17.1412,16.473,241,44,False
520098,UNIVERSITY OF WI  HOSPITALS & CLINICS AUTHORITY,MADISON,WI,Acute Care Hospitals,hospital_info,HF,Heart failure,1.0741,20.9649,19.5184,662,144,False
520100,BELOIT HEALTH SYSTEM,BELOIT,WI,Acute Care Hospitals,hospital_info,HF,Heart failure,1.0103,19.7418,19.5403,290,58,False
520100,BELOIT HEALTH SYSTEM,BELOIT,WI,Acute Care Hospitals,hospital_info,PN,Pneumonia,1.0511,16.2631,15.4728,164,30,False
520102,AURORA LAKELAND MEDICAL CENTER,ELKHORN,WI,Acute Care Hospitals,hospital_info,COPD,Chronic obstructive pulmonary disease,1.015,18.5676,18.294,,,True
520103,COMMUNITY MEMORIAL HOSPITAL,MENOMONEE FALLS,WI,Acute Care Hospitals,hospital_info,COPD,Chronic obstructive pulmonary disease,1.0055,18.5499,18.4476,111,21,False
520103,COMMUNITY MEMORIAL HOSPITAL,MENOMONEE FALLS,WI,Acute Care Hospitals,hospital_info,HF,Heart failure,1.1283,20.3477,18.0337,380,86,False
520103,COMMUNITY MEMORIAL HOSPITAL,MENOMONEE FALLS,WI,Acute Care Hospitals,hospital_info,HIP-KNEE,Hip/knee replacement,1.1555,8.2716,7.1586,,,True
520107,HOLY FAMILY MEMORIAL,MANITOWOC,WI,Acute Care Hospitals,hospital_info,PN,Pneumonia,1.0384,15.6384,15.0596,80,15,False
520113,AURORA MEDICAL CENTER BAY AREA,MARINETTE,WI,Acute Care Hospitals,hospital_info,HF,Heart failure,1.1404,23.4619,20.5732,184,53,False
520113,AURORA MEDICAL CENTER BAY AREA,MARINETTE,WI,Acute Care Hospitals,hospital_info,PN,Pneumonia,1.0332,16.9696,16.4244,211,38,False
520116,WATERTOWN MEMORIAL HOSPITAL,WATERTOWN,WI,Acute Care Hospitals,hospital_info,AMI,Heart attack,1.0785,11.6281,10.7812,,,True
520116,WATERTOWN MEMORIAL HOSPITAL,WATERTOWN,WI,Acute Care Hospitals,hospital_info,COPD,Chronic obstructive pulmonary disease,1.0098,15.786,15.6332,,,True
520116,WATERTOWN MEMORIAL HOSPITAL,WATERTOWN,WI,Acute Care Hospitals,hospital_info,HIP-KNEE,Hip/knee replacement,1.1927,5.2557,4.4066,,,True
520136,ASCENSION SE WISCONSIN HOSPITAL,MILWAUKEE,WI,Acute Care Hospitals,hospital_info,AMI,Heart attack,1.0904,15.5501,14.2613,74,16,False
520136,ASCENSION SE WISCONSIN HOSPITAL,MILWAUKEE,WI,Acute Care Hospitals,hospital_info,PN,Pneumonia,1.0001,15.1019,15.1009,192,29,False
520138,AURORA ST LUKES MEDICAL CENTER,MILWAUKEE,WI,Acute Care Hospitals,hospital_info,HIP-KNEE,Hip/knee replacement,1.0204,7.2379,7.0934,,,True
520138,AURORA ST LUKES MEDICAL CENTER,MILWAUKEE,WI,Acute Care Hospitals,hospital_info,PN,Pneumonia,1.1373,19.8637,17.4658,504,109,False
520139,WEST ALLIS MEMORIAL HOSPITAL,WEST ALLIS,WI,Acute Care Hospitals,hospital_info,HF,Heart failure,1.0287,20.6049,20.0308,286,61,False
520139,WEST ALLIS MEMORIAL HOSPITAL,WEST ALLIS,WI,Acute Care Hospitals,hospital_info,HIP-KNEE,Hip/knee replacement,1.15,6.5209,5.6702,,,True
520177,FROEDTERT MEMORIAL LUTHERAN HOSPITAL,MILWAUKEE,WI,Acute Care Hospitals,hospital_info,AMI,Heart attack,1.1482,16.2872,14.185,152,32,False
520177,FROEDTERT MEMORIAL LUTHERAN HOSPITAL,MILWAUKEE,WI,Acute Care Hospitals,hospital_info,CABG,Coronary artery bypass graft surgery,1.1628,12.5667,10.8069,72,13,False
520177,FROEDTERT MEMORIAL LUTHERAN HOSPITAL,MILWAUKEE,WI,Acute Care Hospitals,hospital_info,COPD,Chronic obstructive pulmonary disease,1.0558,21.4759,20.3413,176,42,False
520177,FROEDTERT MEMORIAL LUTHERAN HOSPITAL,MILWAUKEE,WI,Acute Care Hospitals,hospital_info,PN,Pneumonia,1.0454,18.1066,17.3201,436,82,False
520193,AURORA BAYCARE MEDICAL CTR,GREEN BAY,WI,Acute Care Hospitals,hospital_info,CABG,Coronary artery bypass graft surgery,1.0505,10.2602,9.7669,,,True
520193,AURORA BAYCARE MEDICAL CTR,GREEN BAY,WI,Acute Care Hospitals,hospital_info,HIP-KNEE,Hip/knee replacement,1.2233,7.9335,6.4851,,,True
520198,AURORA MEDICAL CTR OSHKOSH,OSHKOSH,WI,Acute Care Hospitals,hospital_info,PN,Pneumonia,1.0008,14.8,14.7883,101,15,False
520202,MARSHFIELD MEDICAL CENTER - WESTON,WESTON,WI,Acute Care Hospitals,hospital_info,HF,Heart failure,1.0283,18.996,18.473,179,36,False
520202,MARSHFIELD MEDICAL CENTER - WESTON,WESTON,WI,Acute Care Hospitals,hospital_info,PN,Pneumonia,1.036,15.015,14.4939,131,22,False
520205,MIDWEST ORTHOPEDIC SPECIALTY HOSPITAL,FRANKLIN,WI,Acute Care Hospitals,hospital_info,HIP-KNEE,Hip/knee replacement,1.2628,5.855,4.6367,245,17,False
520206,AURORA MEDICAL CENTER - SUMMIT,SUMMIT,WI,Acute Care Hospitals,hospital_info,AMI,Heart attack,1.0092,13.7438,13.6191,113,16,False
520206,AURORA MEDICAL CENTER - SUMMIT,SUMMIT,WI,Acute Care Hospitals,hospital_info,COPD,Chronic obstructive pulmonary disease,1.0276,17.5103,17.04,63,13,False
520206,AURORA MEDICAL CENTER - SUMMIT,SUMMIT,WI,Acute Care Hospitals,hospital_info,HF,Heart failure,1.0124,20.0574,19.8113,185,38,False
520207,AURORA MEDICAL CENTER,GRAFTON,WI,Acute Care Hospitals,hospital_info,AMI,Heart attack,1.0121,12.6013,12.4501,138,18,False
520207,AURORA MEDICAL CENTER,GRAFTON,WI,Acute Care Hospitals,hospital_info,CABG,Coronary artery bypass graft surgery,1.0854,10.5048,9.6784,94,12,False
520207,AURORA MEDICAL CENTER,GRAFTON,WI,Acute Care Hospitals,hospital_info,HF,Heart failure,1.0442,20.9736,20.0855,352,77,False
520207,AURORA MEDICAL CENTER,GRAFTON,WI,Acute Care Hospitals,hospital_info,HIP-KNEE,Hip/knee replacement,1.095,6.1841,5.6476,,,True
520208,SSM HEALTH ST MARY'S HOSPITAL - JANESVILLE,JANESVILLE,WI,Acute Care Hospitals,hospital_info,HF,Heart failure,1.0099,18.2081,18.0296,106,20,False
530002,CAMPBELL COUNTY HEALTH,GILLETTE,WY,Acute Care Hospitals,hospital_info,AMI,Heart attack,1.0354,11.765,11.3627,,,True
530006,SHERIDAN MEMORIAL HOSPITAL,SHERIDAN,WY,Acute Care Hospitals,hospital_info,HIP-KNEE,Hip/knee replacement,1.0705,4.5549,4.255,,,True
530012,BANNER WYOMING MEDICAL CENTER,CASPER,WY,Acute Care Hospitals,hospital_info,CABG,Coronary artery bypass graft surgery,1.0074,10.1969,10.1224,,,True
530012,BANNER WYOMING MEDICAL CENTER,CASPER,WY,Acute Care Hospitals,hospital_info,HIP-KNEE,Hip/knee replacement,1.0097,6.5057,6.4431,,,True
530014,CHEYENNE REGIONAL MEDICAL CENTER,CHEYENNE,WY,Acute Care Hospitals,hospital_info,CABG,Coronary artery bypass graft surgery,1.2095,10.7975,8.9275,,,True
530014,CHEYENNE REGIONAL MEDICAL CENTER,CHEYENNE,WY,Acute Care Hospitals,hospital_info,HIP-KNEE,Hip/knee replacement,1.2181,6.0235,4.9449,,,True
530014,CHEYENNE REGIONAL MEDICAL CENTER,CHEYENNE,WY,Acute Care Hospitals,hospital_info,PN,Pneumonia,1.0438,15.2649,14.6244,499,79,False
530015,ST JOHNS MEDICAL CENTER,JACKSON,WY,Acute Care Hospitals,hospital_info,HIP-KNEE,Hip/knee replacement,1.0263,4.6138,4.4956,,,True
530025,IVINSON MEMORIAL HOSPITAL,LARAMIE,WY,Acute Care Hospitals,hospital_info,COPD,Chronic obstructive pulmonary disease,1.0171,14.1991,13.9605,,,True
530034,SUMMIT MEDICAL CENTER,CASPER,WY,Acute Care Hospitals,hospital_info,HIP-KNEE,Hip/knee replacement,1.0085,4.5336,4.4952,,,True
670006,THE HOSPITAL AT WESTLAKE MEDICAL CENTER,AUSTIN,TX,Acute Care Hospitals,hospital_info,HIP-KNEE,Hip/knee replacement,1.1124,5.1056,4.5899,,,True
670023,METHODIST MANSFIELD MEDICAL CENTER,MANSFIELD,TX,Acute Care Hospitals,hospital_info,AMI,Heart attack,1.0082,13.0598,12.9538,127,17,False
670023,METHODIST MANSFIELD MEDICAL CENTER,MANSFIELD,TX,Acute Care Hospitals,hospital_info,CABG,Coronary artery bypass graft surgery,1.0465,10.5075,10.0409,,,True
670023,METHODIST MANSFIELD MEDICAL CENTER,MANSFIELD,TX,Acute Care Hospitals,hospital_info,COPD,Chronic obstructive pulmonary disease,1.0237,22.5664,22.0449,85,21,False
670031,ST LUKE'S PATIENTS MEDICAL CENTER,PASADENA,TX,Acute Care Hospitals,hospital_info,COPD,Chronic obstructive pulmonary disease,1.0053,17.0215,16.9311,,,True
670031,ST LUKE'S PATIENTS MEDICAL CENTER,PASADENA,TX,Acute Care Hospitals,hospital_info,PN,Pneumonia,1.0248,16.4655,16.0662,81,15,False
670034,BAYLOR SCOTT & WHITE MEDICAL CENTER - ROUND ROCK,ROUND ROCK,TX,Acute Care Hospitals,hospital_info,CABG,Coronary artery bypass graft surgery,1.1645,10.8201,9.2914,75,12,False
670034,BAYLOR SCOTT & WHITE MEDICAL CENTER - ROUND ROCK,ROUND ROCK,TX,Acute Care Hospitals,hospital_info,HF,Heart failure,1.0281,19.682,19.144,442,89,False
670034,BAYLOR SCOTT & WHITE MEDICAL CENTER - ROUND ROCK,ROUND ROCK,TX,Acute Care Hospitals,hospital_info,HIP-KNEE,Hip/knee replacement,1.1618,6.3553,5.4701,,,True
670041,ASCENSION SETON WILLIAMSON,ROUND ROCK,TX,Acute Care Hospitals,hospital_info,CABG,Coronary artery bypass graft surgery,1.0034,8.8344,8.8046,,,True
670041,ASCENSION SETON WILLIAMSON,ROUND ROCK,TX,Acute Care Hospitals,hospital_info,HF,Heart failure,1.0137,20.3564,20.0819,226,47,False
670043,ASCENSION SETON CEDAR PARK,CEDAR PARK,TX,Acute Care Hospitals,hospital_info,AMI,Heart attack,1.1124,13.4225,12.0664,94,18,False
670043,ASCENSION SETON CEDAR PARK,CEDAR PARK,TX,Acute Care Hospitals,hospital_info,COPD,Chronic obstructive pulmonary disease,1.0134,16.9237,16.6992,77,14,False
670043,ASCENSION SETON CEDAR PARK,CEDAR PARK,TX,Acute Care Hospitals,hospital_info,HF,Heart failure,1.0617,20.2144,19.0396,122,29,False
670043,ASCENSION SETON CEDAR PARK,CEDAR PARK,TX,Acute Care Hospitals,hospital_info,HIP-KNEE,Hip/knee replacement,1.0164,3.638,3.5794,,,True
670043,ASCENSION SETON CEDAR PARK,CEDAR PARK,TX,Acute Care Hospitals,hospital_info,PN,Pneumonia,1.0925,15.6157,14.293,302,53,False
670044,TEXAS HEALTH PRESBYTERIAN HOSPITAL ROCKWALL,ROCKWALL,TX,Acute Care Hospitals,hospital_info,COPD,Chronic obstructive pulmonary disease,1.0059,17.8487,17.7441,,,True
670044,TEXAS HEALTH PRESBYTERIAN HOSPITAL ROCKWALL,ROCKWALL,TX,Acute Care Hospitals,hospital_info,HF,Heart failure,1.0052,20.0119,19.9088,193,39,False
670047,THE HOSPITALS OF PROVIDENCE - EAST CAMPUS,EL PASO,TX,Acute Care Hospitals,hospital_info,AMI,Heart attack,1.0638,15.8556,14.905,55,12,False
670047,THE HOSPITALS OF PROVIDENCE - EAST CAMPUS,EL PASO,TX,Acute Care Hospitals,hospital_info,PN,Pneumonia,1.1082,17.4152,15.7154,184,39,False
670053,ST LUKE'S SUGAR LAND HOSPITAL,SUGAR LAND,TX,Acute Care Hospitals,hospital_info,HF,Heart failure,1.0035,20.9198,20.8462,80,17,False
670053,ST LUKE'S SUGAR LAND HOSPITAL,SUGAR LAND,TX,Acute Care Hospitals,hospital_info,PN,Pneumonia,1.0169,19.3943,19.0728,97,20,False
670054,FOUNDATION SURGICAL HOSPITAL OF SAN ANTONIO,SAN ANTONIO,TX,Acute Care Hospitals,hospital_info,HIP-KNEE,Hip/knee replacement,1.0579,4.2832,4.0489,,,True
670055,METHODIST HOSPITAL  STONE OAK,SAN ANTONIO,TX,Acute Care Hospitals,hospital_info,CABG,Coronary artery bypass graft surgery,1.0989,9.8326,8.9474,,,True
670055,METHODIST HOSPITAL  STONE OAK,SAN ANTONIO,TX,Acute Care Hospitals,hospital_info,PN,Pneumonia,1.0454,16.0411,15.3443,499,83,False
670056,ASCENSION  SETON HAYS,KYLE,TX,Acute Care Hospitals,hospital_info,AMI,Heart attack,1.0904,14.1076,12.9381,96,18,False
670056,ASCENSION  SETON HAYS,KYLE,TX,Acute Care Hospitals,hospital_info,COPD,Chronic obstructive pulmonary disease,1.0122,18.0725,17.8539,67,13,False
670060,BAYLOR SCOTT AND WHITE MEDICAL CENTER SUNNYVALE,SUNNYVALE,TX,Acute Care Hospitals,hospital_info,HF,Heart failure,1.0075,18.5334,18.3957,132,25,False
670060,BAYLOR SCOTT AND WHITE MEDICAL CENTER SUNNYVALE,SUNNYVALE,TX,Acute Care Hospitals,hospital_info,PN,Pneumonia,1.0806,15.9729,14.7817,143,28,False
670069,METHODIST MCKINNEY HOSPITAL,MCKINNEY,TX,Acute Care Hospitals,hospital_info,HIP-KNEE,Hip/knee replacement,1.2551,4.8726,3.8821,276,16,False
670073,METHODIST HOSPITAL FOR SURGERY,ADDISON,TX,Acute Care Hospitals,hospital_info,HIP-KNEE,Hip/knee replacement,1.0493,4.6925,4.4722,,,True
670075,ST LUKE'S HOSPITAL AT THE VINTAGE,HOUSTON,TX,Acute Care Hospitals,hospital_info,COPD,Chronic obstructive pulmonary disease,1.0081,16.4394,16.3067,,,True
670075,ST LUKE'S HOSPITAL AT THE VINTAGE,HOUSTON,TX,Acute Care Hospitals,hospital_info,HF,Heart failure,1.0132,19.675,19.4184,107,22,False
670076,BAYLOR SCOTT AND WHITE SURGICAL HOSPITAL AT SHERMA,SHERMAN,TX,Acute Care Hospitals,hospital_info,HIP-KNEE,Hip/knee replacement,1.1813,4.7278,4.0022,,,True
670077,HOUSTON METHODIST WEST HOSPITAL,HOUSTON,TX,Acute Care Hospitals,hospital_info,HF,Heart failure,1.0285,21.1527,20.5668,496,107,False
670077,HOUSTON METHODIST WEST HOSPITAL,HOUSTON,TX,Acute Care Hospitals,hospital_info,HIP-KNEE,Hip/knee replacement,1.2448,6.7798,5.4463,,,True
670080,SETON MEDICAL CENTER HARKER HEIGHTS,HARKER HEIGHTS,TX,Acute Care Hospitals,hospital_info,COPD,Chronic obstructive pulmonary disease,1.071,19.2575,17.981,67,18,False
670080,SETON MEDICAL CENTER HARKER HEIGHTS,HARKER HEIGHTS,TX,Acute Care Hospitals,hospital_info,HF,Heart failure,1.0275,19.1372,18.6253,110,23,False
670080,SETON MEDICAL CENTER HARKER HEIGHTS,HARKER HEIGHTS,TX,Acute Care Hospitals,hospital_info,PN,Pneumonia,1.0883,17.9572,16.5006,146,32,False
670082,BAYLOR SCOTT AND WHITE  MEDICAL CENTER  MCKINNEY,MC KINNEY,TX,Acute Care Hospitals,hospital_info,AMI,Heart attack,1.0525,17.3276,16.4629,,,True
670082,BAYLOR SCOTT AND WHITE  MEDICAL CENTER  MCKINNEY,MC KINNEY,TX,Acute Care Hospitals,hospital_info,COPD,Chronic obstructive pulmonary disease,1.0684,21.1715,19.8152,179,43,False
670082,BAYLOR SCOTT AND WHITE  MEDICAL CENTER  MCKINNEY,MC KINNEY,TX,Acute Care Hospitals,hospital_info,HF,Heart failure,1.0101,20.0712,19.8708,380,77,False
670082,BAYLOR SCOTT AND WHITE  MEDICAL CENTER  MCKINNEY,MC KINNEY,TX,Acute Care Hospitals,hospital_info,HIP-KNEE,Hip/knee replacement,1.0854,6.4938,5.9826,,,True
670082,BAYLOR SCOTT AND WHITE  MEDICAL CENTER  MCKINNEY,MC KINNEY,TX,Acute Care Hospitals,hospital_info,PN,Pneumonia,1.0104,14.9555,14.8018,410,62,False
670085,TEXAS HEALTH HARRIS METHODIST HOSPITAL ALLIANCE,FORT WORTH,TX,Acute Care Hospitals,hospital_info,AMI,Heart attack,1.0132,12.4149,12.2527,,,True
670088,BAYLOR SCOTT & WHITE MEDICAL CENTER- COLLEGE STATI,COLLEGE STATION,TX,Acute Care Hospitals,hospital_info,CABG,Coronary artery bypass graft surgery,1.0104,10.5188,10.4106,,,True
670088,BAYLOR SCOTT & WHITE MEDICAL CENTER- COLLEGE STATI,COLLEGE STATION,TX,Acute Care Hospitals,hospital_info,COPD,Chronic obstructive pulmonary disease,1.0733,20.2149,18.8346,122,30,False
670088,BAYLOR SCOTT & WHITE MEDICAL CENTER- COLLEGE STATI,COLLEGE STATION,TX,Acute Care Hospitals,hospital_info,HF,Heart failure,1.03,18.707,18.1624,272,53,False
670088,BAYLOR SCOTT & WHITE MEDICAL CENTER- COLLEGE STATI,COLLEGE STATION,TX,Acute Care Hospitals,hospital_info,HIP-KNEE,Hip/knee replacement,1.1504,7.0144,6.0972,,,True
670098,RESOLUTE HEALTH HOSPITAL,NEW BRAUNFELS,TX,Acute Care Hospitals,hospital_info,AMI,Heart attack,1.0117,11.967,11.828,,,True
670098,RESOLUTE HEALTH HOSPITAL,NEW BRAUNFELS,TX,Acute Care Hospitals,hospital_info,HF,Heart failure,1.069,20.8952,19.5462,192,45,False
670098,RESOLUTE HEALTH HOSPITAL,NEW BRAUNFELS,TX,Acute Care Hospitals,hospital_info,PN,Pneumonia,1.054,15.5011,14.7074,184,32,False
670103,MEDICAL CITY ALLIANCE,FORT WORTH,TX,Acute Care Hospitals,hospital_info,AMI,Heart attack,1.0249,12.8673,12.5548,,,True
670103,MEDICAL CITY ALLIANCE,FORT WORTH,TX,Acute Care Hospitals,hospital_info,COPD,Chronic obstructive pulmonary disease,1.0051,17.0605,16.9735,,,True
670103,MEDICAL CITY ALLIANCE,FORT WORTH,TX,Acute Care Hospitals,hospital_info,HF,Heart failure,1.0003,19.2442,19.2378,109,21,False
670106,HCA HOUSTON HEALTHCARE PEARLAND,PEARLAND,TX,Acute Care Hospitals,hospital_info,HF,Heart failure,1.0298,21.3087,20.6915,93,22,False
670106,HCA HOUSTON HEALTHCARE PEARLAND,PEARLAND,TX,Acute Care Hospitals,hospital_info,PN,Pneumonia,1.0381,19.6355,18.9157,63,15,False
670108,BAYLOR SCOTT & WHITE MEDICAL CENTER - MARBLE FALLS,MARBLE FALLS,TX,Acute Care Hospitals,hospital_info,HIP-KNEE,Hip/knee replacement,1.0812,4.9227,4.5531,,,True
670120,THE HOSPITALS OF PROVIDENCE TRANSMOUNTAIN CAMPUS,EL PASO,TX,Acute Care Hospitals,hospital_info,AMI,Heart attack,1.0286,13.2068,12.8399,,,True
670120,THE HOSPITALS OF PROVIDENCE TRANSMOUNTAIN CAMPUS,EL PASO,TX,Acute Care Hospitals,hospital_info,HF,Heart failure,1.0277,19.1619,18.6446,115,24,False
670120,THE HOSPITALS OF PROVIDENCE TRANSMOUNTAIN CAMPUS,EL PASO,TX,Acute Care Hospitals,hospital_info,PN,Pneumonia,1.1214,17.5053,15.6097,173,38,False
670122,HOUSTON METHODIST THE WOODLANDS HOSPITAL,THE WOODLANDS,TX,Acute Care Hospitals,hospital_info,CABG,Coronary artery bypass graft surgery,1.0583,11.0069,10.4002,123,15,False
670122,HOUSTON METHODIST THE WOODLANDS HOSPITAL,THE WOODLANDS,TX,Acute Care Hospitals,hospital_info,COPD,Chronic obstructive pulmonary disease,1.0193,19.6037,19.2324,115,24,False
670122,HOUSTON METHODIST THE WOODLANDS HOSPITAL,THE WOODLANDS,TX,Acute Care Hospitals,hospital_info,HIP-KNEE,Hip/knee replacement,1.0013,5.8602,5.8526,,,True
670128,BAYLOR SCOTT & WHITE MEDICAL CENTER PFLUGERVILLE,PFLUGERVILLE,TX,Acute Care Hospitals,hospital_info,PN,Pneumonia,1.0306,12.6979,12.3209,,,True
670134,ALTUS LUMBERTON HOSPITAL,LUMBERTON,TX,Acute Care Hospitals,hospital_info,COPD,Chronic obstructive pulmonary disease,1.0048,12.6817,12.6217,,,True
670136,BAYLOR SCOTT & WHITE MEDICAL CENTER- AUSTIN,AUSTIN,TX,Acute Care Hospitals,hospital_info,PN,Pneumonia,1.0056,12.2757,12.2075,,,True
670260,TEXAS HEALTH HOSPITAL FRISCO,FRISCO,TX,Acute Care Hospitals,hospital_info,AMI,Heart attack,1.0237,12.3762,12.0899,,,True
670260,TEXAS HEALTH HOSPITAL FRISCO,FRISCO,TX,Acute Care Hospitals,hospital_info,COPD,Chronic obstructive pulmonary disease,1.0483,18.3891,17.5418,41,11,False
670260,TEXAS HEALTH HOSPITAL FRISCO,FRISCO,TX,Acute Care Hospitals,hospital_info,HF,Heart failure,1.0088,19.9632,19.7893,112,23,False
670309,TEXAS HEALTH HOSPITAL MANSFIELD,MANSFIELD,TX,Acute Care Hospitals,hospital_info,PN,Pneumonia,1.008,14.9268,14.8077,,,True
